date,day_idx,replacement_from,replacement_to,victim_score,incoming_score,score_delta,holding_days_before_replacement,victim_pnl,replacement_type,replacement_stability_score,incoming_final_pnl,incoming_closed
2015-03-20,53,US.FTNT,US.ADI,42.65,92.5,49.85,2,5.95,OBSERVATION_EVICT,,-88.4,True
2015-04-10,67,US.WDAY,US.ISRG,49.55,100.0,50.45,4,0.67,OBSERVATION_EVICT,,-114.62,True
2015-04-10,67,US.VRSK,US.DXCM,51.14,100.0,48.86,5,2.95,OBSERVATION_EVICT,,373.22,True
2015-04-13,68,US.INTU,US.NFLX,61.97,100.0,38.03,19,-29.26,LOW_PARTIAL_EVICT,0.46978180878519504,773.63,True
2015-04-21,74,US.MELI,US.PANW,46.69,98.84,52.15,1,19.52,OBSERVATION_EVICT,,-58.6,True
2015-04-22,75,US.AMZN,US.MU,48.87,100.0,51.13,2,-0.22,OBSERVATION_EVICT,,-108.46,True
2015-04-22,75,US.FANG,US.TSLA,64.26,100.0,35.74,18,124.94,LOW_PARTIAL_EVICT,0.3399080875728008,465.56,True
2015-04-22,75,US.MDLZ,US.TMUS,64.71,100.0,35.29,12,-11.99,LOW_PARTIAL_EVICT,0.29391430935221285,-5.22,True
2015-05-14,91,US.HON,US.ADBE,42.41,100.0,57.59,1,15.91,OBSERVATION_EVICT,,-6.5,True
2015-05-20,95,US.PEP,US.ADI,46.84,100.0,53.16,3,-4.01,OBSERVATION_EVICT,,-132.06,True
2015-05-21,96,US.EA,US.TMUS,47.55,89.58,42.03,11,24.71,OBSERVATION_EVICT,,41.02,True
2015-05-27,99,US.PANW,US.NXPI,45.29,96.78,51.49,1,-13.96,OBSERVATION_EVICT,,-153.83,True
2015-06-17,114,US.TXN,US.AMD,41.85,100.0,58.15,6,1.43,OBSERVATION_EVICT,,-132.87,True
2015-07-01,124,US.AMAT,US.CMCSA,44.89,91.5,46.61,1,3.56,OBSERVATION_EVICT,,-168.75,True
2015-07-07,127,US.QCOM,US.AEP,50.96,100.0,49.04,4,0.39,OBSERVATION_EVICT,,-23.72,True
2015-08-13,154,US.IDXX,US.ORLY,45.43,100.0,54.57,8,26.22,OBSERVATION_EVICT,,-185.46,True
2015-10-05,190,US.COST,US.ADP,43.17,80.05,36.88,8,12.51,OBSERVATION_EVICT,,117.32,True
2015-10-08,193,US.XEL,US.COST,51.09,95.08,43.99,10,23.12,OBSERVATION_EVICT,,86.36,True
2015-10-08,193,US.AEP,US.MDLZ,53.9,88.4,34.5,6,-0.56,OBSERVATION_EVICT,,-18.43,True
2015-10-14,197,US.MSFT,US.ON,69.92,89.9,19.98,8,52.48,LOW_PARTIAL_EVICT,0.20000130879383834,-116.55,True
2015-11-20,224,US.NFLX,US.INTU,51.44,100.0,48.56,3,21.17,OBSERVATION_EVICT,,-67.72,True
2015-11-20,224,US.AMAT,US.GOOG,62.3,100.0,37.7,5,74.2,LOW_PARTIAL_EVICT,0.10767515018755076,2.79,True
2015-11-20,224,US.COST,US.ISRG,66.71,93.06,26.35,2,11.32,LOW_PARTIAL_EVICT,0.052970482093319,132.59,True
2015-12-22,245,US.WDAY,US.AMD,45.36,100.0,54.64,6,0.16,OBSERVATION_EVICT,,-88.91,True
2016-02-19,284,US.HON,US.AMAT,43.89,87.4,43.51,3,16.98,OBSERVATION_EVICT,,1816.4,True
2016-02-22,285,US.CSCO,US.QCOM,45.41,83.4,37.99,5,50.32,OBSERVATION_EVICT,,11.36,True
2016-02-25,288,US.PAYX,US.CPRT,48.37,100.0,51.63,8,55.07,OBSERVATION_EVICT,,150.83,True
2016-03-01,291,US.PCAR,US.WDAY,49.66,100.0,50.34,17,37.19,OBSERVATION_EVICT,,101.14,True
2016-03-03,293,US.EXC,US.VRSK,58.97,86.86,27.89,24,152.74,OBSERVATION_EVICT,,94.33,True
2016-03-04,294,US.KLAC,US.AVGO,61.35,100.0,38.65,5,7.59,LOW_PARTIAL_EVICT,0.1186618643087518,-89.07,True
2016-03-14,300,US.XEL,US.AMD,52.84,100.0,47.16,4,0.69,OBSERVATION_EVICT,,-140.66,True
2016-03-17,303,US.AAPL,US.FAST,60.47,100.0,39.53,2,17.4,LOW_PARTIAL_EVICT,0.045731201514318844,-47.65,True
2016-03-17,303,US.CSCO,US.PAYX,66.95,94.09,27.14,6,34.76,LOW_PARTIAL_EVICT,0.1447624670662172,-21.2,True
2016-03-29,310,US.META,US.ON,47.27,100.0,52.73,1,9.25,OBSERVATION_EVICT,,-123.83,True
2016-04-13,321,US.NFLX,US.MELI,44.5,91.5,47.0,1,6.14,OBSERVATION_EVICT,,384.79,True
2016-04-20,326,US.NVDA,US.ISRG,43.77,100.0,56.23,3,-5.78,OBSERVATION_EVICT,,-65.68,True
2016-04-29,333,US.META,US.IDXX,45.04,100.0,54.96,1,3.63,OBSERVATION_EVICT,,688.61,True
2016-05-11,341,US.CPRT,US.EA,59.76,100.0,40.24,1,-4.76,OBSERVATION_EVICT,,76.03,True
2016-05-20,348,US.NVDA,US.CDNS,62.66,87.12,24.46,2,39.25,LOW_PARTIAL_EVICT,0.03966656224016997,-147.3,True
2016-07-18,387,US.COST,US.GOOGL,52.38,100.0,47.62,25,10.52,OBSERVATION_EVICT,,46.67,True
2016-07-18,387,US.AEP,US.GOOG,61.73,84.11,22.38,14,49.11,LOW_PARTIAL_EVICT,0.3503879590421811,83.02,True
2016-07-20,389,US.ASML,US.MSFT,66.67,100.0,33.33,4,57.24,LOW_PARTIAL_EVICT,0.09211791565508526,44.31,True
2016-09-14,428,US.FAST,US.AAPL,65.94,85.17,19.23,2,-5.74,LOW_PARTIAL_EVICT,0.05082284108107308,9.48,True
2016-10-10,446,US.KLAC,US.CDNS,42.32,100.0,57.68,3,11.63,OBSERVATION_EVICT,,-20.21,True
2016-10-24,456,US.GOOG,US.TMUS,53.13,100.0,46.87,4,9.29,OBSERVATION_EVICT,,484.2,True
2016-11-09,468,US.IDXX,US.GILD,45.92,100.0,54.08,8,3.95,OBSERVATION_EVICT,,-77.47,True
2016-11-09,468,US.KLAC,US.VRTX,48.48,100.0,51.52,10,0.71,OBSERVATION_EVICT,,-135.32,True
2016-11-09,468,US.HON,US.REGN,48.89,100.0,51.11,2,4.34,OBSERVATION_EVICT,,-84.65,True
2016-11-15,472,US.CMCSA,US.KLAC,67.33,99.41,32.08,1,-6.92,LOW_PARTIAL_EVICT,0.025200505100418515,-68.34,True
2016-12-07,487,US.FAST,US.SPY,49.0,100.0,51.0,2,4.96,OBSERVATION_EVICT,,18.6,True
2017-02-01,524,US.IDXX,US.MU,48.65,80.82,32.17,1,1.04,OBSERVATION_EVICT,,-227.33,True
2017-02-15,534,US.COST,US.ADI,68.9,100.0,31.1,1,7.12,LOW_PARTIAL_EVICT,0.029149764910254432,-69.74,True
2017-04-19,577,US.TEAM,US.LRCX,47.23,100.0,52.77,6,6.2,OBSERVATION_EVICT,,349.91,True
2017-05-10,592,US.MNST,US.NVDA,62.43,100.0,37.57,2,-30.84,LOW_PARTIAL_EVICT,0.04841600686117099,1090.59,True
2017-06-16,618,US.DXCM,US.CTAS,45.57,98.19,52.62,3,38.68,OBSERVATION_EVICT,,-193.76,True
2017-06-21,621,US.VRSK,US.GILD,47.01,100.0,52.99,6,16.27,OBSERVATION_EVICT,,448.35,True
2017-06-21,621,US.FTNT,US.VRTX,58.78,100.0,41.22,7,2.62,OBSERVATION_EVICT,,-154.34,True
2017-06-21,621,US.AMGN,US.AMD,60.39,85.22,24.83,8,75.96,LOW_PARTIAL_EVICT,0.2009698768516093,-107.62,True
2017-07-18,639,US.TTWO,US.NFLX,43.75,100.0,56.25,5,14.93,OBSERVATION_EVICT,,-141.25,True
2017-07-19,640,US.ASML,US.LRCX,59.45,100.0,40.55,5,63.52,OBSERVATION_EVICT,,-187.89,True
2017-07-19,640,US.REGN,US.VRTX,64.71,100.0,35.29,20,54.32,LOW_PARTIAL_EVICT,0.4274807419538889,-113.91,True
2017-07-19,640,US.PCAR,US.CDNS,67.53,94.61,27.08,11,67.24,LOW_PARTIAL_EVICT,0.2864704480840232,475.75,True
2017-08-01,649,US.CMCSA,US.NXPI,53.09,100.0,46.91,1,-1.99,OBSERVATION_EVICT,,29.46,True
2017-08-14,658,US.XEL,US.CMCSA,41.54,94.14,52.6,2,-3.34,OBSERVATION_EVICT,,-220.57,True
2017-08-18,662,US.AEP,US.ROST,68.75,100.0,31.25,2,1.87,LOW_PARTIAL_EVICT,0.05892294715230209,195.83,True
2017-08-30,670,US.MU,US.ADI,52.68,100.0,47.32,1,1.63,OBSERVATION_EVICT,,-63.16,True
2017-09-11,677,US.KLAC,US.MELI,57.7,100.0,42.3,2,10.35,OBSERVATION_EVICT,,-137.65,True
2017-09-11,677,US.TTWO,US.AMGN,62.48,100.0,37.52,2,11.22,LOW_PARTIAL_EVICT,0.04362793397623984,-123.94,True
2018-01-02,755,US.FANG,US.ON,52.59,100.0,47.41,5,18.31,OBSERVATION_EVICT,,50.6,True
2018-03-08,800,US.PANW,US.FTNT,48.39,100.0,51.61,3,33.56,OBSERVATION_EVICT,,508.77,True
2018-03-08,800,US.TEAM,US.OKTA,52.84,100.0,47.16,4,35.88,OBSERVATION_EVICT,,-137.7,True
2018-03-09,801,US.WDAY,US.KLAC,56.72,92.21,35.49,4,27.37,OBSERVATION_EVICT,,-89.56,True
2018-03-09,801,US.NFLX,US.IDXX,57.11,89.58,32.47,5,141.28,OBSERVATION_EVICT,,-104.4,True
2018-03-09,801,US.VRTX,US.FAST,60.77,86.44,25.67,4,55.55,LOW_PARTIAL_EVICT,0.07314687044318634,-27.28,True
2018-04-18,828,US.PCAR,US.ISRG,51.14,100.0,48.86,2,15.58,OBSERVATION_EVICT,,-119.99,True
2018-05-04,840,US.BKR,US.AAPL,51.72,100.0,48.28,16,119.19,OBSERVATION_EVICT,,51.67,True
2018-05-04,840,US.INTU,US.IDXX,65.42,100.0,34.58,6,34.73,LOW_PARTIAL_EVICT,0.13433441690186176,-9.28,True
2018-05-07,841,US.XEL,US.NVDA,69.44,100.0,30.56,7,-16.65,LOW_PARTIAL_EVICT,0.19415951028725692,94.79,True
2018-06-12,866,US.MDLZ,US.PAYX,64.67,100.0,35.33,1,5.99,LOW_PARTIAL_EVICT,0.02610617502890329,56.04,True
2018-07-20,893,US.PEP,US.HON,62.9,100.0,37.1,1,1.65,LOW_PARTIAL_EVICT,0.025783386288659896,58.79,True
2018-08-16,912,US.FTNT,US.AAPL,51.63,81.89,30.26,2,1.14,OBSERVATION_EVICT,,-46.53,True
2018-08-23,917,US.PCAR,US.SNPS,61.88,100.0,38.12,4,-19.6,LOW_PARTIAL_EVICT,0.08835123958541552,-166.18,True
2018-11-30,986,US.CTAS,US.WDAY,44.44,100.0,55.56,9,35.33,OBSERVATION_EVICT,,-311.81,True
2018-12-03,987,US.PEP,US.AMD,52.51,93.71,41.2,9,-1.88,OBSERVATION_EVICT,,-305.5,True
2019-01-17,1017,US.NFLX,US.FAST,40.9,100.0,59.1,9,254.23,OBSERVATION_EVICT,,378.91,True
2019-01-18,1018,US.BKR,US.CTAS,51.35,93.01,41.66,9,75.88,OBSERVATION_EVICT,,149.02,True
2019-01-18,1018,US.MRVL,US.SNPS,55.21,87.75,32.54,7,-11.8,OBSERVATION_EVICT,,1184.6,True
2019-01-18,1018,US.DXCM,US.VRSK,58.14,85.33,27.19,7,69.03,OBSERVATION_EVICT,,10.62,True
2019-01-24,1021,US.SBUX,US.ADI,59.28,100.0,40.72,2,-6.67,OBSERVATION_EVICT,,303.34,True
2019-01-24,1021,US.PDD,US.LRCX,60.17,100.0,39.83,11,706.69,LOW_PARTIAL_EVICT,0.09540828647876816,364.94,True
2019-03-26,1063,US.MDLZ,US.VRSK,41.76,100.0,58.24,1,3.36,OBSERVATION_EVICT,,463.22,True
2019-03-28,1065,US.ADP,US.SBUX,50.94,82.37,31.43,1,3.64,OBSERVATION_EVICT,,475.48,True
2019-05-16,1099,US.TTWO,US.LIN,62.44,100.0,37.56,1,-0.64,LOW_PARTIAL_EVICT,0.018664128195507838,-36.61,True
2019-06-05,1112,US.IDXX,US.TTWO,43.34,81.0,37.66,7,0.93,OBSERVATION_EVICT,,244.36,True
2019-06-18,1121,US.MDLZ,US.AMGN,59.98,96.35,36.37,2,-5.08,OBSERVATION_EVICT,,83.29,True
2019-07-01,1130,US.TXN,US.AVGO,55.53,100.0,44.47,2,9.97,OBSERVATION_EVICT,,-243.33,True
2019-07-26,1148,US.TTD,US.GOOGL,55.66,100.0,44.34,1,43.8,OBSERVATION_EVICT,,-158.93,True
2019-09-03,1174,US.PDD,US.AEP,40.17,94.56,54.39,14,330.29,OBSERVATION_EVICT,,-41.37,True
2019-09-04,1175,US.DXCM,US.AMAT,60.31,100.0,39.69,12,95.38,LOW_PARTIAL_EVICT,0.19931890159044885,110.75,True
2019-09-04,1175,US.KLAC,US.LRCX,65.02,100.0,34.98,3,60.97,LOW_PARTIAL_EVICT,0.06492565648120834,177.17,True
2019-10-11,1202,US.ALGN,US.ASML,44.18,100.0,55.82,2,75.25,OBSERVATION_EVICT,,251.29,True
2019-10-11,1202,US.HON,US.FAST,44.83,100.0,55.17,6,6.81,OBSERVATION_EVICT,,-226.37,True
2019-10-15,1204,US.WDAY,US.NVDA,44.89,100.0,55.11,6,23.51,OBSERVATION_EVICT,,223.66,True
2019-11-01,1217,US.KDP,US.FTNT,49.07,100.0,50.93,1,0.61,OBSERVATION_EVICT,,687.74,True
2019-11-27,1235,US.ALGN,US.CDNS,55.47,94.53,39.06,30,271.12,OBSERVATION_EVICT,,-184.23,True
2020-04-29,1339,US.META,US.ALGN,41.8,94.18,52.38,5,69.68,OBSERVATION_EVICT,,-168.58,True
2020-04-29,1339,US.SPY,US.GOOGL,44.87,92.36,47.49,13,107.95,OBSERVATION_EVICT,,321.11,True
2020-06-19,1375,US.DDOG,US.AMGN,44.48,100.0,55.52,33,817.46,OBSERVATION_EVICT,,-121.49,True
2020-07-01,1383,US.AMD,US.AMGN,47.61,100.0,52.39,56,34.92,OBSERVATION_EVICT,,-237.59,True
2020-07-15,1392,US.CDNS,US.BKNG,50.06,94.56,44.5,10,33.56,OBSERVATION_EVICT,,-204.67,True
2021-05-28,1612,US.ORLY,US.NVDA,40.73,89.35,48.62,59,293.27,OBSERVATION_EVICT,,671.99,True
2022-03-17,1814,US.VRTX,US.DXCM,44.14,82.44,38.3,1,6.15,OBSERVATION_EVICT,,-387.76,True
2022-03-18,1815,US.AEP,US.PAYX,44.65,82.45,37.8,53,113.85,OBSERVATION_EVICT,,-123.28,True
2022-03-25,1820,US.NVDA,US.EXC,41.0,93.08,52.08,4,46.38,OBSERVATION_EVICT,,557.96,True
2022-03-29,1822,US.AAPL,US.ADP,44.3,95.31,51.01,4,75.51,OBSERVATION_EVICT,,-391.05,True
2022-03-29,1822,US.VRSK,US.PLTR,45.15,86.54,41.39,9,130.19,OBSERVATION_EVICT,,-340.85,True
2022-03-29,1822,US.BKR,US.PAYX,48.51,85.35,36.84,19,277.63,OBSERVATION_EVICT,,-254.06,True
2022-03-29,1822,US.REGN,US.BKNG,49.01,83.04,34.03,11,81.97,OBSERVATION_EVICT,,-297.68,True
2022-03-29,1822,US.TSLA,US.SPY,51.31,80.46,29.15,6,236.41,OBSERVATION_EVICT,,-146.07,True
2022-04-04,1826,US.VRTX,US.INTU,43.75,87.59,43.84,2,29.61,OBSERVATION_EVICT,,-311.94,True
2022-04-07,1829,US.AEP,US.COST,46.25,100.0,53.75,5,38.96,OBSERVATION_EVICT,,-281.24,True
2022-04-07,1829,US.AMGN,US.ORLY,50.68,100.0,49.32,1,6.38,OBSERVATION_EVICT,,-86.54,True
2022-04-13,1833,US.PEP,US.VRTX,56.7,99.57,42.87,5,2.66,OBSERVATION_EVICT,,-311.71,True
2022-05-27,1864,US.CEG,US.KLAC,40.92,99.69,58.77,1,86.68,OBSERVATION_EVICT,,-280.19,True
2022-05-27,1864,US.AMGN,US.SNPS,41.33,90.47,49.14,2,12.32,OBSERVATION_EVICT,,-303.88,True
2022-05-27,1864,US.GILD,US.LIN,42.92,83.79,40.87,2,-7.57,OBSERVATION_EVICT,,-163.54,True
2022-08-10,1914,US.ROST,US.TTD,45.61,100.0,54.39,17,93.54,OBSERVATION_EVICT,,-219.43,True
2022-08-12,1916,US.VRTX,US.AEP,48.6,81.15,32.55,3,-18.42,OBSERVATION_EVICT,,-27.95,True
2022-08-18,1920,US.AAPL,US.CSCO,49.2,100.0,50.8,1,-3.38,OBSERVATION_EVICT,,-255.23,True
2022-08-25,1925,US.KDP,US.PDD,50.81,100.0,49.19,22,76.26,OBSERVATION_EVICT,,-176.8,True
2022-10-24,1966,US.FANG,US.ORLY,46.54,100.0,53.46,12,101.98,OBSERVATION_EVICT,,424.64,True
2022-10-24,1966,US.DXCM,US.VRTX,49.45,82.63,33.18,12,51.25,OBSERVATION_EVICT,,-343.47,True
2022-10-28,1970,US.TTWO,US.DXCM,52.77,100.0,47.23,6,0.06,OBSERVATION_EVICT,,-268.24,True
2022-10-28,1970,US.HON,US.TMUS,56.92,100.0,43.08,5,124.9,OBSERVATION_EVICT,,-183.93,True
2022-10-28,1970,US.GILD,US.CTAS,67.98,98.65,30.67,5,683.47,LOW_PARTIAL_EVICT,0.12684084019564265,-106.52,True
2022-11-07,1976,US.MDLZ,US.LRCX,48.28,82.44,34.16,3,23.61,OBSERVATION_EVICT,,-219.39,True
2022-11-18,1985,US.CPRT,US.ROST,65.97,100.0,34.03,1,9.81,LOW_PARTIAL_EVICT,0.020511819639634624,21.91,True
2023-01-17,2023,US.META,US.CDNS,47.57,83.39,35.82,8,62.29,OBSERVATION_EVICT,,1469.17,True
2023-01-20,2026,US.GOOG,US.GOOGL,41.5,100.0,58.5,1,52.25,OBSERVATION_EVICT,,-123.4,True
2023-01-23,2027,US.BKNG,US.NVDA,62.74,100.0,37.26,10,335.95,LOW_PARTIAL_EVICT,0.20853413351282682,6226.67,True
2023-01-26,2030,US.ASML,US.TSLA,50.21,100.0,49.79,1,1.63,OBSERVATION_EVICT,,-133.48,True
2023-01-26,2030,US.CPRT,US.PDD,64.18,100.0,35.82,1,41.05,LOW_PARTIAL_EVICT,0.022885109671078516,-319.5,True
2023-03-03,2055,US.LIN,US.OKTA,41.39,93.11,51.72,5,27.33,OBSERVATION_EVICT,,-220.85,True
2023-03-16,2064,US.AMD,US.GOOG,57.82,100.0,42.18,1,54.59,OBSERVATION_EVICT,,727.55,True
2023-03-16,2064,US.META,US.GOOGL,68.23,90.98,22.75,2,148.57,LOW_PARTIAL_EVICT,0.03749667029005117,727.54,True
2023-04-27,2093,US.SBUX,US.META,47.01,100.0,52.99,1,7.54,OBSERVATION_EVICT,,852.81,True
2023-05-03,2097,US.MSFT,US.VRSK,63.77,100.0,36.23,5,76.55,LOW_PARTIAL_EVICT,0.11080323157405057,686.93,True
2023-07-26,2154,US.PEP,US.ADP,50.71,100.0,49.29,4,9.49,OBSERVATION_EVICT,,-218.25,True
2023-07-26,2154,US.CMCSA,US.PAYX,69.14,100.0,30.86,4,-25.9,LOW_PARTIAL_EVICT,0.10998107636210652,-200.79,True
2023-08-03,2160,US.KDP,US.MELI,45.28,100.0,54.72,1,-13.96,OBSERVATION_EVICT,,-153.83,True
2023-08-29,2178,US.SBUX,US.INTU,46.35,100.0,53.65,7,6.79,OBSERVATION_EVICT,,-224.02,True
2023-08-31,2180,US.CEG,US.OKTA,62.12,100.0,37.88,6,-129.22,LOW_PARTIAL_EVICT,0.14457009154985767,-199.98,True
2023-08-31,2180,US.REGN,US.ADBE,62.81,97.86,35.05,14,55.68,LOW_PARTIAL_EVICT,0.3240013393476543,-185.87,True
2023-09-01,2181,US.ROST,US.FANG,69.3,99.84,30.54,10,92.95,LOW_PARTIAL_EVICT,0.2606142472629948,13.98,True
2023-10-09,2206,US.FAST,US.PLTR,45.68,94.21,48.53,1,5.49,OBSERVATION_EVICT,,-237.77,True
2023-10-10,2207,US.PCAR,US.EA,47.12,100.0,52.88,2,-9.3,OBSERVATION_EVICT,,-231.22,True
2023-10-12,2209,US.META,US.AVGO,52.28,100.0,47.72,4,25.0,OBSERVATION_EVICT,,-168.62,True
2023-11-02,2224,US.DXCM,US.AEP,49.77,100.0,50.23,1,-6.09,OBSERVATION_EVICT,,-40.47,True
2023-11-03,2225,US.QCOM,US.GEHC,50.81,100.0,49.19,6,52.01,OBSERVATION_EVICT,,-219.04,True
2023-11-03,2225,US.LIN,US.MNST,52.38,100.0,47.62,30,18.51,OBSERVATION_EVICT,,-34.66,True
2023-12-06,2247,US.AAPL,US.FAST,44.76,100.0,55.24,1,-5.11,OBSERVATION_EVICT,,520.25,True
2023-12-08,2249,US.TMUS,US.ARM,52.6,82.79,30.19,26,90.85,OBSERVATION_EVICT,,-188.4,True
2023-12-18,2255,US.NFLX,US.AMZN,60.35,100.0,39.65,41,754.77,LOW_PARTIAL_EVICT,0.3315435392980918,-241.11,True
2023-12-19,2256,US.MELI,US.APP,64.34,100.0,35.66,33,985.05,LOW_PARTIAL_EVICT,0.3504872445342766,-220.33,True
2023-12-28,2262,US.FTNT,US.ARM,60.28,91.65,31.37,3,4.02,LOW_PARTIAL_EVICT,0.0616429129755858,-499.9,True
2024-01-23,2278,US.VRTX,US.PCAR,47.71,100.0,52.29,12,46.22,OBSERVATION_EVICT,,566.0,True
2024-01-25,2280,US.TEAM,US.CMCSA,69.45,100.0,30.55,26,174.55,LOW_PARTIAL_EVICT,0.3978656644891006,-231.53,True
2024-02-26,2301,US.AEP,US.CPRT,45.73,93.03,47.3,3,-22.5,OBSERVATION_EVICT,,53.04,True
2024-04-29,2345,US.AEP,US.TSLA,43.92,100.0,56.08,2,-3.07,OBSERVATION_EVICT,,-186.21,True
2024-05-24,2364,US.VRTX,US.ROST,40.61,100.0,59.39,1,11.39,OBSERVATION_EVICT,,-61.5,True
2025-04-29,2595,US.TTWO,US.OKTA,40.52,100.0,59.48,2,61.19,OBSERVATION_EVICT,,-652.98,True
