date,day_idx,replacement_type,would_be_victim,would_be_victim_score,would_be_victim_entry_date,would_be_victim_entry_day_idx,would_be_victim_mtm_pnl_at_review,incoming_code,incoming_score,stability_score,final_pnl,foregone_gain_from_review_point,still_held_at_end
2019-01-17,11,OBSERVATION_EVICT,US.NFLX,40.9,2019-01-04,2,417.15,US.FAST,100.0,,506.66,89.51000000000005,False
2019-01-17,11,LOW_PARTIAL_EVICT,US.PDD,60.17,2019-01-08,4,99.9,US.FAST,100.0,0.060714364122852464,-154.19,-254.09,False
2019-04-01,61,FULL_DOWNGRADE_REPLACE,US.AEP,81.79,2019-03-22,55,-66.94,US.SNPS,100.0,0.20338900350046352,-34.04,32.9,False
2019-04-11,69,OBSERVATION_EVICT,US.BKR,51.35,2019-01-07,3,255.54,US.FAST,100.0,,89.9,-165.64,False
2019-05-01,82,OBSERVATION_EVICT,US.MRVL,55.21,2019-01-09,5,398.45,US.MDLZ,100.0,,260.2,-138.25,False
2019-05-16,93,OBSERVATION_EVICT,US.SBUX,59.28,2019-01-22,13,169.81,US.LIN,100.0,,296.62,126.81,False
2019-06-07,108,LOW_PARTIAL_EVICT,US.CTAS,62.06,2019-05-21,96,77.08,US.MNST,100.0,0.2924071205868046,435.28,358.2,False
2019-06-10,109,FULL_DOWNGRADE_REPLACE,US.TTWO,81.0,2019-06-05,106,6.67,US.DXCM,100.0,0.08131972892657398,322.11,315.44,False
2019-07-10,130,OBSERVATION_EVICT,US.AMZN,47.66,2019-07-08,128,19.53,US.META,87.29,,5.86,-13.670000000000002,False
2019-07-15,133,FULL_DOWNGRADE_REPLACE,US.COST,85.75,2019-07-12,132,10.35,US.TSLA,100.0,0.036361553201392983,-132.57,-142.92,False
2019-09-03,168,OBSERVATION_EVICT,US.PDD,40.17,2019-08-13,154,359.86,US.AEP,94.56,,288.37,-71.49000000000001,False
2019-09-03,168,LOW_PARTIAL_EVICT,US.DXCM,60.31,2019-08-16,157,152.29,US.AEP,94.56,0.18270899312457817,-327.58,-479.87,False
2019-10-11,196,LOW_PARTIAL_EVICT,US.KLAC,65.02,2019-08-29,166,201.88,US.FAST,100.0,0.43283770987472225,407.64,205.76,False
2019-11-22,226,OBSERVATION_EVICT,US.ALGN,44.18,2019-10-09,194,340.76,US.REGN,86.9,,285.76,-55.0,False
2019-11-22,226,LOW_PARTIAL_EVICT,US.AMGN,68.59,2019-10-31,210,263.25,US.REGN,86.9,0.42709431073914084,173.79,-89.46000000000001,False
2019-12-12,239,LOW_PARTIAL_EVICT,US.MDLZ,67.55,2019-12-05,234,-46.97,US.MU,100.0,0.14091870044919808,-35.22,11.75,False
2019-12-16,241,FULL_DOWNGRADE_REPLACE,US.MNST,86.27,2019-12-10,237,46.55,US.TSLA,100.0,0.1350052781947934,102.9,56.35000000000001,False
2020-04-14,322,OBSERVATION_EVICT,US.SPY,44.87,2020-04-09,320,30.75,US.CDNS,94.95,,31.72,0.9699999999999989,False
2020-04-17,325,FULL_DOWNGRADE_REPLACE,US.NFLX,80.6,2020-04-13,321,291.26,US.REGN,100.0,0.06298936533401268,1036.4,745.1400000000001,False
2020-04-28,332,OBSERVATION_EVICT,US.META,41.8,2020-04-22,328,2.5,US.CPRT,90.2,,276.94,274.44,False
2020-04-28,332,LOW_PARTIAL_EVICT,US.TTD,60.54,2020-04-23,329,10.72,US.CPRT,90.2,0.00023558658646389264,1400.45,1389.73,False
2020-05-05,337,LOW_PARTIAL_EVICT,US.AAPL,60.33,2020-04-30,334,33.58,US.TEAM,80.99,0.05123274150658888,1497.86,1464.28,False
2020-10-08,446,OBSERVATION_EVICT,US.AEP,40.66,2020-09-30,440,138.06,US.ON,100.0,,23.7,-114.36,False
2020-10-08,446,FULL_DOWNGRADE_REPLACE,US.REGN,80.52,2020-10-05,443,-36.1,US.ON,100.0,0.06680213815907124,-214.03,-177.93,False
2020-11-04,465,OBSERVATION_EVICT,US.PDD,40.18,2020-11-03,464,112.86,US.GOOGL,100.0,,357.68,244.82,False
2020-11-18,475,FULL_DOWNGRADE_REPLACE,US.ADP,83.29,2020-10-28,460,526.57,US.TSLA,100.0,0.42778936110179056,240.87,-285.70000000000005,False
2021-01-19,515,FULL_DOWNGRADE_REPLACE,US.ASML,83.68,2021-01-04,505,429.62,US.MRVL,100.0,0.3151096177495441,86.77,-342.85,False
2021-03-10,550,OBSERVATION_EVICT,US.ORLY,40.73,2021-03-05,547,21.47,US.FTNT,85.72,,390.93,369.46000000000004,False
2021-03-10,550,LOW_PARTIAL_EVICT,US.KDP,63.88,2021-03-09,549,51.04,US.FTNT,85.72,0.02272457888390879,420.52,369.47999999999996,False
2021-03-22,558,LOW_PARTIAL_EVICT,US.META,61.03,2021-03-19,557,40.8,US.PEP,100.0,0.018236244114392133,423.53,382.72999999999996,False
2021-06-10,614,LOW_PARTIAL_EVICT,US.META,60.48,2021-06-07,611,-53.09,US.ADBE,100.0,0.06755434383020596,-59.57,-6.479999999999997,False
2021-07-02,630,FULL_DOWNGRADE_REPLACE,US.FANG,80.75,2021-07-01,629,-72.66,US.AAPL,100.0,0.01928610005215765,-402.02,-329.36,False
2021-07-13,636,LOW_PARTIAL_EVICT,US.AVGO,63.0,2021-07-12,635,-10.61,US.PEP,100.0,0.02262848136419744,-54.21,-43.6,False
2021-07-22,643,FULL_DOWNGRADE_REPLACE,US.PANW,82.55,2021-07-20,641,-31.56,US.ADBE,100.0,0.060518491106725004,-292.4,-260.84,False
2021-08-12,658,LOW_PARTIAL_EVICT,US.PAYX,69.1,2021-08-11,657,-6.27,US.PLTR,100.0,0.028966218233634124,-164.85,-158.57999999999998,False
2021-10-13,701,OBSERVATION_EVICT,US.COST,45.21,2021-07-20,641,56.64,US.DDOG,95.57,,165.84,109.2,False
2021-12-22,750,LOW_PARTIAL_EVICT,US.MU,66.23,2021-12-21,749,-10.96,US.PAYX,100.0,0.018034973972245967,-180.63,-169.67,False
2022-01-14,766,OBSERVATION_EVICT,US.HON,48.96,2022-01-12,764,-3.37,US.KDP,100.0,,-74.94,-71.57,False
2022-01-14,766,LOW_PARTIAL_EVICT,US.BKR,65.59,2022-01-11,763,100.95,US.KDP,100.0,0.06350652810126892,-277.32,-378.27,False
2022-03-17,808,OBSERVATION_EVICT,US.VRSK,45.15,2022-03-16,807,33.89,US.DXCM,82.44,,-48.34,-82.23,False
2022-03-25,814,OBSERVATION_EVICT,US.NVDA,41.0,2022-03-21,810,42.03,US.EXC,93.08,,-103.15,-145.18,False
2022-03-25,814,LOW_PARTIAL_EVICT,US.CTAS,66.79,2022-03-16,807,220.94,US.EXC,93.08,0.1647815768097562,-43.09,-264.03,False
2022-04-04,820,LOW_PARTIAL_EVICT,US.EXC,63.57,2022-03-31,818,-25.88,US.INTU,87.59,0.049592676220495756,148.17,174.04999999999998,False
2022-04-07,823,FULL_DOWNGRADE_REPLACE,US.XEL,80.87,2022-04-06,822,-29.61,US.ORLY,100.0,0.031455406346608566,-59.52,-29.910000000000004,False
2022-05-27,858,OBSERVATION_EVICT,US.AMGN,41.33,2022-05-25,856,9.93,US.CEG,100.0,,-21.97,-31.9,False
2022-07-19,892,OBSERVATION_EVICT,US.ROST,45.61,2022-07-18,891,21.6,US.CPRT,95.0,,310.54,288.94,False
2022-07-19,892,LOW_PARTIAL_EVICT,US.MU,60.56,2022-07-15,890,45.23,US.CPRT,95.0,0.028679780540993034,-162.99,-208.22,False
2022-08-10,908,LOW_PARTIAL_EVICT,US.ORLY,61.11,2022-07-06,883,351.79,US.TTD,100.0,0.40986704623203735,296.42,-55.370000000000005,False
2022-10-24,960,LOW_PARTIAL_EVICT,US.GILD,67.98,2022-10-21,959,56.54,US.ORLY,100.0,0.025368168039128534,892.86,836.32,False
2023-01-26,1024,LOW_PARTIAL_EVICT,US.CPRT,64.18,2023-01-25,1023,41.82,US.TSLA,100.0,0.022885109671078516,1230.11,1188.29,False
2023-03-16,1058,OBSERVATION_EVICT,US.CDNS,41.16,2023-03-14,1056,12.9,US.GOOG,100.0,,92.0,79.1,False
2023-04-27,1087,LOW_PARTIAL_EVICT,US.MSFT,63.77,2023-04-26,1086,73.77,US.MDLZ,100.0,0.022160646314810115,159.79,86.02,False
2023-05-09,1095,FULL_DOWNGRADE_REPLACE,US.ABNB,82.3,2023-05-08,1094,35.5,US.PLTR,100.0,0.02443009942016239,-314.33,-349.83,False
2023-07-11,1137,FULL_DOWNGRADE_REPLACE,US.FTNT,86.62,2023-07-10,1136,18.4,US.EA,100.0,0.02947855854105523,16.07,-2.3299999999999983,False
2023-08-03,1154,OBSERVATION_EVICT,US.KDP,45.28,2023-08-02,1153,-11.17,US.REGN,100.0,,-42.43,-31.259999999999998,False
2023-08-29,1172,LOW_PARTIAL_EVICT,US.REGN,62.81,2023-08-11,1160,69.15,US.INTU,100.0,0.2777154337265608,73.28,4.1299999999999955,False
2023-09-20,1187,LOW_PARTIAL_EVICT,US.VRTX,62.17,2023-09-19,1186,-47.6,US.XEL,98.76,0.025167971687428795,-72.64,-25.04,False
2023-10-09,1200,OBSERVATION_EVICT,US.FAST,45.68,2023-10-06,1199,5.4,US.PLTR,94.21,,230.94,225.54,False
2023-11-02,1218,LOW_PARTIAL_EVICT,US.NFLX,60.35,2023-10-19,1208,167.46,US.SBUX,100.0,0.1657717696490459,1112.18,944.72,False
2025-04-29,1589,OBSERVATION_EVICT,US.TTWO,40.52,2025-04-25,1587,58.63,US.OKTA,100.0,,-126.31,-184.94,False
2025-04-29,1589,LOW_PARTIAL_EVICT,US.CRWD,63.43,2025-04-25,1587,137.48,US.OKTA,100.0,0.02196741330508847,-6.86,-144.34,False
2025-05-02,1592,OBSERVATION_EVICT,US.FTNT,42.94,2025-04-25,1587,118.26,US.EA,97.17,,-140.04,-258.3,False
2025-05-07,1595,OBSERVATION_EVICT,US.OKTA,41.34,2025-05-06,1594,19.2,US.VRSK,100.0,,-239.0,-258.2,False
2025-09-15,1684,OBSERVATION_EVICT,US.CEG,47.24,2025-04-25,1587,1398.37,US.GOOG,100.0,,1104.91,-293.4599999999998,False
2025-09-15,1684,LOW_PARTIAL_EVICT,US.GOOGL,64.78,2025-09-05,1678,251.81,US.GOOG,100.0,0.13670307928904105,959.26,707.45,False
2025-09-15,1684,FULL_DOWNGRADE_REPLACE,US.TSLA,87.92,2025-09-11,1682,535.99,US.GOOG,100.0,0.050183264975995456,281.53,-254.46000000000004,False
2025-12-10,1745,LOW_PARTIAL_EVICT,US.KDP,61.8,2025-12-08,1743,66.74,US.ROST,92.16,0.046518523793454204,-186.54,-253.27999999999997,False
