date,day_idx,incoming_code,victim_code,replacement_type,old_score,new_score,score_difference,margin,margin_satisfied,decision
2015-03-20,53,US.ADI,US.FTNT,OBSERVATION_EVICT,42.65,92.5,49.85,10.0,True,REPLACE
2015-04-10,67,US.ISRG,US.WDAY,OBSERVATION_EVICT,49.55,100.0,50.45,10.0,True,REPLACE
2015-04-10,67,US.DXCM,US.VRSK,OBSERVATION_EVICT,51.14,100.0,48.86,10.0,True,REPLACE
2015-04-16,71,US.NFLX,US.GILD,OBSERVATION_EVICT,40.18,100.0,59.82,10.0,True,REPLACE
2015-04-21,74,US.PCAR,US.MELI,OBSERVATION_EVICT,46.69,100.0,53.31,10.0,True,REPLACE
2015-04-21,74,US.PANW,US.AMZN,OBSERVATION_EVICT,48.87,98.84,49.97,10.0,True,REPLACE
2015-04-24,77,US.MSFT,US.PANW,WEAK_FULL_EVICT,98.84,100.0,1.16,10.0,False,KEEP
2015-04-27,78,US.AAPL,US.PANW,WEAK_FULL_EVICT,98.84,96.25,-2.59,10.0,False,KEEP
2015-05-14,91,US.ADBE,US.CTAS,OBSERVATION_EVICT,43.26,100.0,56.74,10.0,True,REPLACE
2015-05-14,91,US.HON,US.EA,OBSERVATION_EVICT,47.55,85.36,37.81,10.0,True,REPLACE
2015-05-20,95,US.ADI,US.CTAS,OBSERVATION_EVICT,48.79,100.0,51.21,10.0,True,REPLACE
2015-05-21,96,US.TMUS,US.HON,WEAK_FULL_EVICT,85.36,89.58,4.22,10.0,False,KEEP
2015-05-27,99,US.AVGO,US.PANW,OBSERVATION_EVICT,45.29,100.0,54.71,10.0,True,REPLACE
2015-07-07,127,US.AEP,US.AMAT,OBSERVATION_EVICT,44.89,100.0,55.11,10.0,True,REPLACE
2015-07-07,127,US.XEL,US.QCOM,OBSERVATION_EVICT,50.96,100.0,49.04,10.0,True,REPLACE
2015-07-13,131,US.AMZN,US.CMCSA,WEAK_FULL_EVICT,91.5,100.0,8.5,10.0,False,KEEP
2015-07-14,132,US.AMZN,US.CMCSA,WEAK_FULL_EVICT,91.5,91.4,-0.1,10.0,False,KEEP
2015-07-16,134,US.INTU,US.CMCSA,WEAK_FULL_EVICT,91.5,93.89,2.39,10.0,False,KEEP
2015-07-17,135,US.META,US.CMCSA,WEAK_FULL_EVICT,91.5,100.0,8.5,10.0,False,KEEP
2015-07-20,136,US.AAPL,US.CMCSA,WEAK_FULL_EVICT,91.5,100.0,8.5,10.0,False,KEEP
2015-07-22,138,US.MNST,US.CMCSA,WEAK_FULL_EVICT,91.5,100.0,8.5,10.0,False,KEEP
2015-07-23,139,US.PANW,US.CMCSA,WEAK_FULL_EVICT,91.5,81.67,-9.83,10.0,False,KEEP
2015-07-24,140,US.AMZN,US.CMCSA,WEAK_FULL_EVICT,91.5,100.0,8.5,10.0,False,KEEP
2015-07-28,142,US.AMGN,US.CMCSA,WEAK_FULL_EVICT,91.5,100.0,8.5,10.0,False,KEEP
2015-07-29,143,US.VRSK,US.CMCSA,WEAK_FULL_EVICT,91.5,100.0,8.5,10.0,False,KEEP
2015-07-31,145,US.TMUS,US.CMCSA,WEAK_FULL_EVICT,91.5,91.18,-0.32,10.0,False,KEEP
2015-08-04,147,US.BKNG,US.CMCSA,WEAK_FULL_EVICT,91.5,82.31,-9.19,10.0,False,KEEP
2015-08-05,148,US.BKNG,US.CMCSA,WEAK_FULL_EVICT,91.5,100.0,8.5,10.0,False,KEEP
2015-08-10,151,US.TXN,US.XEL,OBSERVATION_EVICT,45.27,88.92,43.65,10.0,True,REPLACE
2015-10-08,193,US.MDLZ,US.COST,OBSERVATION_EVICT,43.17,88.4,45.23,10.0,True,REPLACE
2015-10-09,194,US.COST,US.XEL,OBSERVATION_EVICT,51.09,91.12,40.03,10.0,True,REPLACE
2015-10-14,197,US.ON,US.AEP,OBSERVATION_EVICT,53.9,89.9,36.0,10.0,True,REPLACE
2015-10-16,199,US.ADBE,US.ADP,WEAK_FULL_EVICT,80.05,84.16,4.11,10.0,False,KEEP
2015-10-19,200,US.BKNG,US.ADP,WEAK_FULL_EVICT,80.05,83.65,3.6,10.0,False,KEEP
2015-10-21,202,US.KLAC,US.ADP,WEAK_FULL_EVICT,80.05,100.0,19.95,10.0,True,REPLACE
2015-10-22,203,US.TXN,US.TTWO,WEAK_FULL_EVICT,82.97,100.0,17.03,10.0,True,REPLACE
2015-10-22,203,US.INTU,US.PEP,WEAK_FULL_EVICT,87.75,92.37,4.62,10.0,False,KEEP
2015-10-23,204,US.AMZN,US.PEP,WEAK_FULL_EVICT,87.75,100.0,12.25,10.0,True,REPLACE
2015-10-23,204,US.META,US.NVDA,WEAK_FULL_EVICT,89.77,100.0,10.23,10.0,True,REPLACE
2015-10-23,204,US.GOOG,US.ON,WEAK_FULL_EVICT,89.9,100.0,10.1,10.0,True,REPLACE
2015-10-23,204,US.ALGN,US.COST,WEAK_FULL_EVICT,91.12,100.0,8.88,10.0,False,KEEP
2015-10-26,205,US.BKNG,US.COST,WEAK_FULL_EVICT,91.12,80.88,-10.24,10.0,False,KEEP
2015-10-27,206,US.REGN,US.COST,WEAK_FULL_EVICT,91.12,86.94,-4.18,10.0,False,KEEP
2015-10-29,208,US.ORLY,US.COST,WEAK_FULL_EVICT,91.12,100.0,8.88,10.0,False,KEEP
2015-11-02,210,US.FAST,US.BKNG,WEAK_FULL_EVICT,85.81,99.5,13.69,10.0,True,REPLACE
2015-11-03,211,US.AMD,US.COST,WEAK_FULL_EVICT,91.12,88.95,-2.17,10.0,False,KEEP
2015-11-05,213,US.MELI,US.COST,WEAK_FULL_EVICT,91.12,100.0,8.88,10.0,False,KEEP
2015-11-06,214,US.MNST,US.FAST,WEAK_FULL_EVICT,99.5,100.0,0.5,10.0,False,KEEP
2015-11-20,224,US.INTU,US.NFLX,OBSERVATION_EVICT,51.44,100.0,48.56,10.0,True,REPLACE
2015-11-20,224,US.ISRG,US.VRTX,WEAK_FULL_EVICT,89.58,93.06,3.48,10.0,False,KEEP
2015-11-23,225,US.MELI,US.VRTX,WEAK_FULL_EVICT,89.58,81.67,-7.91,10.0,False,KEEP
2015-11-24,226,US.CPRT,US.VRTX,WEAK_FULL_EVICT,89.58,100.0,10.42,10.0,True,REPLACE
2016-02-19,284,US.AMAT,US.HON,OBSERVATION_EVICT,43.89,87.4,43.51,10.0,True,REPLACE
2016-02-22,285,US.QCOM,US.CSCO,OBSERVATION_EVICT,45.41,83.4,37.99,10.0,True,REPLACE
2016-02-25,288,US.CPRT,US.PAYX,OBSERVATION_EVICT,48.37,100.0,51.63,10.0,True,REPLACE
2016-03-01,291,US.WDAY,US.PCAR,OBSERVATION_EVICT,49.66,100.0,50.34,10.0,True,REPLACE
2016-03-01,291,US.FAST,US.ISRG,OBSERVATION_EVICT,53.3,85.67,32.37,10.0,True,REPLACE
2016-03-03,293,US.VRSK,US.EXC,OBSERVATION_EVICT,58.97,86.86,27.89,10.0,True,REPLACE
2016-03-04,294,US.AVGO,US.QCOM,WEAK_FULL_EVICT,83.4,100.0,16.6,10.0,True,REPLACE
2016-03-14,300,US.AMD,US.FAST,WEAK_FULL_EVICT,85.67,100.0,14.33,10.0,True,REPLACE
2016-03-14,300,US.ISRG,US.VRSK,WEAK_FULL_EVICT,86.86,82.2,-4.66,10.0,False,KEEP
2016-03-17,303,US.FAST,US.VRSK,WEAK_FULL_EVICT,86.86,100.0,13.14,10.0,True,REPLACE
2016-03-17,303,US.PAYX,US.AMAT,WEAK_FULL_EVICT,87.4,94.09,6.69,10.0,False,KEEP
2016-03-18,304,US.ADBE,US.AMAT,WEAK_FULL_EVICT,87.4,100.0,12.6,10.0,True,REPLACE
2016-03-18,304,US.ADI,US.AEP,WEAK_FULL_EVICT,91.18,87.35,-3.83,10.0,False,KEEP
2016-03-29,310,US.ON,US.META,OBSERVATION_EVICT,47.27,100.0,52.73,10.0,True,REPLACE
2016-03-29,310,US.LRCX,US.AEP,WEAK_FULL_EVICT,91.18,92.13,0.95,10.0,False,KEEP
2016-03-30,311,US.TXN,US.AEP,WEAK_FULL_EVICT,91.18,93.85,2.67,10.0,False,KEEP
2016-04-01,313,US.SNPS,US.AEP,WEAK_FULL_EVICT,91.18,81.76,-9.42,10.0,False,KEEP
2016-04-04,314,US.ISRG,US.AEP,WEAK_FULL_EVICT,91.18,100.0,8.82,10.0,False,KEEP
2016-04-05,315,US.MRVL,US.AEP,WEAK_FULL_EVICT,91.18,100.0,8.82,10.0,False,KEEP
2016-04-06,316,US.REGN,US.AEP,WEAK_FULL_EVICT,91.18,92.03,0.85,10.0,False,KEEP
2016-04-08,318,US.PEP,US.AEP,WEAK_FULL_EVICT,91.18,91.87,0.69,10.0,False,KEEP
2016-04-13,321,US.MELI,US.NFLX,OBSERVATION_EVICT,44.5,91.5,47.0,10.0,True,REPLACE
2016-04-13,321,US.AMZN,US.AEP,WEAK_FULL_EVICT,91.18,86.9,-4.28,10.0,False,KEEP
2016-04-20,326,US.ISRG,US.AEP,WEAK_FULL_EVICT,91.18,100.0,8.82,10.0,False,KEEP
2016-04-22,328,US.AMD,US.GILD,OBSERVATION_EVICT,59.9,100.0,40.1,10.0,True,REPLACE
2016-04-26,330,US.PCAR,US.AEP,WEAK_FULL_EVICT,91.18,100.0,8.82,10.0,False,KEEP
2016-04-27,331,US.PCAR,US.AEP,WEAK_FULL_EVICT,91.18,91.72,0.54,10.0,False,KEEP
2016-04-29,333,US.IDXX,US.META,OBSERVATION_EVICT,45.04,100.0,54.96,10.0,True,REPLACE
2016-04-29,333,US.MNST,US.MELI,WEAK_FULL_EVICT,91.5,100.0,8.5,10.0,False,KEEP
2016-05-11,341,US.EA,US.MELI,WEAK_FULL_EVICT,91.5,100.0,8.5,10.0,False,KEEP
2016-05-13,343,US.NVDA,US.MELI,WEAK_FULL_EVICT,91.5,100.0,8.5,10.0,False,KEEP
2016-05-24,350,US.ADBE,US.CDNS,WEAK_FULL_EVICT,87.12,100.0,12.88,10.0,True,REPLACE
2016-05-24,350,US.INTU,US.MELI,WEAK_FULL_EVICT,91.5,100.0,8.5,10.0,False,KEEP
2016-05-25,351,US.AAPL,US.MELI,WEAK_FULL_EVICT,91.5,84.51,-6.99,10.0,False,KEEP
2016-05-26,352,US.CPRT,US.MELI,WEAK_FULL_EVICT,91.5,100.0,8.5,10.0,False,KEEP
2016-05-27,353,US.LRCX,US.MELI,WEAK_FULL_EVICT,91.5,100.0,8.5,10.0,False,KEEP
2016-05-31,354,US.VRTX,US.MELI,WEAK_FULL_EVICT,91.5,89.22,-2.28,10.0,False,KEEP
2016-06-02,356,US.DXCM,US.MELI,WEAK_FULL_EVICT,91.5,88.54,-2.96,10.0,False,KEEP
2016-06-03,357,US.AVGO,US.MELI,WEAK_FULL_EVICT,91.5,100.0,8.5,10.0,False,KEEP
2016-06-06,358,US.WDAY,US.MELI,WEAK_FULL_EVICT,91.5,82.19,-9.31,10.0,False,KEEP
2016-06-08,360,US.DXCM,US.MELI,WEAK_FULL_EVICT,91.5,100.0,8.5,10.0,False,KEEP
2016-06-09,361,US.AEP,US.MELI,WEAK_FULL_EVICT,91.5,86.94,-4.56,10.0,False,KEEP
2016-06-17,367,US.AMD,US.XEL,OBSERVATION_EVICT,51.29,100.0,48.71,10.0,True,REPLACE
2016-06-20,368,US.DXCM,US.COST,OBSERVATION_EVICT,52.38,92.18,39.8,10.0,True,REPLACE
2016-06-20,368,US.ADP,US.MELI,WEAK_FULL_EVICT,91.5,86.17,-5.33,10.0,False,KEEP
2016-06-23,371,US.MU,US.MELI,WEAK_FULL_EVICT,91.5,100.0,8.5,10.0,False,KEEP
2016-06-30,376,US.INTU,US.XEL,OBSERVATION_EVICT,54.05,100.0,45.95,10.0,True,REPLACE
2016-06-30,376,US.ADP,US.ORLY,OBSERVATION_EVICT,56.75,100.0,43.25,10.0,True,REPLACE
2016-06-30,376,US.PAYX,US.MELI,WEAK_FULL_EVICT,91.5,100.0,8.5,10.0,False,KEEP
2016-07-07,380,US.COST,US.MELI,WEAK_FULL_EVICT,91.5,100.0,8.5,10.0,False,KEEP
2016-07-08,381,US.ROST,US.MELI,WEAK_FULL_EVICT,91.5,92.76,1.26,10.0,False,KEEP
2016-07-18,387,US.GOOGL,US.MELI,WEAK_FULL_EVICT,91.5,100.0,8.5,10.0,False,KEEP
2016-07-19,388,US.DXCM,US.MELI,WEAK_FULL_EVICT,91.5,80.98,-10.52,10.0,False,KEEP
2016-07-20,389,US.MSFT,US.MELI,WEAK_FULL_EVICT,91.5,100.0,8.5,10.0,False,KEEP
2016-07-21,390,US.QCOM,US.MELI,WEAK_FULL_EVICT,91.5,100.0,8.5,10.0,False,KEEP
2016-07-22,391,US.EXC,US.MELI,WEAK_FULL_EVICT,91.5,99.65,8.15,10.0,False,KEEP
2016-07-25,392,US.AMD,US.MELI,WEAK_FULL_EVICT,91.5,100.0,8.5,10.0,False,KEEP
2016-07-26,393,US.ADI,US.MELI,WEAK_FULL_EVICT,91.5,100.0,8.5,10.0,False,KEEP
2016-07-27,394,US.AAPL,US.MELI,WEAK_FULL_EVICT,91.5,100.0,8.5,10.0,False,KEEP
2016-07-28,395,US.ORLY,US.MELI,WEAK_FULL_EVICT,91.5,81.88,-9.62,10.0,False,KEEP
2016-07-29,396,US.GOOG,US.MELI,WEAK_FULL_EVICT,91.5,100.0,8.5,10.0,False,KEEP
2016-08-01,397,US.AAPL,US.MELI,WEAK_FULL_EVICT,91.5,89.73,-1.77,10.0,False,KEEP
2016-08-03,399,US.ALGN,US.MELI,WEAK_FULL_EVICT,91.5,87.47,-4.03,10.0,False,KEEP
2016-08-05,401,US.BKNG,US.MELI,WEAK_FULL_EVICT,91.5,100.0,8.5,10.0,False,KEEP
2016-08-10,404,US.ADBE,US.MELI,WEAK_FULL_EVICT,91.5,98.91,7.41,10.0,False,KEEP
2016-08-15,407,US.MU,US.ROST,WEAK_FULL_EVICT,82.04,100.0,17.96,10.0,True,REPLACE
2016-08-15,407,US.AVGO,US.MELI,WEAK_FULL_EVICT,91.5,85.87,-5.63,10.0,False,KEEP
2016-08-18,410,US.CPRT,US.MELI,WEAK_FULL_EVICT,91.5,85.0,-6.5,10.0,False,KEEP
2016-08-19,411,US.AMD,US.MELI,WEAK_FULL_EVICT,91.5,100.0,8.5,10.0,False,KEEP
2016-08-23,413,US.PANW,US.MELI,WEAK_FULL_EVICT,91.5,84.86,-6.64,10.0,False,KEEP
2016-08-29,417,US.TTWO,US.MELI,WEAK_FULL_EVICT,91.5,100.0,8.5,10.0,False,KEEP
2016-08-30,418,US.MDLZ,US.MELI,WEAK_FULL_EVICT,91.5,100.0,8.5,10.0,False,KEEP
2016-09-01,420,US.WDAY,US.MELI,WEAK_FULL_EVICT,91.5,89.69,-1.81,10.0,False,KEEP
2016-09-06,422,US.AMZN,US.MELI,WEAK_FULL_EVICT,91.5,100.0,8.5,10.0,False,KEEP
2016-09-21,433,US.ADBE,US.AAPL,WEAK_FULL_EVICT,85.17,100.0,14.83,10.0,True,REPLACE
2016-09-21,433,US.TEAM,US.MELI,WEAK_FULL_EVICT,91.5,81.12,-10.38,10.0,False,KEEP
2016-09-22,434,US.AMZN,US.MELI,WEAK_FULL_EVICT,91.5,100.0,8.5,10.0,False,KEEP
2016-09-27,437,US.AMZN,US.MELI,WEAK_FULL_EVICT,91.5,86.44,-5.06,10.0,False,KEEP
2016-09-28,438,US.AMZN,US.MELI,WEAK_FULL_EVICT,91.5,100.0,8.5,10.0,False,KEEP
2016-09-29,439,US.NXPI,US.MELI,WEAK_FULL_EVICT,91.5,100.0,8.5,10.0,False,KEEP
2016-09-30,440,US.NXPI,US.MELI,WEAK_FULL_EVICT,91.5,100.0,8.5,10.0,False,KEEP
2016-10-03,441,US.NFLX,US.MELI,WEAK_FULL_EVICT,91.5,94.41,2.91,10.0,False,KEEP
2016-10-06,444,US.LRCX,US.MELI,WEAK_FULL_EVICT,91.5,100.0,8.5,10.0,False,KEEP
2016-10-10,446,US.CDNS,US.MELI,WEAK_FULL_EVICT,91.5,100.0,8.5,10.0,False,KEEP
2016-10-21,455,US.META,US.GOOG,OBSERVATION_EVICT,53.13,89.55,36.42,10.0,True,REPLACE
2016-10-24,456,US.TMUS,US.META,WEAK_FULL_EVICT,89.55,100.0,10.45,10.0,True,REPLACE
2016-10-24,456,US.GOOG,US.NVDA,WEAK_FULL_EVICT,97.47,89.98,-7.49,10.0,False,KEEP
2016-10-25,457,US.AMD,US.NVDA,WEAK_FULL_EVICT,97.47,98.17,0.7,10.0,False,KEEP
2016-10-31,461,US.AEP,US.IDXX,OBSERVATION_EVICT,45.92,87.35,41.43,10.0,True,REPLACE
2016-11-09,468,US.GILD,US.HON,OBSERVATION_EVICT,48.89,100.0,51.11,10.0,True,REPLACE
2016-11-09,468,US.VRTX,US.NVDA,WEAK_FULL_EVICT,97.47,100.0,2.53,10.0,False,KEEP
2016-11-15,472,US.KLAC,US.REGN,WEAK_FULL_EVICT,87.96,99.41,11.45,10.0,True,REPLACE
2016-11-15,472,US.ADI,US.FAST,WEAK_FULL_EVICT,91.8,98.12,6.32,10.0,False,KEEP
2016-11-16,473,US.SBUX,US.FAST,WEAK_FULL_EVICT,91.8,81.17,-10.63,10.0,False,KEEP
2016-11-17,474,US.LRCX,US.FAST,WEAK_FULL_EVICT,91.8,100.0,8.2,10.0,False,KEEP
2016-11-18,475,US.MRVL,US.FAST,WEAK_FULL_EVICT,91.8,100.0,8.2,10.0,False,KEEP
2016-11-21,476,US.ADI,US.FAST,WEAK_FULL_EVICT,91.8,95.45,3.65,10.0,False,KEEP
2016-11-22,477,US.ADI,US.FAST,WEAK_FULL_EVICT,91.8,100.0,8.2,10.0,False,KEEP
2016-11-23,478,US.ON,US.FAST,WEAK_FULL_EVICT,91.8,100.0,8.2,10.0,False,KEEP
2016-11-29,481,US.PAYX,US.FAST,WEAK_FULL_EVICT,91.8,100.0,8.2,10.0,False,KEEP
2016-11-30,482,US.FANG,US.FAST,WEAK_FULL_EVICT,91.8,100.0,8.2,10.0,False,KEEP
2016-12-07,487,US.HON,US.CTAS,WEAK_FULL_EVICT,86.97,100.0,13.03,10.0,True,REPLACE
2016-12-07,487,US.SPY,US.FAST,WEAK_FULL_EVICT,91.8,100.0,8.2,10.0,False,KEEP
2016-12-08,488,US.COST,US.FAST,WEAK_FULL_EVICT,91.8,100.0,8.2,10.0,False,KEEP
2016-12-09,489,US.AAPL,US.EXC,WEAK_FULL_EVICT,89.93,85.37,-4.56,10.0,False,KEEP
2016-12-15,493,US.MDLZ,US.EXC,WEAK_FULL_EVICT,89.93,100.0,10.07,10.0,True,REPLACE
2016-12-15,493,US.ON,US.FAST,WEAK_FULL_EVICT,91.8,80.23,-11.57,10.0,False,KEEP
2016-12-19,495,US.ASML,US.FAST,WEAK_FULL_EVICT,91.8,100.0,8.2,10.0,False,KEEP
2016-12-20,496,US.TSLA,US.FAST,WEAK_FULL_EVICT,91.8,83.84,-7.96,10.0,False,KEEP
2016-12-27,500,US.TSLA,US.FAST,WEAK_FULL_EVICT,91.8,100.0,8.2,10.0,False,KEEP
2017-01-06,507,US.AMZN,US.FAST,WEAK_FULL_EVICT,91.8,97.82,6.02,10.0,False,KEEP
2017-01-09,508,US.VRTX,US.FAST,WEAK_FULL_EVICT,91.8,100.0,8.2,10.0,False,KEEP
2017-01-10,509,US.ISRG,US.FAST,WEAK_FULL_EVICT,91.8,95.49,3.69,10.0,False,KEEP
2017-01-11,510,US.WDAY,US.FAST,WEAK_FULL_EVICT,91.8,100.0,8.2,10.0,False,KEEP
2017-01-12,511,US.TEAM,US.FAST,WEAK_FULL_EVICT,91.8,96.89,5.09,10.0,False,KEEP
2017-01-13,512,US.DXCM,US.FAST,WEAK_FULL_EVICT,91.8,100.0,8.2,10.0,False,KEEP
2017-01-19,515,US.NFLX,US.TEAM,OBSERVATION_EVICT,53.28,89.33,36.05,10.0,True,REPLACE
2017-01-19,515,US.PANW,US.NFLX,WEAK_FULL_EVICT,89.33,80.09,-9.24,10.0,False,KEEP
2017-01-20,516,US.AVGO,US.NFLX,WEAK_FULL_EVICT,89.33,100.0,10.67,10.0,True,REPLACE
2017-01-20,516,US.TEAM,US.FAST,WEAK_FULL_EVICT,91.8,80.01,-11.79,10.0,False,KEEP
2017-01-23,517,US.GOOGL,US.FAST,WEAK_FULL_EVICT,91.8,96.67,4.87,10.0,False,KEEP
2017-01-24,518,US.SNPS,US.FAST,WEAK_FULL_EVICT,91.8,100.0,8.2,10.0,False,KEEP
2017-01-25,519,US.MRVL,US.FAST,WEAK_FULL_EVICT,91.8,100.0,8.2,10.0,False,KEEP
2017-01-27,521,US.MSFT,US.FAST,WEAK_FULL_EVICT,91.8,100.0,8.2,10.0,False,KEEP
2017-02-02,525,US.SNPS,US.FAST,WEAK_FULL_EVICT,91.8,100.0,8.2,10.0,False,KEEP
2017-02-03,526,US.FTNT,US.FAST,WEAK_FULL_EVICT,91.8,100.0,8.2,10.0,False,KEEP
2017-02-06,527,US.AMD,US.FAST,WEAK_FULL_EVICT,91.8,100.0,8.2,10.0,False,KEEP
2017-02-08,529,US.NXPI,US.FAST,WEAK_FULL_EVICT,91.8,89.16,-2.64,10.0,False,KEEP
2017-02-09,530,US.PANW,US.FAST,WEAK_FULL_EVICT,91.8,100.0,8.2,10.0,False,KEEP
2017-02-10,531,US.BKNG,US.FAST,WEAK_FULL_EVICT,91.8,100.0,8.2,10.0,False,KEEP
2017-02-13,532,US.ON,US.FAST,WEAK_FULL_EVICT,91.8,100.0,8.2,10.0,False,KEEP
2017-02-14,533,US.CSCO,US.FAST,WEAK_FULL_EVICT,91.8,88.5,-3.3,10.0,False,KEEP
2017-02-15,534,US.ADI,US.FAST,WEAK_FULL_EVICT,91.8,100.0,8.2,10.0,False,KEEP
2017-02-16,535,US.SNPS,US.FAST,WEAK_FULL_EVICT,91.8,100.0,8.2,10.0,False,KEEP
2017-02-21,537,US.AMAT,US.AMGN,OBSERVATION_EVICT,58.23,100.0,41.77,10.0,True,REPLACE
2017-02-21,537,US.MRVL,US.FAST,WEAK_FULL_EVICT,91.8,100.0,8.2,10.0,False,KEEP
2017-02-23,539,US.AEP,US.FAST,WEAK_FULL_EVICT,91.8,87.65,-4.15,10.0,False,KEEP
2017-02-24,540,US.MELI,US.FAST,WEAK_FULL_EVICT,91.8,100.0,8.2,10.0,False,KEEP
2017-02-27,541,US.AMD,US.FAST,WEAK_FULL_EVICT,91.8,100.0,8.2,10.0,False,KEEP
2017-02-28,542,US.BKNG,US.FAST,WEAK_FULL_EVICT,91.8,100.0,8.2,10.0,False,KEEP
2017-03-01,543,US.ADI,US.FAST,WEAK_FULL_EVICT,91.8,100.0,8.2,10.0,False,KEEP
2017-03-02,544,US.MNST,US.FAST,WEAK_FULL_EVICT,91.8,100.0,8.2,10.0,False,KEEP
2017-03-28,562,US.TSLA,US.PEP,OBSERVATION_EVICT,50.61,93.37,42.76,10.0,True,REPLACE
2017-03-29,563,US.AMZN,US.TSLA,WEAK_FULL_EVICT,93.37,100.0,6.63,10.0,False,KEEP
2017-03-31,565,US.AMZN,US.TSLA,WEAK_FULL_EVICT,93.37,95.15,1.78,10.0,False,KEEP
2017-04-04,567,US.AMZN,US.TSLA,WEAK_FULL_EVICT,93.37,100.0,6.63,10.0,False,KEEP
2017-04-06,569,US.TEAM,US.VRTX,OBSERVATION_EVICT,59.32,100.0,40.68,10.0,True,REPLACE
2017-04-12,573,US.PEP,US.TSLA,WEAK_FULL_EVICT,93.37,97.12,3.75,10.0,False,KEEP
2017-04-19,577,US.LRCX,US.TSLA,WEAK_FULL_EVICT,93.37,100.0,6.63,10.0,False,KEEP
2017-04-20,578,US.LRCX,US.TSLA,WEAK_FULL_EVICT,93.37,100.0,6.63,10.0,False,KEEP
2017-04-24,580,US.MSFT,US.TSLA,WEAK_FULL_EVICT,93.37,100.0,6.63,10.0,False,KEEP
2017-04-25,581,US.LRCX,US.TSLA,WEAK_FULL_EVICT,93.37,100.0,6.63,10.0,False,KEEP
2017-04-26,582,US.COST,US.TSLA,WEAK_FULL_EVICT,93.37,100.0,6.63,10.0,False,KEEP
2017-04-27,583,US.INTU,US.TSLA,WEAK_FULL_EVICT,93.37,100.0,6.63,10.0,False,KEEP
2017-04-28,584,US.META,US.TSLA,WEAK_FULL_EVICT,93.37,100.0,6.63,10.0,False,KEEP
2017-05-04,588,US.REGN,US.TSLA,WEAK_FULL_EVICT,93.37,100.0,6.63,10.0,False,KEEP
2017-05-05,589,US.MELI,US.TSLA,WEAK_FULL_EVICT,93.37,100.0,6.63,10.0,False,KEEP
2017-05-10,592,US.NVDA,US.TSLA,WEAK_FULL_EVICT,93.37,100.0,6.63,10.0,False,KEEP
2017-05-11,593,US.NVDA,US.TSLA,WEAK_FULL_EVICT,93.37,100.0,6.63,10.0,False,KEEP
2017-05-12,594,US.TTD,US.TSLA,WEAK_FULL_EVICT,93.37,100.0,6.63,10.0,False,KEEP
2017-05-15,595,US.WDAY,US.TSLA,WEAK_FULL_EVICT,93.37,100.0,6.63,10.0,False,KEEP
2017-05-16,596,US.ON,US.TSLA,WEAK_FULL_EVICT,93.37,100.0,6.63,10.0,False,KEEP
2017-05-22,600,US.ISRG,US.TSLA,WEAK_FULL_EVICT,93.37,100.0,6.63,10.0,False,KEEP
2017-05-23,601,US.TTWO,US.TSLA,WEAK_FULL_EVICT,93.37,100.0,6.63,10.0,False,KEEP
2017-05-24,602,US.INTU,US.TSLA,WEAK_FULL_EVICT,93.37,100.0,6.63,10.0,False,KEEP
2017-05-25,603,US.GOOGL,US.TSLA,WEAK_FULL_EVICT,93.37,100.0,6.63,10.0,False,KEEP
2017-05-26,604,US.MRVL,US.TSLA,WEAK_FULL_EVICT,93.37,100.0,6.63,10.0,False,KEEP
2017-05-30,605,US.MU,US.TSLA,WEAK_FULL_EVICT,93.37,100.0,6.63,10.0,False,KEEP
2017-05-31,606,US.NXPI,US.TSLA,WEAK_FULL_EVICT,93.37,100.0,6.63,10.0,False,KEEP
2017-06-01,607,US.PANW,US.TSLA,WEAK_FULL_EVICT,93.37,100.0,6.63,10.0,False,KEEP
2017-06-02,608,US.WDAY,US.TSLA,WEAK_FULL_EVICT,93.37,100.0,6.63,10.0,False,KEEP
2017-06-05,609,US.LRCX,US.TSLA,WEAK_FULL_EVICT,93.37,83.58,-9.79,10.0,False,KEEP
2017-06-07,611,US.MU,US.TSLA,WEAK_FULL_EVICT,93.37,94.42,1.05,10.0,False,KEEP
2017-06-08,612,US.NVDA,US.TSLA,WEAK_FULL_EVICT,93.37,100.0,6.63,10.0,False,KEEP
2017-06-21,621,US.GILD,US.DXCM,OBSERVATION_EVICT,45.57,100.0,54.43,10.0,True,REPLACE
2017-06-21,621,US.VRTX,US.VRSK,OBSERVATION_EVICT,47.01,100.0,52.99,10.0,True,REPLACE
2017-06-21,621,US.AMD,US.FTNT,OBSERVATION_EVICT,58.78,85.22,26.44,10.0,True,REPLACE
2017-07-12,635,US.META,US.TTWO,OBSERVATION_EVICT,43.75,88.97,45.22,10.0,True,REPLACE
2017-07-14,637,US.ASML,US.META,WEAK_FULL_EVICT,88.97,97.46,8.49,10.0,False,KEEP
2017-07-18,639,US.ASML,US.META,WEAK_FULL_EVICT,88.97,100.0,11.03,10.0,True,REPLACE
2017-08-14,658,US.CMCSA,US.XEL,OBSERVATION_EVICT,41.54,94.14,52.6,10.0,True,REPLACE
2017-08-15,659,US.PEP,US.AEP,WEAK_FULL_EVICT,81.58,86.55,4.97,10.0,False,KEEP
2017-08-22,664,US.DXCM,US.AEP,WEAK_FULL_EVICT,81.58,80.39,-1.19,10.0,False,KEEP
2017-08-25,667,US.MRVL,US.AEP,WEAK_FULL_EVICT,81.58,100.0,18.42,10.0,True,REPLACE
2017-08-30,670,US.ADI,US.TTWO,WEAK_FULL_EVICT,85.64,100.0,14.36,10.0,True,REPLACE
2017-08-31,671,US.AMGN,US.CMCSA,WEAK_FULL_EVICT,94.14,100.0,5.86,10.0,False,KEEP
2017-09-01,672,US.PANW,US.CMCSA,WEAK_FULL_EVICT,94.14,100.0,5.86,10.0,False,KEEP
2017-09-05,673,US.ISRG,US.CMCSA,WEAK_FULL_EVICT,94.14,90.37,-3.77,10.0,False,KEEP
2017-09-08,676,US.OKTA,US.KLAC,OBSERVATION_EVICT,57.7,100.0,42.3,10.0,True,REPLACE
2017-09-15,681,US.NVDA,US.TSLA,WEAK_FULL_EVICT,90.93,100.0,9.07,10.0,False,KEEP
2017-09-18,682,US.NVDA,US.TSLA,WEAK_FULL_EVICT,90.93,100.0,9.07,10.0,False,KEEP
2017-09-20,684,US.CPRT,US.TSLA,WEAK_FULL_EVICT,90.93,100.0,9.07,10.0,False,KEEP
2017-09-22,686,US.CSCO,US.HON,WEAK_FULL_EVICT,83.03,100.0,16.97,10.0,True,REPLACE
2017-11-10,721,US.MNST,US.COST,WEAK_FULL_EVICT,88.47,100.0,11.53,10.0,True,REPLACE
2017-12-12,742,US.TSLA,US.CPRT,OBSERVATION_EVICT,45.63,100.0,54.37,10.0,True,REPLACE
2018-01-02,755,US.ON,US.ROST,OBSERVATION_EVICT,48.55,100.0,51.45,10.0,True,REPLACE
2018-01-02,755,US.NFLX,US.FANG,OBSERVATION_EVICT,52.59,100.0,47.41,10.0,True,REPLACE
2018-03-08,800,US.FTNT,US.PANW,OBSERVATION_EVICT,48.39,100.0,51.61,10.0,True,REPLACE
2018-03-08,800,US.OKTA,US.TEAM,OBSERVATION_EVICT,52.84,100.0,47.16,10.0,True,REPLACE
2018-03-09,801,US.CTAS,US.TEAM,OBSERVATION_EVICT,52.84,100.0,47.16,10.0,True,REPLACE
2018-03-12,802,US.AVGO,US.TEAM,OBSERVATION_EVICT,52.84,100.0,47.16,10.0,True,REPLACE
2018-04-18,828,US.ISRG,US.PCAR,OBSERVATION_EVICT,51.14,100.0,48.86,10.0,True,REPLACE
2018-05-04,840,US.AAPL,US.BKR,OBSERVATION_EVICT,51.72,100.0,48.28,10.0,True,REPLACE
2018-05-04,840,US.IDXX,US.DXCM,WEAK_FULL_EVICT,81.92,100.0,18.08,10.0,True,REPLACE
2018-05-04,840,US.SNPS,US.AMD,WEAK_FULL_EVICT,86.75,80.29,-6.46,10.0,False,KEEP
2018-05-07,841,US.NVDA,US.AMD,WEAK_FULL_EVICT,86.75,100.0,13.25,10.0,True,REPLACE
2018-05-09,843,US.EA,US.META,WEAK_FULL_EVICT,91.56,100.0,8.44,10.0,False,KEEP
2018-05-10,844,US.CTAS,US.META,WEAK_FULL_EVICT,91.56,94.75,3.19,10.0,False,KEEP
2018-05-16,848,US.AMD,US.META,WEAK_FULL_EVICT,91.56,92.96,1.4,10.0,False,KEEP
2018-05-22,852,US.MU,US.ALGN,OBSERVATION_EVICT,43.71,92.76,49.05,10.0,True,REPLACE
2018-05-23,853,US.NFLX,US.META,WEAK_FULL_EVICT,91.56,94.5,2.94,10.0,False,KEEP
2018-05-24,854,US.ALGN,US.META,WEAK_FULL_EVICT,91.56,89.27,-2.29,10.0,False,KEEP
2018-05-29,856,US.OKTA,US.META,WEAK_FULL_EVICT,91.56,85.0,-6.56,10.0,False,KEEP
2018-06-01,859,US.AMD,US.META,WEAK_FULL_EVICT,91.56,100.0,8.44,10.0,False,KEEP
2018-06-04,860,US.AMD,US.META,WEAK_FULL_EVICT,91.56,100.0,8.44,10.0,False,KEEP
2018-06-05,861,US.ASML,US.META,WEAK_FULL_EVICT,91.56,100.0,8.44,10.0,False,KEEP
2018-06-06,862,US.AMD,US.META,WEAK_FULL_EVICT,91.56,100.0,8.44,10.0,False,KEEP
2018-06-07,863,US.ZS,US.META,WEAK_FULL_EVICT,91.56,100.0,8.44,10.0,False,KEEP
2018-06-08,864,US.MNST,US.META,WEAK_FULL_EVICT,91.56,100.0,8.44,10.0,False,KEEP
2018-06-12,866,US.PAYX,US.META,WEAK_FULL_EVICT,91.56,100.0,8.44,10.0,False,KEEP
2018-06-13,867,US.NFLX,US.META,WEAK_FULL_EVICT,91.56,100.0,8.44,10.0,False,KEEP
2018-06-14,868,US.CMCSA,US.META,WEAK_FULL_EVICT,91.56,100.0,8.44,10.0,False,KEEP
2018-06-15,869,US.PEP,US.META,WEAK_FULL_EVICT,91.56,100.0,8.44,10.0,False,KEEP
2018-06-18,870,US.GOOGL,US.META,WEAK_FULL_EVICT,91.56,92.46,0.9,10.0,False,KEEP
2018-06-19,871,US.REGN,US.META,WEAK_FULL_EVICT,91.56,82.09,-9.47,10.0,False,KEEP
2018-06-20,872,US.NFLX,US.META,WEAK_FULL_EVICT,91.56,100.0,8.44,10.0,False,KEEP
2018-06-29,879,US.VRTX,US.PEP,OBSERVATION_EVICT,47.36,100.0,52.64,10.0,True,REPLACE
2018-07-06,883,US.GILD,US.META,WEAK_FULL_EVICT,91.56,100.0,8.44,10.0,False,KEEP
2018-07-09,884,US.AMGN,US.META,WEAK_FULL_EVICT,91.56,92.83,1.27,10.0,False,KEEP
2018-07-10,885,US.PEP,US.META,WEAK_FULL_EVICT,91.56,100.0,8.44,10.0,False,KEEP
2018-07-12,887,US.MSFT,US.META,WEAK_FULL_EVICT,91.56,100.0,8.44,10.0,False,KEEP
2018-07-13,888,US.COST,US.META,WEAK_FULL_EVICT,91.56,93.05,1.49,10.0,False,KEEP
2018-07-16,889,US.MELI,US.META,WEAK_FULL_EVICT,91.56,100.0,8.44,10.0,False,KEEP
2018-07-17,890,US.PEP,US.META,WEAK_FULL_EVICT,91.56,100.0,8.44,10.0,False,KEEP
2018-07-18,891,US.ASML,US.META,WEAK_FULL_EVICT,91.56,100.0,8.44,10.0,False,KEEP
2018-07-20,893,US.HON,US.META,WEAK_FULL_EVICT,91.56,100.0,8.44,10.0,False,KEEP
2018-07-24,895,US.GOOG,US.META,WEAK_FULL_EVICT,91.56,100.0,8.44,10.0,False,KEEP
2018-07-25,896,US.MSFT,US.META,WEAK_FULL_EVICT,91.56,100.0,8.44,10.0,False,KEEP
2018-07-26,897,US.QCOM,US.ORLY,WEAK_FULL_EVICT,94.29,100.0,5.71,10.0,False,KEEP
2018-07-27,898,US.LRCX,US.ORLY,WEAK_FULL_EVICT,94.29,100.0,5.71,10.0,False,KEEP
2018-08-01,901,US.AAPL,US.ORLY,WEAK_FULL_EVICT,94.29,100.0,5.71,10.0,False,KEEP
2018-08-02,902,US.FTNT,US.ORLY,WEAK_FULL_EVICT,94.29,100.0,5.71,10.0,False,KEEP
2018-08-06,904,US.TMUS,US.ORLY,WEAK_FULL_EVICT,94.29,100.0,5.71,10.0,False,KEEP
2018-08-07,905,US.TSLA,US.ORLY,WEAK_FULL_EVICT,94.29,100.0,5.71,10.0,False,KEEP
2018-08-21,915,US.DXCM,US.CSCO,WEAK_FULL_EVICT,83.96,81.14,-2.82,10.0,False,KEEP
2018-08-23,917,US.TEAM,US.CSCO,WEAK_FULL_EVICT,83.96,89.2,5.24,10.0,False,KEEP
2018-08-24,918,US.TEAM,US.CSCO,WEAK_FULL_EVICT,83.96,100.0,16.04,10.0,True,REPLACE
2018-08-24,918,US.PANW,US.ORLY,WEAK_FULL_EVICT,94.29,98.01,3.72,10.0,False,KEEP
2018-08-27,919,US.SPY,US.ORLY,WEAK_FULL_EVICT,94.29,100.0,5.71,10.0,False,KEEP
2018-08-28,920,US.QCOM,US.ORLY,WEAK_FULL_EVICT,94.29,100.0,5.71,10.0,False,KEEP
2018-08-29,921,US.MSFT,US.ORLY,WEAK_FULL_EVICT,94.29,100.0,5.71,10.0,False,KEEP
2018-09-04,924,US.FTNT,US.ORLY,WEAK_FULL_EVICT,94.29,100.0,5.71,10.0,False,KEEP
2018-09-05,925,US.XEL,US.ORLY,WEAK_FULL_EVICT,94.29,82.89,-11.4,10.0,False,KEEP
2018-09-06,926,US.HON,US.ORLY,WEAK_FULL_EVICT,94.29,98.57,4.28,10.0,False,KEEP
2018-09-07,927,US.AVGO,US.ORLY,WEAK_FULL_EVICT,94.29,100.0,5.71,10.0,False,KEEP
2018-09-10,928,US.AVGO,US.ORLY,WEAK_FULL_EVICT,94.29,91.46,-2.83,10.0,False,KEEP
2018-09-12,930,US.TMUS,US.ORLY,WEAK_FULL_EVICT,94.29,100.0,5.71,10.0,False,KEEP
2018-09-13,931,US.QCOM,US.ORLY,WEAK_FULL_EVICT,94.29,100.0,5.71,10.0,False,KEEP
2018-09-14,932,US.ISRG,US.ORLY,WEAK_FULL_EVICT,94.29,84.16,-10.13,10.0,False,KEEP
2018-09-20,936,US.SPY,US.CMCSA,WEAK_FULL_EVICT,88.08,98.28,10.2,10.0,True,REPLACE
2018-09-20,936,US.SBUX,US.ORLY,WEAK_FULL_EVICT,94.29,88.12,-6.17,10.0,False,KEEP
2018-09-21,937,US.ADP,US.ORLY,WEAK_FULL_EVICT,94.29,97.39,3.1,10.0,False,KEEP
2018-09-24,938,US.FANG,US.ORLY,WEAK_FULL_EVICT,94.29,91.2,-3.09,10.0,False,KEEP
2018-09-28,942,US.VRTX,US.ROST,OBSERVATION_EVICT,49.72,84.68,34.96,10.0,True,REPLACE
2018-11-30,986,US.WDAY,US.CTAS,OBSERVATION_EVICT,44.44,100.0,55.56,10.0,True,REPLACE
2018-12-03,987,US.AMD,US.PEP,OBSERVATION_EVICT,52.51,93.71,41.2,10.0,True,REPLACE
2019-01-17,1017,US.FAST,US.NFLX,OBSERVATION_EVICT,40.9,100.0,59.1,10.0,True,REPLACE
2019-01-18,1018,US.CTAS,US.BKR,OBSERVATION_EVICT,51.35,93.01,41.66,10.0,True,REPLACE
2019-01-18,1018,US.SNPS,US.MRVL,OBSERVATION_EVICT,55.21,87.75,32.54,10.0,True,REPLACE
2019-01-18,1018,US.VRSK,US.DXCM,OBSERVATION_EVICT,58.14,85.33,27.19,10.0,True,REPLACE
2019-01-24,1021,US.ADI,US.SBUX,OBSERVATION_EVICT,59.28,100.0,40.72,10.0,True,REPLACE
2019-01-24,1021,US.LRCX,US.VRSK,WEAK_FULL_EVICT,85.33,100.0,14.67,10.0,True,REPLACE
2019-01-24,1021,US.ASML,US.SNPS,WEAK_FULL_EVICT,87.75,99.98,12.23,10.0,True,REPLACE
2019-01-24,1021,US.AMAT,US.CTAS,WEAK_FULL_EVICT,93.01,96.12,3.11,10.0,False,KEEP
2019-01-25,1022,US.ON,US.CTAS,WEAK_FULL_EVICT,93.01,100.0,6.99,10.0,False,KEEP
2019-01-29,1024,US.PCAR,US.CTAS,WEAK_FULL_EVICT,93.01,93.18,0.17,10.0,False,KEEP
2019-01-30,1025,US.AAPL,US.CTAS,WEAK_FULL_EVICT,93.01,100.0,6.99,10.0,False,KEEP
2019-01-31,1026,US.META,US.CTAS,WEAK_FULL_EVICT,93.01,100.0,6.99,10.0,False,KEEP
2019-02-01,1027,US.PAYX,US.CTAS,WEAK_FULL_EVICT,93.01,84.8,-8.21,10.0,False,KEEP
2019-02-04,1028,US.SNPS,US.CTAS,WEAK_FULL_EVICT,93.01,100.0,6.99,10.0,False,KEEP
2019-02-05,1029,US.PAYX,US.CTAS,WEAK_FULL_EVICT,93.01,98.23,5.22,10.0,False,KEEP
2019-02-06,1030,US.ON,US.TXN,WEAK_FULL_EVICT,92.24,83.38,-8.86,10.0,False,KEEP
2019-02-08,1032,US.EA,US.TXN,WEAK_FULL_EVICT,92.24,96.48,4.24,10.0,False,KEEP
2019-02-11,1033,US.KDP,US.TXN,WEAK_FULL_EVICT,92.24,91.06,-1.18,10.0,False,KEEP
2019-02-12,1034,US.ORLY,US.TXN,WEAK_FULL_EVICT,92.24,100.0,7.76,10.0,False,KEEP
2019-02-15,1037,US.TMUS,US.TXN,WEAK_FULL_EVICT,92.24,99.62,7.38,10.0,False,KEEP
2019-02-20,1039,US.CDNS,US.TXN,WEAK_FULL_EVICT,92.24,100.0,7.76,10.0,False,KEEP
2019-02-21,1040,US.CPRT,US.TXN,WEAK_FULL_EVICT,92.24,100.0,7.76,10.0,False,KEEP
2019-02-22,1041,US.INTU,US.TXN,WEAK_FULL_EVICT,92.24,100.0,7.76,10.0,False,KEEP
2019-02-27,1044,US.MELI,US.TXN,WEAK_FULL_EVICT,92.24,100.0,7.76,10.0,False,KEEP
2019-02-28,1045,US.MNST,US.TXN,WEAK_FULL_EVICT,92.24,100.0,7.76,10.0,False,KEEP
2019-03-01,1046,US.ZS,US.TXN,WEAK_FULL_EVICT,92.24,100.0,7.76,10.0,False,KEEP
2019-03-08,1051,US.COST,US.TXN,WEAK_FULL_EVICT,92.24,100.0,7.76,10.0,False,KEEP
2019-03-11,1052,US.CDNS,US.TXN,WEAK_FULL_EVICT,92.24,82.0,-10.24,10.0,False,KEEP
2019-03-12,1053,US.GOOGL,US.TXN,WEAK_FULL_EVICT,92.24,84.97,-7.27,10.0,False,KEEP
2019-03-13,1054,US.MELI,US.TXN,WEAK_FULL_EVICT,92.24,100.0,7.76,10.0,False,KEEP
2019-03-14,1055,US.ZS,US.TXN,WEAK_FULL_EVICT,92.24,84.89,-7.35,10.0,False,KEEP
2019-03-15,1056,US.CMCSA,US.TXN,WEAK_FULL_EVICT,92.24,82.47,-9.77,10.0,False,KEEP
2019-03-20,1059,US.GOOGL,US.TXN,WEAK_FULL_EVICT,92.24,96.48,4.24,10.0,False,KEEP
2019-03-21,1060,US.AAPL,US.TXN,WEAK_FULL_EVICT,92.24,100.0,7.76,10.0,False,KEEP
2019-03-26,1063,US.VRSK,US.MDLZ,OBSERVATION_EVICT,41.76,100.0,58.24,10.0,True,REPLACE
2019-03-28,1065,US.SBUX,US.ADP,OBSERVATION_EVICT,50.94,82.37,31.43,10.0,True,REPLACE
2019-04-01,1067,US.SNPS,US.AEP,WEAK_FULL_EVICT,81.79,100.0,18.21,10.0,True,REPLACE
2019-04-01,1067,US.CDNS,US.SBUX,WEAK_FULL_EVICT,82.37,100.0,17.63,10.0,True,REPLACE
2019-04-01,1067,US.FAST,US.TXN,WEAK_FULL_EVICT,92.24,100.0,7.76,10.0,False,KEEP
2019-04-02,1068,US.CPRT,US.TXN,WEAK_FULL_EVICT,92.24,86.7,-5.54,10.0,False,KEEP
2019-04-03,1069,US.LIN,US.TXN,WEAK_FULL_EVICT,92.24,100.0,7.76,10.0,False,KEEP
2019-04-11,1075,US.FAST,US.TXN,WEAK_FULL_EVICT,92.24,100.0,7.76,10.0,False,KEEP
2019-04-12,1076,US.AVGO,US.TXN,WEAK_FULL_EVICT,92.24,100.0,7.76,10.0,False,KEEP
2019-04-15,1077,US.FTNT,US.TXN,WEAK_FULL_EVICT,92.24,96.07,3.83,10.0,False,KEEP
2019-04-17,1079,US.PEP,US.TXN,WEAK_FULL_EVICT,92.24,100.0,7.76,10.0,False,KEEP
2019-04-18,1080,US.HON,US.TXN,WEAK_FULL_EVICT,92.24,100.0,7.76,10.0,False,KEEP
2019-04-23,1082,US.AMZN,US.TXN,WEAK_FULL_EVICT,92.24,100.0,7.76,10.0,False,KEEP
2019-04-25,1084,US.MSFT,US.TXN,WEAK_FULL_EVICT,92.24,100.0,7.76,10.0,False,KEEP
2019-04-26,1085,US.MNST,US.TXN,WEAK_FULL_EVICT,92.24,100.0,7.76,10.0,False,KEEP
2019-04-29,1086,US.GOOGL,US.TXN,WEAK_FULL_EVICT,92.24,100.0,7.76,10.0,False,KEEP
2019-04-30,1087,US.NXPI,US.TXN,WEAK_FULL_EVICT,92.24,90.01,-2.23,10.0,False,KEEP
2019-05-01,1088,US.MDLZ,US.TXN,WEAK_FULL_EVICT,92.24,100.0,7.76,10.0,False,KEEP
2019-05-03,1090,US.MELI,US.TXN,WEAK_FULL_EVICT,92.24,100.0,7.76,10.0,False,KEEP
2019-05-09,1094,US.TEAM,US.TXN,WEAK_FULL_EVICT,92.24,100.0,7.76,10.0,False,KEEP
2019-05-10,1095,US.ZS,US.TXN,WEAK_FULL_EVICT,92.24,100.0,7.76,10.0,False,KEEP
2019-05-16,1099,US.LIN,US.TXN,WEAK_FULL_EVICT,92.24,100.0,7.76,10.0,False,KEEP
2019-06-06,1113,US.SBUX,US.TTWO,WEAK_FULL_EVICT,81.0,100.0,19.0,10.0,True,REPLACE
2019-06-18,1121,US.AMGN,US.MDLZ,OBSERVATION_EVICT,59.98,96.35,36.37,10.0,True,REPLACE
2019-06-18,1121,US.HON,US.AMGN,WEAK_FULL_EVICT,96.35,83.38,-12.97,10.0,False,KEEP
2019-06-19,1122,US.ADBE,US.AMGN,WEAK_FULL_EVICT,96.35,94.6,-1.75,10.0,False,KEEP
2019-06-20,1123,US.ADBE,US.AMGN,WEAK_FULL_EVICT,96.35,100.0,3.65,10.0,False,KEEP
2019-06-21,1124,US.BKR,US.AMGN,WEAK_FULL_EVICT,96.35,96.78,0.43,10.0,False,KEEP
2019-07-01,1130,US.AVGO,US.TXN,OBSERVATION_EVICT,55.53,100.0,44.47,10.0,True,REPLACE
2019-07-01,1130,US.ASML,US.AMGN,WEAK_FULL_EVICT,96.35,100.0,3.65,10.0,False,KEEP
2019-07-09,1135,US.AMZN,US.SPY,WEAK_FULL_EVICT,81.2,100.0,18.8,10.0,True,REPLACE
2019-07-10,1136,US.META,US.AMGN,WEAK_FULL_EVICT,96.35,87.29,-9.06,10.0,False,KEEP
2019-07-11,1137,US.FTNT,US.AMGN,WEAK_FULL_EVICT,96.35,100.0,3.65,10.0,False,KEEP
2019-07-12,1138,US.CMCSA,US.COST,WEAK_FULL_EVICT,85.75,80.86,-4.89,10.0,False,KEEP
2019-07-15,1139,US.TSLA,US.COST,WEAK_FULL_EVICT,85.75,100.0,14.25,10.0,True,REPLACE
2019-07-15,1139,US.MRVL,US.ORLY,WEAK_FULL_EVICT,90.41,96.1,5.69,10.0,False,KEEP
2019-07-18,1142,US.KLAC,US.ORLY,WEAK_FULL_EVICT,90.41,100.0,9.59,10.0,False,KEEP
2019-07-22,1144,US.AMAT,US.ORLY,WEAK_FULL_EVICT,90.41,100.0,9.59,10.0,False,KEEP
2019-07-23,1145,US.KLAC,US.ORLY,WEAK_FULL_EVICT,90.41,94.32,3.91,10.0,False,KEEP
2019-07-24,1146,US.ADI,US.ORLY,WEAK_FULL_EVICT,90.41,100.0,9.59,10.0,False,KEEP
2019-07-26,1148,US.TMUS,US.AMGN,WEAK_FULL_EVICT,96.35,100.0,3.65,10.0,False,KEEP
2019-09-03,1174,US.AEP,US.PDD,OBSERVATION_EVICT,40.17,94.56,54.39,10.0,True,REPLACE
2019-09-04,1175,US.AMAT,US.TTWO,OBSERVATION_EVICT,47.4,100.0,52.6,10.0,True,REPLACE
2019-09-04,1175,US.LRCX,US.AEP,WEAK_FULL_EVICT,94.56,100.0,5.44,10.0,False,KEEP
2019-09-10,1179,US.ON,US.ASML,OBSERVATION_EVICT,49.31,81.29,31.98,10.0,True,REPLACE
2019-09-11,1180,US.AAPL,US.ON,WEAK_FULL_EVICT,81.29,100.0,18.71,10.0,True,REPLACE
2019-09-11,1180,US.TSLA,US.PCAR,WEAK_FULL_EVICT,85.67,100.0,14.33,10.0,True,REPLACE
2019-10-15,1204,US.NVDA,US.ALGN,OBSERVATION_EVICT,44.18,100.0,55.82,10.0,True,REPLACE
2019-10-21,1208,US.VRTX,US.HON,OBSERVATION_EVICT,44.83,82.66,37.83,10.0,True,REPLACE
2019-10-24,1211,US.LRCX,US.ALGN,OBSERVATION_EVICT,55.47,100.0,44.53,10.0,True,REPLACE
2019-10-24,1211,US.TSLA,US.VRTX,WEAK_FULL_EVICT,82.66,100.0,17.34,10.0,True,REPLACE
2019-12-12,1245,US.MU,US.AEP,OBSERVATION_EVICT,51.39,100.0,48.61,10.0,True,REPLACE
2019-12-12,1245,US.ON,US.MNST,WEAK_FULL_EVICT,86.27,100.0,13.73,10.0,True,REPLACE
2019-12-12,1245,US.TXN,US.ASML,WEAK_FULL_EVICT,87.85,100.0,12.15,10.0,True,REPLACE
2020-02-04,1280,US.MSFT,US.XEL,OBSERVATION_EVICT,59.66,100.0,40.34,10.0,True,REPLACE
2020-04-29,1339,US.ALGN,US.META,OBSERVATION_EVICT,41.8,94.18,52.38,10.0,True,REPLACE
2020-04-29,1339,US.GOOGL,US.SPY,OBSERVATION_EVICT,44.87,92.36,47.49,10.0,True,REPLACE
2020-11-04,1471,US.GOOGL,US.AEP,OBSERVATION_EVICT,40.66,100.0,59.34,10.0,True,REPLACE
2020-11-05,1472,US.AMAT,US.AEP,OBSERVATION_EVICT,40.66,100.0,59.34,10.0,True,REPLACE
2020-11-06,1473,US.ADI,US.AEP,OBSERVATION_EVICT,40.66,84.3,43.64,10.0,True,REPLACE
2020-11-09,1474,US.BKNG,US.AEP,OBSERVATION_EVICT,40.66,100.0,59.34,10.0,True,REPLACE
2020-11-12,1477,US.PDD,US.AEP,OBSERVATION_EVICT,40.66,100.0,59.34,10.0,True,REPLACE
2020-11-13,1478,US.PDD,US.AEP,OBSERVATION_EVICT,40.66,100.0,59.34,10.0,True,REPLACE
2020-11-16,1479,US.MU,US.AEP,OBSERVATION_EVICT,40.66,100.0,59.34,10.0,True,REPLACE
2020-11-17,1480,US.PANW,US.AEP,OBSERVATION_EVICT,40.66,100.0,59.34,10.0,True,REPLACE
2020-11-18,1481,US.TSLA,US.AEP,OBSERVATION_EVICT,40.66,100.0,59.34,10.0,True,REPLACE
2021-01-19,1521,US.GILD,US.BKR,OBSERVATION_EVICT,43.01,100.0,56.99,10.0,True,REPLACE
2021-01-20,1522,US.GOOGL,US.BKR,OBSERVATION_EVICT,43.01,100.0,56.99,10.0,True,REPLACE
2021-01-21,1523,US.PCAR,US.BKR,OBSERVATION_EVICT,43.01,100.0,56.99,10.0,True,REPLACE
2021-04-28,1590,US.MDLZ,US.ORLY,OBSERVATION_EVICT,40.73,98.08,57.35,10.0,True,REPLACE
2021-04-28,1590,US.GOOG,US.DXCM,OBSERVATION_EVICT,41.37,86.23,44.86,10.0,True,REPLACE
2021-04-29,1591,US.CMCSA,US.DXCM,OBSERVATION_EVICT,41.37,91.77,50.4,10.0,True,REPLACE
2022-03-17,1814,US.DXCM,US.VRSK,OBSERVATION_EVICT,45.15,82.44,37.29,10.0,True,REPLACE
2022-03-18,1815,US.VRSK,US.BKR,OBSERVATION_EVICT,48.51,100.0,51.49,10.0,True,REPLACE
2022-03-18,1815,US.PAYX,US.REGN,OBSERVATION_EVICT,49.01,82.45,33.44,10.0,True,REPLACE
2022-03-25,1820,US.EXC,US.AAPL,OBSERVATION_EVICT,44.3,93.08,48.78,10.0,True,REPLACE
2022-03-29,1822,US.TXN,US.REGN,OBSERVATION_EVICT,46.47,99.76,53.29,10.0,True,REPLACE
2022-03-29,1822,US.ADP,US.TSLA,OBSERVATION_EVICT,51.31,95.31,44.0,10.0,True,REPLACE
2022-03-29,1822,US.PLTR,US.AEP,OBSERVATION_EVICT,52.48,86.54,34.06,10.0,True,REPLACE
2022-03-29,1822,US.PAYX,US.DXCM,WEAK_FULL_EVICT,82.44,85.35,2.91,10.0,False,KEEP
2022-03-30,1823,US.PAYX,US.DXCM,WEAK_FULL_EVICT,82.44,100.0,17.56,10.0,True,REPLACE
2022-04-04,1826,US.INTU,US.VRTX,OBSERVATION_EVICT,43.75,87.59,43.84,10.0,True,REPLACE
2022-04-07,1829,US.COST,US.AEP,OBSERVATION_EVICT,46.25,100.0,53.75,10.0,True,REPLACE
2022-04-07,1829,US.ORLY,US.PEP,OBSERVATION_EVICT,56.7,100.0,43.3,10.0,True,REPLACE
2022-04-08,1830,US.CEG,US.XEL,WEAK_FULL_EVICT,80.87,100.0,19.13,10.0,True,REPLACE
2022-04-08,1830,US.REGN,US.INTU,WEAK_FULL_EVICT,87.59,82.71,-4.88,10.0,False,KEEP
2022-05-27,1864,US.KLAC,US.CEG,OBSERVATION_EVICT,40.92,99.69,58.77,10.0,True,REPLACE
2022-05-27,1864,US.SNPS,US.AMGN,OBSERVATION_EVICT,41.33,90.47,49.14,10.0,True,REPLACE
2022-05-27,1864,US.LIN,US.GILD,OBSERVATION_EVICT,42.92,83.79,40.87,10.0,True,REPLACE
2022-07-19,1898,US.CPRT,US.ROST,OBSERVATION_EVICT,45.61,95.0,49.39,10.0,True,REPLACE
2022-07-19,1898,US.NXPI,US.SNOW,OBSERVATION_EVICT,47.82,80.58,32.76,10.0,True,REPLACE
2022-07-20,1899,US.NFLX,US.AAPL,OBSERVATION_EVICT,52.72,100.0,47.28,10.0,True,REPLACE
2022-07-20,1899,US.META,US.TXN,OBSERVATION_EVICT,58.0,91.92,33.92,10.0,True,REPLACE
2022-07-21,1900,US.ASML,US.TXN,OBSERVATION_EVICT,58.0,100.0,42.0,10.0,True,REPLACE
2022-07-27,1904,US.SNPS,US.TXN,OBSERVATION_EVICT,58.0,100.0,42.0,10.0,True,REPLACE
2022-07-28,1905,US.KDP,US.TXN,OBSERVATION_EVICT,58.0,100.0,42.0,10.0,True,REPLACE
2022-07-29,1906,US.AAPL,US.TXN,OBSERVATION_EVICT,58.0,100.0,42.0,10.0,True,REPLACE
2022-08-02,1908,US.ISRG,US.TXN,OBSERVATION_EVICT,58.0,87.88,29.88,10.0,True,REPLACE
2022-08-03,1909,US.VRSK,US.TXN,OBSERVATION_EVICT,58.0,100.0,42.0,10.0,True,REPLACE
2022-08-04,1910,US.MELI,US.TXN,OBSERVATION_EVICT,58.0,100.0,42.0,10.0,True,REPLACE
2022-08-05,1911,US.CEG,US.TXN,OBSERVATION_EVICT,58.0,100.0,42.0,10.0,True,REPLACE
2022-08-10,1914,US.TTD,US.VRTX,OBSERVATION_EVICT,48.6,100.0,51.4,10.0,True,REPLACE
2022-08-12,1916,US.AEP,US.NXPI,WEAK_FULL_EVICT,80.58,81.15,0.57,10.0,False,KEEP
2022-08-15,1917,US.GILD,US.NXPI,WEAK_FULL_EVICT,80.58,100.0,19.42,10.0,True,REPLACE
2022-08-15,1917,US.PAYX,US.ADI,WEAK_FULL_EVICT,85.38,95.41,10.03,10.0,True,REPLACE
2022-08-16,1918,US.ROST,US.QCOM,WEAK_FULL_EVICT,93.83,81.29,-12.54,10.0,False,KEEP
2022-08-18,1920,US.CSCO,US.AAPL,OBSERVATION_EVICT,49.2,100.0,50.8,10.0,True,REPLACE
2022-08-25,1925,US.PDD,US.QCOM,WEAK_FULL_EVICT,93.83,100.0,6.17,10.0,False,KEEP
2022-10-24,1966,US.ORLY,US.FANG,OBSERVATION_EVICT,46.54,100.0,53.46,10.0,True,REPLACE
2022-10-24,1966,US.HON,US.DXCM,OBSERVATION_EVICT,49.45,84.18,34.73,10.0,True,REPLACE
2022-10-24,1966,US.VRTX,US.TTWO,OBSERVATION_EVICT,52.77,82.63,29.86,10.0,True,REPLACE
2022-10-28,1970,US.TMUS,US.HON,WEAK_FULL_EVICT,84.18,100.0,15.82,10.0,True,REPLACE
2022-10-28,1970,US.CTAS,US.ISRG,WEAK_FULL_EVICT,90.68,98.65,7.97,10.0,False,KEEP
2022-11-01,1972,US.IDXX,US.ISRG,WEAK_FULL_EVICT,90.68,100.0,9.32,10.0,False,KEEP
2022-11-07,1976,US.LRCX,US.MNST,WEAK_FULL_EVICT,81.16,82.44,1.28,10.0,False,KEEP
2022-11-10,1979,US.NVDA,US.MNST,WEAK_FULL_EVICT,81.16,100.0,18.84,10.0,True,REPLACE
2022-11-10,1979,US.AVGO,US.ISRG,WEAK_FULL_EVICT,90.68,100.0,9.32,10.0,False,KEEP
2022-11-11,1980,US.AMAT,US.ISRG,WEAK_FULL_EVICT,90.68,100.0,9.32,10.0,False,KEEP
2022-11-18,1985,US.ROST,US.ISRG,WEAK_FULL_EVICT,90.68,100.0,9.32,10.0,False,KEEP
2022-11-22,1987,US.MNST,US.ISRG,WEAK_FULL_EVICT,90.68,84.99,-5.69,10.0,False,KEEP
2022-11-30,1992,US.EXC,US.ISRG,WEAK_FULL_EVICT,90.68,100.0,9.32,10.0,False,KEEP
2022-12-01,1993,US.SNPS,US.ISRG,WEAK_FULL_EVICT,90.68,100.0,9.32,10.0,False,KEEP
2022-12-13,2001,US.AVGO,US.ISRG,WEAK_FULL_EVICT,90.68,93.7,3.02,10.0,False,KEEP
2023-01-17,2023,US.CDNS,US.ISRG,WEAK_FULL_EVICT,90.68,83.39,-7.29,10.0,False,KEEP
2023-01-20,2026,US.GOOGL,US.GOOG,OBSERVATION_EVICT,41.5,100.0,58.5,10.0,True,REPLACE
2023-01-23,2027,US.NVDA,US.ISRG,WEAK_FULL_EVICT,90.68,100.0,9.32,10.0,False,KEEP
2023-01-24,2028,US.PCAR,US.ISRG,WEAK_FULL_EVICT,90.68,100.0,9.32,10.0,False,KEEP
2023-01-26,2030,US.TSLA,US.ASML,OBSERVATION_EVICT,50.21,100.0,49.79,10.0,True,REPLACE
2023-01-26,2030,US.PDD,US.BKR,WEAK_FULL_EVICT,99.67,100.0,0.33,10.0,False,KEEP
2023-01-27,2031,US.ABNB,US.BKR,WEAK_FULL_EVICT,99.67,100.0,0.33,10.0,False,KEEP
2023-02-01,2034,US.AMD,US.BKR,WEAK_FULL_EVICT,99.67,100.0,0.33,10.0,False,KEEP
2023-02-02,2035,US.MRVL,US.BKR,WEAK_FULL_EVICT,99.67,100.0,0.33,10.0,False,KEEP
2023-02-03,2036,US.REGN,US.BKR,WEAK_FULL_EVICT,99.67,100.0,0.33,10.0,False,KEEP
2023-02-08,2039,US.FTNT,US.BKR,WEAK_FULL_EVICT,99.67,100.0,0.33,10.0,False,KEEP
2023-02-14,2043,US.CDNS,US.BKR,WEAK_FULL_EVICT,99.67,100.0,0.33,10.0,False,KEEP
2023-03-16,2064,US.NVDA,US.CDNS,OBSERVATION_EVICT,41.16,100.0,58.84,10.0,True,REPLACE
2023-03-16,2064,US.GOOG,US.AMD,OBSERVATION_EVICT,57.82,100.0,42.18,10.0,True,REPLACE
2023-03-21,2067,US.ADBE,US.AMD,OBSERVATION_EVICT,57.82,90.71,32.89,10.0,True,REPLACE
2023-04-27,2093,US.CMCSA,US.SBUX,OBSERVATION_EVICT,47.01,100.0,52.99,10.0,True,REPLACE
2023-04-28,2094,US.CMCSA,US.SBUX,OBSERVATION_EVICT,47.01,100.0,52.99,10.0,True,REPLACE
2023-05-01,2095,US.MNST,US.SBUX,OBSERVATION_EVICT,47.01,85.94,38.93,10.0,True,REPLACE
2023-05-05,2099,US.AAPL,US.SNPS,OBSERVATION_EVICT,53.04,87.47,34.43,10.0,True,REPLACE
2023-05-09,2101,US.PLTR,US.SNPS,OBSERVATION_EVICT,53.04,100.0,46.96,10.0,True,REPLACE
2023-05-10,2102,US.SNOW,US.SNPS,OBSERVATION_EVICT,53.04,100.0,46.96,10.0,True,REPLACE
2023-05-11,2103,US.GOOGL,US.SNPS,OBSERVATION_EVICT,53.04,100.0,46.96,10.0,True,REPLACE
2023-05-15,2105,US.AMAT,US.SNPS,OBSERVATION_EVICT,53.04,100.0,46.96,10.0,True,REPLACE
2023-05-17,2107,US.APP,US.SNPS,OBSERVATION_EVICT,53.04,100.0,46.96,10.0,True,REPLACE
2023-05-18,2108,US.AVGO,US.SNPS,OBSERVATION_EVICT,53.04,100.0,46.96,10.0,True,REPLACE
2023-05-19,2109,US.CSCO,US.SNPS,OBSERVATION_EVICT,53.04,100.0,46.96,10.0,True,REPLACE
2023-05-22,2110,US.OKTA,US.SNPS,OBSERVATION_EVICT,53.04,99.62,46.58,10.0,True,REPLACE
2023-08-03,2160,US.REGN,US.KDP,OBSERVATION_EVICT,45.28,100.0,54.72,10.0,True,REPLACE
2023-08-04,2161,US.AMGN,US.KDP,OBSERVATION_EVICT,45.28,100.0,54.72,10.0,True,REPLACE
2023-08-07,2162,US.AMGN,US.KDP,OBSERVATION_EVICT,45.28,100.0,54.72,10.0,True,REPLACE
2023-08-10,2165,US.APP,US.KDP,OBSERVATION_EVICT,45.28,100.0,54.72,10.0,True,REPLACE
2023-08-21,2172,US.REGN,US.KDP,OBSERVATION_EVICT,45.28,100.0,54.72,10.0,True,REPLACE
2023-08-29,2178,US.INTU,US.SBUX,OBSERVATION_EVICT,46.35,100.0,53.65,10.0,True,REPLACE
2023-08-31,2180,US.OKTA,US.SBUX,OBSERVATION_EVICT,46.35,100.0,53.65,10.0,True,REPLACE
2023-09-01,2181,US.FANG,US.SBUX,OBSERVATION_EVICT,46.35,99.84,53.49,10.0,True,REPLACE
2023-09-11,2186,US.TSLA,US.SBUX,OBSERVATION_EVICT,46.35,100.0,53.65,10.0,True,REPLACE
2023-09-14,2189,US.CTAS,US.SBUX,OBSERVATION_EVICT,46.35,100.0,53.65,10.0,True,REPLACE
2023-11-02,2224,US.QCOM,US.NFLX,OBSERVATION_EVICT,40.28,95.69,55.41,10.0,True,REPLACE
2023-11-03,2225,US.GEHC,US.DXCM,OBSERVATION_EVICT,49.77,100.0,50.23,10.0,True,REPLACE
2023-11-06,2226,US.CEG,US.DXCM,OBSERVATION_EVICT,49.77,100.0,50.23,10.0,True,REPLACE
2023-11-07,2227,US.DDOG,US.DXCM,OBSERVATION_EVICT,49.77,100.0,50.23,10.0,True,REPLACE
2023-11-10,2230,US.CPRT,US.DXCM,OBSERVATION_EVICT,49.77,100.0,50.23,10.0,True,REPLACE
2023-11-14,2232,US.SNPS,US.DXCM,OBSERVATION_EVICT,49.77,100.0,50.23,10.0,True,REPLACE
2023-11-15,2233,US.NXPI,US.DXCM,OBSERVATION_EVICT,49.77,82.75,32.98,10.0,True,REPLACE
2023-11-16,2234,US.ISRG,US.DXCM,OBSERVATION_EVICT,49.77,84.02,34.25,10.0,True,REPLACE
2023-11-17,2235,US.ROST,US.DXCM,OBSERVATION_EVICT,49.77,100.0,50.23,10.0,True,REPLACE
2023-11-20,2236,US.PLTR,US.DXCM,OBSERVATION_EVICT,49.77,87.43,37.66,10.0,True,REPLACE
2023-11-22,2238,US.ARM,US.DXCM,OBSERVATION_EVICT,49.77,88.46,38.69,10.0,True,REPLACE
2023-11-28,2241,US.PDD,US.DXCM,OBSERVATION_EVICT,49.77,100.0,50.23,10.0,True,REPLACE
2023-11-29,2242,US.PANW,US.DXCM,OBSERVATION_EVICT,49.77,100.0,50.23,10.0,True,REPLACE
2023-11-30,2243,US.SNOW,US.DXCM,OBSERVATION_EVICT,49.77,100.0,50.23,10.0,True,REPLACE
2023-12-01,2244,US.ABNB,US.DXCM,OBSERVATION_EVICT,49.77,83.18,33.41,10.0,True,REPLACE
2023-12-04,2245,US.IDXX,US.DXCM,OBSERVATION_EVICT,49.77,100.0,50.23,10.0,True,REPLACE
2023-12-06,2247,US.FAST,US.AAPL,OBSERVATION_EVICT,44.76,100.0,55.24,10.0,True,REPLACE
2023-12-08,2249,US.ARM,US.DXCM,OBSERVATION_EVICT,49.77,82.79,33.02,10.0,True,REPLACE
2023-12-11,2250,US.AVGO,US.DXCM,OBSERVATION_EVICT,49.77,100.0,50.23,10.0,True,REPLACE
2023-12-21,2258,US.CTAS,US.DXCM,OBSERVATION_EVICT,49.77,100.0,50.23,10.0,True,REPLACE
2023-12-28,2262,US.ARM,US.DXCM,OBSERVATION_EVICT,49.77,91.65,41.88,10.0,True,REPLACE
2025-04-29,2595,US.OKTA,US.TTWO,OBSERVATION_EVICT,40.52,100.0,59.48,10.0,True,REPLACE
2025-04-30,2596,US.BKNG,US.FTNT,OBSERVATION_EVICT,42.94,95.21,52.27,10.0,True,REPLACE
2025-05-01,2597,US.MSFT,US.FTNT,OBSERVATION_EVICT,42.94,100.0,57.06,10.0,True,REPLACE
2025-05-02,2598,US.DXCM,US.FTNT,OBSERVATION_EVICT,42.94,100.0,57.06,10.0,True,REPLACE
