,equity_jpy
2015-01-02,6998251.963085169
2015-01-05,6972410.701525069
2015-01-06,6949136.452711728
2015-01-07,6971212.762244489
2015-01-08,7004412.793636428
2015-01-09,6992775.669239068
2015-01-12,6974464.311715029
2015-01-13,6973950.909176849
2015-01-14,6964367.3949508285
2015-01-15,6941948.817046869
2015-01-16,6961971.516408289
2015-01-20,6975662.250995608
2015-01-21,6984561.228479229
2015-01-22,7016905.588961788
2015-01-23,7020841.675156109
2015-01-26,7018788.064966149
2015-01-27,6972581.835710669
2015-01-28,6963682.858227048
2015-01-29,6980282.873913709
2015-01-30,6966763.273511989
2015-02-02,6981729.845264938
2015-02-03,6999076.133386338
2015-02-04,6998158.992189898
2015-02-05,7016888.692109598
2015-02-06,7004573.536605898
2015-02-09,6998675.056768158
2015-02-10,7026114.676524518
2015-02-11,7033403.946824858
2015-02-12,7057720.836090758
2015-02-13,7074768.624343638
2015-02-17,7075840.923663758
2015-02-18,7078344.032161018
2015-02-19,7086295.8194576185
2015-02-20,7100053.952276492
2015-02-23,7101936.428280851
2015-02-24,7103305.501728411
2015-02-25,7098684.878810311
2015-02-26,7108097.258850731
2015-02-27,7099882.818090891
2015-03-02,7116653.967963152
2015-03-03,7107926.124665131
2015-03-04,7100738.489000271
2015-03-05,7103990.038470811
2015-03-06,7082940.53403303
2015-03-09,7088058.443082768
2015-03-10,7050992.830022347
2015-03-11,7037498.18536392
2015-03-12,7049327.61872442
2015-03-13,7039835.283250679
2015-03-16,7061694.497009621
2015-03-17,7095381.63401276
2015-03-18,7145251.05846614
2015-03-19,7163393.50187502
2015-03-20,7183341.3118219795
2015-03-23,7144011.2691397
2015-03-24,7117272.292227879
2015-03-25,6952598.860367039
2015-03-26,6928926.846856718
2015-03-27,6966306.790629498
2015-03-30,7032591.955471943
2015-03-31,6952201.319899983
2015-04-01,6906388.093101282
2015-04-02,6907506.026957602
2015-04-06,6923617.8586092945
2015-04-07,6920099.602216724
2015-04-08,6964978.450617963
2015-04-09,6993386.358096544
2015-04-10,7021244.195252924
2015-04-13,6991420.718910096
2015-04-14,6975752.479460094
2015-04-15,6991393.178451215
2015-04-16,7068595.538705395
2015-04-17,6996268.477146905
2015-04-20,7045927.768758836
2015-04-21,7066516.629191676
2015-04-22,7091531.504514312
2015-04-23,7127410.211692816
2015-04-24,7163592.325858636
2015-04-27,7135475.254198616
2015-04-28,7103325.027745502
2015-04-29,7098896.2978770025
2015-04-30,7011337.358887568
2015-05-01,7033179.520252444
2015-05-04,7042864.929473156
2015-05-05,6976687.803237785
2015-05-06,6951644.90289121
2015-05-07,6925507.997934805
2015-05-08,6969547.708313519
2015-05-11,6971330.098460959
2015-05-12,6962606.548488899
2015-05-13,6961433.718531808
2015-05-14,7002398.257195529
2015-05-15,7024974.034452733
2015-05-18,7032591.980947074
2015-05-19,7020055.660853924
2015-05-20,7014748.791801824
2015-05-21,7030004.453691175
2015-05-22,7021523.0257875975
2015-05-26,6996758.619509627
2015-05-27,7045158.318466876
2015-05-28,7036438.404112256
2015-05-29,7065784.822300056
2015-06-01,7068395.831718416
2015-06-02,7050305.460762696
2015-06-03,7049395.799917596
2015-06-04,7022368.753556243
2015-06-05,7049936.305582145
2015-06-08,6983293.603219545
2015-06-09,6633084.541704925
2015-06-10,7061326.150376889
2015-06-11,7047228.309195689
2015-06-12,7028609.298839869
2015-06-15,7006313.190214322
2015-06-16,7038315.436114983
2015-06-17,7058659.426452843
2015-06-18,7118189.706031122
2015-06-19,7090898.134080542
2015-06-22,7135781.713163123
2015-06-23,7139330.167837642
2015-06-24,7093229.9210286625
2015-06-25,7077586.218897263
2015-06-26,7032750.759794422
2015-06-29,6923092.293785113
2015-06-30,6959278.556398821
2015-07-01,6977994.928696381
2015-07-02,6979668.284625662
2015-07-06,6958157.4345466215
2015-07-07,6966404.120714871
2015-07-08,6909255.650763571
2015-07-09,6917394.332700971
2015-07-10,6972008.451562651
2015-07-13,7035893.637056431
2015-07-14,7055885.334771913
2015-07-15,7032450.795601493
2015-07-16,7194198.361653387
2015-07-17,7366963.522821708
2015-07-20,7337807.991123407
2015-07-21,7342932.152995887
2015-07-22,7316997.753985817
2015-07-23,7276240.879976217
2015-07-24,7201110.709955856
2015-07-27,7147625.422940836
2015-07-28,7187132.391636017
2015-07-29,7204054.134302189
2015-07-30,7298720.884382608
2015-07-31,7315320.300027575
2015-08-03,7317253.566805766
2015-08-04,7347960.738981446
2015-08-05,7416020.5683361655
2015-08-06,7373556.507896198
2015-08-07,7333120.043492959
2015-08-10,7374286.397464359
2015-08-11,7390292.140668719
2015-08-12,7397282.844495142
2015-08-13,7394323.390000082
2015-08-14,7407783.556498182
2015-08-17,7449604.335477882
2015-08-18,7419737.178830862
2015-08-19,7383719.489582062
2015-08-20,7198349.513581482
2015-08-21,6975373.592364279
2015-08-24,6839890.420546914
2015-08-25,6827282.970974917
2015-08-26,6848282.734731916
2015-08-27,6870623.0094702365
2015-08-28,6874250.334167456
2015-08-31,6868282.487195096
2015-09-01,6844236.852394916
2015-09-02,6864125.7287626965
2015-09-03,6864852.606765596
2015-09-04,6860296.471930028
2015-09-08,6893095.579908552
2015-09-09,6866668.007265495
2015-09-10,6886749.538741656
2015-09-11,6901007.951876915
2015-09-14,6872995.8244821355
2015-09-15,6905934.484225382
2015-09-16,6912003.897467153
2015-09-17,6926609.804222033
2015-09-18,6802040.969783919
2015-09-21,6809358.723426445
2015-09-22,6728508.05001921
2015-09-23,6728757.628924204
2015-09-24,6709441.508066499
2015-09-25,6713952.689663659
2015-09-28,6620224.842726563
2015-09-29,6609212.515140973
2015-09-30,6626592.05371848
2015-10-01,6627139.964068461
2015-10-02,6660441.485099252
2015-10-05,6712433.766274072
2015-10-06,6701926.484974173
2015-10-07,6713710.162993573
2015-10-08,6721489.120329933
2015-10-09,6716037.186182838
2015-10-12,6748145.606299618
2015-10-13,6713358.233821621
2015-10-14,6714799.549557585
2015-10-15,6765186.333002718
2015-10-16,6802305.413567858
2015-10-19,6818234.478410039
2015-10-20,6811692.767189799
2015-10-21,6778052.6816938585
2015-10-22,6873698.744666738
2015-10-23,6972561.919104598
2015-10-26,6988663.258468639
2015-10-27,6947933.806044558
2015-10-28,6921258.157233687
2015-10-29,6838105.691614136
2015-10-30,6828043.375830611
2015-11-02,6865018.60883175
2015-11-03,6881940.89166473
2015-11-04,6883336.801705711
2015-11-05,6868435.82089659
2015-11-06,6932476.355759913
2015-11-09,6873950.104958743
2015-11-10,6850457.857263884
2015-11-11,6842588.744082583
2015-11-12,6788576.4223671295
2015-11-13,6714913.029162803
2015-11-16,6780107.98465038
2015-11-17,6780897.73608978
2015-11-18,6855494.59031104
2015-11-19,6863185.41499496
2015-11-20,6883063.83823138
2015-11-23,6867585.5017485395
2015-11-24,6877092.72280726
2015-11-25,6877429.55153656
2015-11-27,6888027.846855132
2015-11-30,6905033.818979252
2015-12-01,6973485.244119672
2015-12-02,6942325.198979919
2015-12-03,6866867.662506816
2015-12-04,6977904.8968754355
2015-12-07,6931858.952676365
2015-12-08,6945453.078689138
2015-12-09,6865822.196751995
2015-12-10,6887874.635768715
2015-12-11,6781647.813664602
2015-12-14,6802323.454119182
2015-12-15,6830809.427647922
2015-12-16,6883096.976382041
2015-12-17,6819539.886826526
2015-12-18,6746096.063224238
2015-12-21,6804555.437174698
2015-12-22,6823019.575691018
2015-12-23,6865066.940778298
2015-12-24,6875395.027003119
2015-12-28,6878837.028062959
2015-12-29,6933357.538385839
2015-12-30,6898859.737590339
2015-12-31,6837069.573182702
2016-01-04,6731786.93232446
2016-01-05,6729831.154960356
2016-01-06,6666343.599578183
2016-01-07,6631898.760683638
2016-01-08,6609984.42418615
2016-01-11,6609851.758078738
2016-01-12,6611727.6520620575
2016-01-13,6604503.910719058
2016-01-14,6605245.277598227
2016-01-15,6601939.108579627
2016-01-19,6600908.358881567
2016-01-20,6586411.241829075
2016-01-21,6585738.992409554
2016-01-22,6587746.837529386
2016-01-25,6587746.837529386
2016-01-26,6587602.488839077
2016-01-27,6584871.622750777
2016-01-28,6584067.164136788
2016-01-29,6601620.74399123
2016-02-01,6613463.06845765
2016-02-02,6591486.05507569
2016-02-03,6623312.681634591
2016-02-04,6610664.127817895
2016-02-05,6587233.025129981
2016-02-08,6569334.476038622
2016-02-09,6535284.651047766
2016-02-10,6531428.2185580665
2016-02-11,6477940.781400657
2016-02-12,6472283.835733096
2016-02-16,6519771.21757752
2016-02-17,6557291.81555098
2016-02-18,6581876.30580648
2016-02-19,6560610.6553351
2016-02-22,6582225.9025215
2016-02-23,6556405.172865801
2016-02-24,6554098.725167641
2016-02-25,6587476.308014082
2016-02-26,6548858.994434761
2016-02-29,6557282.218535662
2016-03-01,6579234.255113462
2016-03-02,6594855.033009462
2016-03-03,6632965.991238443
2016-03-04,6638202.402809463
2016-03-07,6660342.825694323
2016-03-08,6610097.788040827
2016-03-09,6600721.764721926
2016-03-10,6618745.975671006
2016-03-11,6651172.800718965
2016-03-14,6623655.301914086
2016-03-15,6611007.763652406
2016-03-16,6652382.458487586
2016-03-17,6657427.313531206
2016-03-18,6662488.596326536
2016-03-21,6656215.732034996
2016-03-22,6665249.237548953
2016-03-23,6637276.285656614
2016-03-24,6647154.036297554
2016-03-28,6612480.445092734
2016-03-29,6625910.662515279
2016-03-30,6660931.909214179
2016-03-31,6651178.61346492
2016-04-01,6702898.898296099
2016-04-04,6663255.067625178
2016-04-05,6614436.672125597
2016-04-06,6642051.820551077
2016-04-07,6580434.679603897
2016-04-08,6601727.919591077
2016-04-11,6590810.949026857
2016-04-12,6640253.517533518
2016-04-13,6670163.721275818
2016-04-14,6661113.713810438
2016-04-15,6648269.690890737
2016-04-18,6688755.646539198
2016-04-19,6672336.709013438
2016-04-20,6643702.060823318
2016-04-21,6612631.075905729
2016-04-22,6598342.812364709
2016-04-25,6588911.293750988
2016-04-26,6594754.647904128
2016-04-27,6581988.7699846905
2016-04-28,6489908.621921975
2016-04-29,6479120.9098521555
2016-05-02,6501551.733036855
2016-05-03,6473717.455234682
2016-05-04,6454415.152856335
2016-05-05,6452523.499192995
2016-05-06,6472501.470905155
2016-05-09,6482020.715890201
2016-05-10,6515663.49937718
2016-05-11,6498221.09290975
2016-05-12,6504989.59062027
2016-05-13,6475874.24870581
2016-05-16,6507713.780505132
2016-05-17,6471344.206362594
2016-05-18,6482673.293254262
2016-05-19,6477283.549350347
2016-05-20,6497245.0878891535
2016-05-23,6484233.987931762
2016-05-24,6553199.565253686
2016-05-25,6568748.124069407
2016-05-26,6585550.631202007
2016-05-27,6621267.571311207
2016-05-31,6618812.799401203
2016-06-01,6619536.633859683
2016-06-02,6643115.186357463
2016-06-03,6611110.600538103
2016-06-06,6627918.651044482
2016-06-07,6626539.408762302
2016-06-08,6635177.589289503
2016-06-09,6652374.080428744
2016-06-10,6575580.817868322
2016-06-13,6550521.107415624
2016-06-14,6551940.14737757
2016-06-15,6546621.69869475
2016-06-16,6565461.72773335
2016-06-17,6515774.420254838
2016-06-20,6543555.564600811
2016-06-21,6562558.208786932
2016-06-22,6549260.045087411
2016-06-23,6637892.954290291
2016-06-24,6401715.480332674
2016-06-27,6340906.855026985
2016-06-28,6397210.126542518
2016-06-29,6443560.778234057
2016-06-30,6472595.53282267
2016-07-01,6483940.81792963
2016-07-05,6484784.77169847
2016-07-06,6518788.11335803
2016-07-07,6538364.165393431
2016-07-08,6622074.296241551
2016-07-11,6651803.657809471
2016-07-12,6664379.05428639
2016-07-13,6671821.40956423
2016-07-14,6691905.099142285
2016-07-15,6684329.3670026455
2016-07-18,6721695.752550186
2016-07-19,6710928.217794262
2016-07-20,6757169.045318063
2016-07-21,6720174.522946123
2016-07-22,6766001.095694723
2016-07-25,6782648.121748982
2016-07-26,6817490.083817322
2016-07-27,6833801.990813043
2016-07-28,6835363.010847183
2016-07-29,6852939.819640502
2016-08-01,6852870.848038783
2016-08-02,6874004.377129022
2016-08-03,6895986.9421111625
2016-08-04,6927622.898097482
2016-08-05,6984346.718192242
2016-08-08,6981584.043874342
2016-08-09,7002655.4358708225
2016-08-10,6973217.753534103
2016-08-11,7019496.152056402
2016-08-12,7062397.387197362
2016-08-15,7084309.146963201
2016-08-16,7041023.914719958
2016-08-17,7022771.824666285
2016-08-18,7051177.634099405
2016-08-19,7113384.740045706
2016-08-22,7103100.619775364
2016-08-23,7133258.409251165
2016-08-24,7086796.566799665
2016-08-25,7081854.533555545
2016-08-26,7098700.069862865
2016-08-29,7114037.272219146
2016-08-30,7108662.603833064
2016-08-31,7092487.553835945
2016-09-01,7129295.985055225
2016-09-02,7148655.505631564
2016-09-06,7169086.1514743045
2016-09-07,7149784.348463325
2016-09-08,7102107.492019745
2016-09-09,6945501.595605621
2016-09-12,7019066.134664482
2016-09-13,6958596.723766502
2016-09-14,6972217.063341575
2016-09-15,7062143.852616696
2016-09-16,7056030.281808035
2016-09-19,7069093.209087396
2016-09-20,7074850.658607176
2016-09-21,7127513.888325995
2016-09-22,7155369.792562855
2016-09-23,7110248.719533514
2016-09-26,7075405.924957136
2016-09-27,7139735.271565935
2016-09-28,7156210.477940835
2016-09-29,7120338.60310185
2016-09-30,7185598.104737291
2016-10-03,7179161.628251637
2016-10-04,7163172.068101717
2016-10-05,7187839.999084097
2016-10-06,7181001.897246817
2016-10-07,7175971.1302522775
2016-10-10,7193952.4351373175
2016-10-11,7095088.600650273
2016-10-12,7089360.829088593
2016-10-13,7035374.289079784
2016-10-14,7053175.397678414
2016-10-17,7034834.591266772
2016-10-18,7116373.563653134
2016-10-19,7129266.336434554
2016-10-20,7149435.617313154
2016-10-21,7148671.115841154
2016-10-24,7239844.433602275
2016-10-25,7222312.375860894
2016-10-26,7176479.234527867
2016-10-27,7147467.448561627
2016-10-28,7128828.159414763
2016-10-31,7143423.990891581
2016-11-01,7085035.8232120015
2016-11-02,7058302.4287047405
2016-11-03,7028413.624696426
2016-11-04,7014681.181560687
2016-11-07,7123506.392785907
2016-11-08,7133186.702469567
2016-11-09,7118611.411524773
2016-11-10,7023322.788828524
2016-11-11,7221608.628237664
2016-11-14,7155991.548539423
2016-11-15,7217604.255964309
2016-11-16,7284537.85290613
2016-11-17,7305345.337536253
2016-11-18,7317597.279129753
2016-11-21,7355106.629280473
2016-11-22,7381706.858641073
2016-11-23,7391896.497271153
2016-11-25,7402880.293507293
2016-11-28,7391282.174683393
2016-11-29,7394130.8311399715
2016-11-30,7361365.763827791
2016-12-01,7242013.294068279
2016-12-02,7269207.699954759
2016-12-05,7340926.106183739
2016-12-06,7387181.790129563
2016-12-07,7476915.614517184
2016-12-08,7486957.239847284
2016-12-09,7478143.218305644
2016-12-12,7451650.356588503
2016-12-13,7491149.136733326
2016-12-14,7530100.335183826
2016-12-15,7569251.899527326
2016-12-16,7564167.777857426
2016-12-19,7608252.729112806
2016-12-20,7676370.941116588
2016-12-21,7671828.590141889
2016-12-22,7683005.491737889
2016-12-23,7724118.655961769
2016-12-27,7844100.665134389
2016-12-28,7715361.1269728895
2016-12-29,7720110.966248609
2016-12-30,7627860.536852589
2017-01-03,7617310.052947929
2017-01-04,7681391.330171134
2017-01-05,7643439.911472375
2017-01-06,7701226.463236155
2017-01-09,7756948.939953055
2017-01-10,7756897.161887975
2017-01-11,7752179.689600194
2017-01-12,7710947.005358774
2017-01-13,7744330.326746415
2017-01-17,7676462.930019915
2017-01-18,7709644.650923638
2017-01-19,7729161.146518877
2017-01-20,7739704.477924477
2017-01-23,7755802.984152477
2017-01-24,7817937.1121694185
2017-01-25,7852356.131808994
2017-01-26,7854505.165284954
2017-01-27,7919362.738442954
2017-01-30,7873034.726755064
2017-01-31,7842888.496600176
2017-02-01,7903113.642798876
2017-02-02,7923382.998315152
2017-02-03,7930002.926736464
2017-02-06,7979451.577193684
2017-02-07,8013327.860690404
2017-02-08,8022254.555523124
2017-02-09,8034577.400534104
2017-02-10,8009916.252597644
2017-02-13,8020264.450082444
2017-02-14,8031313.069134124
2017-02-15,8074641.722462083
2017-02-16,8052879.6001503635
2017-02-17,8074791.082105804
2017-02-21,8155999.042490823
2017-02-22,8125239.014823223
2017-02-23,7961527.839944784
2017-02-24,7959563.57542506
2017-02-27,7932536.163330634
2017-02-28,7879372.965458708
2017-03-01,7935902.304189747
2017-03-02,7900333.3620566875
2017-03-03,7911279.627190687
2017-03-06,7901564.008742487
2017-03-07,7890755.400958806
2017-03-08,7914284.7891678475
2017-03-09,7903160.231612407
2017-03-10,7943863.800258147
2017-03-13,7955407.560842186
2017-03-14,7937486.712924626
2017-03-15,7975989.318706404
2017-03-16,7983777.016718486
2017-03-17,8001692.680043066
2017-03-20,8008068.530906126
2017-03-21,7914428.376916727
2017-03-22,7959358.819333727
2017-03-23,7951971.968661407
2017-03-24,7979162.628625007
2017-03-27,7984924.169238899
2017-03-28,8026995.6791963
2017-03-29,8032158.71848036
2017-03-30,8037241.405605119
2017-03-31,8032116.22733992
2017-04-03,8064974.5722603
2017-04-04,8075140.854201499
2017-04-05,8030727.4941922985
2017-04-06,8049713.842124598
2017-04-07,8054317.59367504
2017-04-10,8060827.2695903
2017-04-11,8027291.847630378
2017-04-12,7990087.294216238
2017-04-13,7983668.572004097
2017-04-17,8025563.542934738
2017-04-18,8020251.394443579
2017-04-19,8036265.717360899
2017-04-20,8071753.107714279
2017-04-21,8072629.138572779
2017-04-24,8158122.327833418
2017-04-25,8187396.659045279
2017-04-26,8172538.36186274
2017-04-27,8212433.685856719
2017-04-28,8267445.1753939185
2017-05-01,8311820.93370962
2017-05-02,8327487.936470399
2017-05-03,8294236.623118639
2017-05-04,8342144.016108599
2017-05-05,8357533.330310119
2017-05-08,8344296.626500804
2017-05-09,8386396.983472763
2017-05-10,8359525.2478574235
2017-05-11,8363678.698224362
2017-05-12,8386480.268895123
2017-05-15,8386418.407405643
2017-05-16,8404131.566832123
2017-05-17,8263626.766270682
2017-05-18,8316843.260679103
2017-05-19,8340174.197973803
2017-05-22,8378107.943366844
2017-05-23,8368957.324504564
2017-05-24,8401533.832468143
2017-05-25,8459841.233712962
2017-05-26,8479518.627111143
2017-05-30,8498821.750863783
2017-05-31,8514753.840453843
2017-06-01,8539994.251395883
2017-06-02,8603997.707693363
2017-06-05,8605642.999879664
2017-06-06,8614397.859634843
2017-06-07,8641533.269217104
2017-06-08,8672445.653989464
2017-06-09,8487659.49756715
2017-06-12,8427033.320519803
2017-06-13,8484723.28514514
2017-06-14,8478287.04427366
2017-06-15,8454786.430579899
2017-06-16,8440129.9352299
2017-06-19,8518075.5822056
2017-06-20,8477941.442809999
2017-06-21,8563542.1289579
2017-06-22,8583299.199762559
2017-06-23,8604812.26783738
2017-06-26,8581125.751900518
2017-06-27,8480506.247651897
2017-06-28,8570354.24224364
2017-06-29,8481795.321931679
2017-06-30,8468439.002426557
2017-07-03,8422156.379551258
2017-07-05,8440480.89601891
2017-07-06,8360253.598742237
2017-07-07,8397685.795637008
2017-07-10,8408043.273465605
2017-07-11,8406604.88430287
2017-07-12,8459905.811541311
2017-07-13,8484828.188812152
2017-07-14,8529352.44868483
2017-07-17,8535009.34275843
2017-07-18,8557737.38982309
2017-07-19,8626424.60730379
2017-07-20,8662111.662865851
2017-07-21,8651853.41623155
2017-07-24,8687700.448390951
2017-07-25,8665323.291968932
2017-07-26,8686526.162562871
2017-07-27,8634929.344024291
2017-07-28,8710340.478399372
2017-07-31,8660020.925251871
2017-08-01,8652083.421716651
2017-08-02,8625317.476225661
2017-08-03,8631618.29252674
2017-08-04,8639873.31116336
2017-08-07,8716822.625479361
2017-08-08,8687905.36766642
2017-08-09,8658762.60802681
2017-08-10,8513601.289698243
2017-08-11,8543728.776333848
2017-08-14,8619108.447478807
2017-08-15,8647866.423012368
2017-08-16,8647002.439077366
2017-08-17,8523839.595966786
2017-08-18,8519259.682073833
2017-08-21,8523253.165483834
2017-08-22,8609003.358339295
2017-08-23,8590230.794260213
2017-08-24,8583166.331422195
2017-08-25,8591332.544277554
2017-08-28,8619711.424855294
2017-08-29,8631543.059437228
2017-08-30,8675409.80483397
2017-08-31,8730381.445328789
2017-09-01,8736575.428981287
2017-09-05,8698691.920415727
2017-09-06,8690323.472004607
2017-09-07,8714818.018206067
2017-09-08,8691695.781569686
2017-09-11,8757685.234022386
2017-09-12,8768636.160699986
2017-09-13,8752539.766660247
2017-09-14,8737539.939081566
2017-09-15,8737718.149295537
2017-09-18,8797926.822397877
2017-09-19,8802702.773540776
2017-09-20,8773838.707547216
2017-09-21,8729015.159786742
2017-09-22,8740589.7123867
2017-09-25,8691205.347984599
2017-09-26,8701854.341650398
2017-09-27,8763542.014651522
2017-09-28,8770539.880468423
2017-09-29,8818822.049155764
2017-10-02,8831074.865497543
2017-10-03,8864795.277446123
2017-10-04,8875116.432357183
2017-10-05,8909977.569004722
2017-10-06,8939675.135644302
2017-10-09,8943098.056625642
2017-10-10,8945817.451670723
2017-10-11,8981162.712356703
2017-10-12,8973974.589524603
2017-10-13,8994699.687432664
2017-10-16,9007847.201550864
2017-10-17,9010400.551214483
2017-10-18,8995581.759887844
2017-10-19,9013965.356287263
2017-10-20,9077305.269713283
2017-10-23,9070783.716374703
2017-10-24,9080411.665269043
2017-10-25,9045876.067939103
2017-10-26,9068242.092671202
2017-10-27,9306868.067973882
2017-10-30,9282945.392731963
2017-10-31,9327996.280657362
2017-11-01,9316279.209331403
2017-11-02,9335799.743395204
2017-11-03,9405664.847412024
2017-11-06,9424116.458518203
2017-11-07,9440850.304165183
2017-11-08,9488230.636997677
2017-11-09,9418953.612842176
2017-11-10,9440739.312210616
2017-11-13,9482222.787998777
2017-11-14,9489297.465972636
2017-11-15,9425016.768371517
2017-11-16,9556065.546804536
2017-11-17,9523202.897272237
2017-11-20,9553033.737537337
2017-11-21,9619468.505286196
2017-11-22,9586336.126620237
2017-11-24,9621171.854330134
2017-11-27,9638981.236082254
2017-11-28,9681193.630991694
2017-11-29,9485059.599269057
2017-11-30,9567525.182531264
2017-12-01,9503797.647930603
2017-12-04,9329757.388210658
2017-12-05,9298786.516989298
2017-12-06,9279011.916058738
2017-12-07,9278822.490570981
2017-12-08,9312676.4170778
2017-12-11,9326356.484522317
2017-12-12,9315051.843439195
2017-12-13,9357957.055206235
2017-12-14,9326903.410199378
2017-12-15,9395184.094466697
2017-12-18,9447506.883965956
2017-12-19,9405648.415193137
2017-12-20,9380643.607989676
2017-12-21,9366121.364054456
2017-12-22,9346782.917804088
2017-12-26,9346687.999767449
2017-12-27,9344889.607334968
2017-12-28,9354697.113956608
2017-12-29,9318050.555813588
2018-01-02,9403699.902374128
2018-01-03,9467387.138731487
2018-01-04,9488312.22319457
2018-01-05,9536205.008616868
2018-01-08,9567641.129948309
2018-01-09,9551192.171855748
2018-01-10,9536208.937666329
2018-01-11,9585841.873035267
2018-01-12,9639984.476056349
2018-01-16,9617912.688947089
2018-01-17,9648754.598341305
2018-01-18,9660524.632176725
2018-01-19,9692111.700057346
2018-01-22,9749723.523541525
2018-01-23,9782331.165897485
2018-01-24,9750369.912899684
2018-01-25,9737153.587798964
2018-01-26,9844655.032315746
2018-01-29,9843437.328553367
2018-01-30,9755018.359898707
2018-01-31,9720474.802985946
2018-02-01,9650603.566476341
2018-02-02,9486812.441794546
2018-02-05,9223672.412193501
2018-02-06,9285183.405028839
2018-02-07,9235549.497541338
2018-02-08,9119718.90050884
2018-02-09,9159494.321790306
2018-02-12,9205058.466622805
2018-02-13,9228104.375855306
2018-02-14,9300271.140700305
2018-02-15,9348746.114385422
2018-02-16,9351554.783554424
2018-02-20,9374937.767243244
2018-02-21,9338973.040730003
2018-02-22,9316406.048252044
2018-02-23,9431365.009009665
2018-02-26,9495216.840575619
2018-02-27,9451209.888376338
2018-02-28,9421370.078934798
2018-03-01,9284279.648917278
2018-03-02,9387632.088324286
2018-03-05,9472775.273594227
2018-03-06,9517702.748101247
2018-03-07,9548625.285001047
2018-03-08,9619900.372192888
2018-03-09,9693787.941438166
2018-03-12,9779685.079989726
2018-03-13,9710757.508176627
2018-03-14,9719032.313556306
2018-03-15,9678787.947006086
2018-03-16,9677629.454752427
2018-03-19,9549177.553186046
2018-03-20,9602535.987956248
2018-03-21,9590314.294155987
2018-03-22,9417225.086159667
2018-03-23,9224135.007749766
2018-03-26,9452278.044524044
2018-03-27,9219692.319988266
2018-03-28,9084711.754592735
2018-03-29,9192109.033854175
2018-04-02,9062274.736407528
2018-04-03,9130733.483745208
2018-04-04,9157694.62821348
2018-04-05,9172145.52520489
2018-04-06,9051085.657441579
2018-04-09,9070883.192906
2018-04-10,9166460.33366638
2018-04-11,9150297.56663702
2018-04-12,9205762.415726878
2018-04-13,9165543.876270631
2018-04-16,9205549.286328387
2018-04-17,9321984.841492146
2018-04-18,9131477.140160784
2018-04-19,9085461.991998445
2018-04-20,9025470.466186687
2018-04-23,9014971.171097316
2018-04-24,8920847.812120605
2018-04-25,8881418.644286044
2018-04-26,8978986.958185885
2018-04-27,8972159.490864385
2018-04-30,8974612.484181006
2018-05-01,9160745.058843669
2018-05-02,9133873.088949578
2018-05-03,9159044.631453797
2018-05-04,9227044.888293978
2018-05-07,9292124.289150108
2018-05-08,9313674.923798308
2018-05-09,9409172.393970048
2018-05-10,9485370.955234887
2018-05-11,9471959.687891427
2018-05-14,9450640.733448606
2018-05-15,9372430.932727387
2018-05-16,9395183.958501887
2018-05-17,9381536.041494967
2018-05-18,9355235.882384287
2018-05-21,9388752.256922368
2018-05-22,9367887.576272704
2018-05-23,9434823.451005563
2018-05-24,9464760.640483143
2018-05-25,9481468.333126884
2018-05-29,9485017.742092358
2018-05-30,9553315.464981839
2018-05-31,9500878.995908597
2018-06-01,9635958.313292239
2018-06-04,9692287.130145777
2018-06-05,9704887.691634536
2018-06-06,9736743.291725956
2018-06-07,9636759.958578076
2018-06-08,9690685.497764478
2018-06-11,9708420.033089686
2018-06-12,9783104.590188447
2018-06-13,9779787.779939527
2018-06-14,9814122.703710787
2018-06-15,9811836.677774467
2018-06-18,9825568.215526588
2018-06-19,9789302.663161028
2018-06-20,9824912.458007388
2018-06-21,9774470.997665808
2018-06-22,9713780.342302987
2018-06-25,9497397.043471139
2018-06-26,9514345.96581436
2018-06-27,9423022.3529571
2018-06-28,9459719.221796475
2018-06-29,9476558.960443115
2018-07-02,9543178.263572374
2018-07-03,9508851.480039515
2018-07-05,9562158.062895056
2018-07-06,9639707.561806556
2018-07-09,9657701.658596594
2018-07-10,9678499.943454433
2018-07-11,9673660.617338335
2018-07-12,9770473.388177315
2018-07-13,9741147.688078653
2018-07-16,9716254.802741755
2018-07-17,9802052.753876034
2018-07-18,9821277.646934874
2018-07-19,9806471.242451461
2018-07-20,9795133.00442753
2018-07-23,9796537.83426723
2018-07-24,9759061.449969575
2018-07-25,9889095.935901133
2018-07-26,9852655.197131313
2018-07-27,9715080.080871474
2018-07-30,9597645.777090594
2018-07-31,9655178.295419844
2018-08-01,9642377.315554043
2018-08-02,9878747.868600102
2018-08-03,9900991.027216382
2018-08-06,9932245.129937623
2018-08-07,9955180.197820902
2018-08-08,9949695.826506943
2018-08-09,10018900.123288702
2018-08-10,9953215.029809522
2018-08-13,9927380.276700182
2018-08-14,10017481.619709902
2018-08-15,9897617.85964052
2018-08-16,9934942.169920191
2018-08-17,9952739.390471052
2018-08-20,9963933.421778673
2018-08-21,9994367.582909752
2018-08-22,10012737.624578893
2018-08-23,10039324.624381473
2018-08-24,10042615.128339894
2018-08-27,10125167.895606933
2018-08-28,10147542.315184386
2018-08-29,10201883.799210306
2018-08-30,10187397.876972245
2018-08-31,10225749.952569187
2018-09-04,10258849.068360467
2018-09-05,10205973.267773971
2018-09-06,10182920.48769861
2018-09-07,10156467.582643343
2018-09-10,10213963.944832202
2018-09-11,10240084.214032402
2018-09-12,10206394.249495363
2018-09-13,10291636.250931423
2018-09-14,10265299.742792921
2018-09-17,10155301.595795583
2018-09-18,10231219.69846716
2018-09-19,10223259.89388156
2018-09-20,10300753.942385599
2018-09-21,10290943.60873304
2018-09-24,10271486.499646187
2018-09-25,10282818.389823347
2018-09-26,10244694.803341666
2018-09-27,10300670.101277146
2018-09-28,10309574.675373606
2018-10-01,10285547.091076527
2018-10-02,10265873.404653506
2018-10-03,10261692.560566926
2018-10-04,10146821.685674308
2018-10-05,10077185.212148527
2018-10-08,10019517.245904941
2018-10-09,10016705.598740881
2018-10-10,9699865.411838198
2018-10-11,9602830.092920335
2018-10-12,9649535.336020634
2018-10-15,9622744.940762293
2018-10-16,9710367.357117768
2018-10-17,9678976.95074975
2018-10-18,9608045.56817189
2018-10-19,9621427.92311351
2018-10-22,9642365.92069891
2018-10-23,9604508.298947796
2018-10-24,9407797.259626629
2018-10-25,9393418.470423162
2018-10-26,9316004.892347714
2018-10-29,9274074.268702121
2018-10-30,9260752.841874659
2018-10-31,9324558.820864698
2018-11-01,9345866.013944186
2018-11-02,9308174.582453625
2018-11-05,9301968.819089433
2018-11-06,9326838.864535084
2018-11-07,9447264.78047648
2018-11-08,9475035.816589301
2018-11-09,9446090.202018399
2018-11-12,9325245.249563243
2018-11-13,9337806.107784621
2018-11-14,9332119.737716332
2018-11-15,9373086.496165507
2018-11-16,9394078.357217876
2018-11-19,9348477.40991569
2018-11-20,9263769.83882843
2018-11-21,9227815.850717343
2018-11-23,9149740.316275263
2018-11-26,9235296.685509827
2018-11-27,9244538.583687369
2018-11-28,9334099.570528222
2018-11-29,9301293.146382762
2018-11-30,9350788.469877724
2018-12-03,9379864.7508462
2018-12-04,9288083.421450319
2018-12-06,9283956.779305056
2018-12-07,9221107.359970398
2018-12-10,9268681.251370285
2018-12-11,9290089.860342525
2018-12-12,9285621.649173971
2018-12-13,9342199.17081293
2018-12-14,9257261.498278532
2018-12-17,9139901.066117845
2018-12-18,9102061.886299197
2018-12-19,9082241.584786717
2018-12-20,8996267.79976309
2018-12-21,8969562.000215111
2018-12-24,8915472.599865664
2018-12-26,8924454.680709623
2018-12-27,8925082.627334615
2018-12-28,8889116.76236203
2018-12-31,8898643.53383961
2019-01-02,8901404.402622202
2019-01-03,8913315.647009343
2019-01-04,8898269.413151532
2019-01-07,8914201.29809156
2019-01-08,8974122.19002694
2019-01-09,8951488.782252342
2019-01-10,9028145.608616501
2019-01-11,9025041.4891547
2019-01-14,8961054.46633498
2019-01-15,8993857.5653193
2019-01-16,9004806.17287366
2019-01-17,9005816.85561666
2019-01-18,9025591.285793701
2019-01-22,8948576.47749598
2019-01-23,8976494.13482466
2019-01-24,9027575.9673468
2019-01-25,9081415.95339784
2019-01-28,9038745.882650761
2019-01-29,9057254.035624912
2019-01-30,9063937.510050092
2019-01-31,9125310.35710141
2019-02-01,9099195.180908991
2019-02-04,9109824.871172912
2019-02-05,9157695.20588398
2019-02-06,9020154.628572423
2019-02-07,8946812.226792503
2019-02-08,8936360.540107679
2019-02-11,8961008.061125658
2019-02-12,9006729.330379192
2019-02-13,9005087.160451332
2019-02-14,9036990.017561045
2019-02-15,9082728.963662144
2019-02-19,9086608.034452705
2019-02-20,9066433.545897085
2019-02-21,9021782.464810552
2019-02-22,9075136.742782373
2019-02-25,9066589.512196911
2019-02-26,9091901.560724413
2019-02-27,9050054.244175753
2019-02-28,9060745.390176812
2019-03-01,9084653.502383392
2019-03-04,9097562.795299912
2019-03-05,9093053.417205712
2019-03-06,9050467.467220813
2019-03-07,9025823.75046435
2019-03-08,8985247.102182949
2019-03-11,9043403.27437555
2019-03-12,9063722.15103307
2019-03-13,8996873.200824052
2019-03-14,8966993.35438649
2019-03-15,8990728.90738793
2019-03-18,9045975.244344091
2019-03-19,9017252.01063569
2019-03-20,9023746.697013477
2019-03-21,9136217.991603117
2019-03-22,8993058.334450463
2019-03-25,9008407.113561582
2019-03-26,9026035.779669503
2019-03-27,8987385.711423011
2019-03-28,9003276.188622812
2019-03-29,9026180.611747611
2019-04-01,9082245.514779512
2019-04-02,9083579.511539971
2019-04-03,9096601.236426912
2019-04-04,9083857.602515372
2019-04-05,9122403.013890307
2019-04-08,9126078.055965506
2019-04-09,9109297.472212147
2019-04-10,9138893.366460487
2019-04-11,9146593.667519566
2019-04-12,9172725.718053246
2019-04-15,9143871.030446745
2019-04-16,9122721.083367087
2019-04-17,9112613.129719425
2019-04-18,9113238.122164007
2019-04-22,9107845.193660526
2019-04-23,9153889.284111205
2019-04-24,9162121.107027587
2019-04-25,9124941.330714095
2019-04-26,9136144.850221135
2019-04-29,9138073.1025408
2019-04-30,9076562.296009935
2019-05-01,9039638.011002395
2019-05-02,9042318.017070716
2019-05-03,9103894.814308196
2019-05-06,9054562.14865955
2019-05-07,8958309.77174305
2019-05-08,8950966.268955303
2019-05-09,8930178.915038325
2019-05-10,8954772.868488124
2019-05-13,8775253.161376763
2019-05-14,8805466.086368943
2019-05-15,8840476.724709641
2019-05-16,8881501.627006762
2019-05-17,8863026.657263182
2019-05-20,8817291.799931705
2019-05-21,8838634.544063924
2019-05-22,8831086.569445124
2019-05-23,8841808.97250532
2019-05-24,8854417.55456419
2019-05-28,8819175.84678207
2019-05-29,8770274.78042835
2019-05-30,8788521.20962123
2019-05-31,8737793.459048638
2019-06-03,8684109.987940658
2019-06-04,8697269.246822529
2019-06-05,8735997.01298665
2019-06-06,8778314.048657771
2019-06-07,8854678.79535839
2019-06-10,8894707.99011499
2019-06-11,8861499.32728821
2019-06-12,8857641.89288333
2019-06-13,8880299.34771229
2019-06-14,8855862.978681175
2019-06-17,8847634.320423774
2019-06-18,8875876.796893954
2019-06-19,8907536.155024495
2019-06-20,8939191.928516775
2019-06-21,8921219.840175156
2019-06-24,8914823.809504755
2019-06-25,8855393.258309355
2019-06-26,8838323.892151035
2019-06-27,8858467.557019494
2019-06-28,8873724.145245254
2019-07-01,8931789.850165835
2019-07-02,8953729.633092014
2019-07-03,8991705.275105415
2019-07-05,8980124.717946054
2019-07-08,8952895.932343995
2019-07-09,8974886.721433355
2019-07-10,9017812.395060694
2019-07-11,9030232.275240954
2019-07-12,9047869.84095122
2019-07-15,9069201.8581727
2019-07-16,9043741.185525363
2019-07-17,9065926.308020983
2019-07-18,9085888.797318364
2019-07-19,9036567.899899993
2019-07-22,9082652.283079652
2019-07-23,9110431.435559053
2019-07-24,9129686.701116832
2019-07-25,9076996.7472854
2019-07-26,9158898.2193476
2019-07-29,9123747.02175994
2019-07-30,9099341.46726578
2019-07-31,9028655.005313829
2019-08-01,8995165.33440697
2019-08-02,8942309.811346889
2019-08-05,8786843.526422366
2019-08-06,8863198.126768772
2019-08-07,8899822.632124811
2019-08-08,8979907.900531044
2019-08-09,8949653.032775667
2019-08-12,8868448.110182328
2019-08-13,8938414.353580147
2019-08-14,8815763.88953453
2019-08-15,8817763.754069868
2019-08-16,8888739.006375868
2019-08-19,8937763.015354568
2019-08-20,8927421.610746628
2019-08-21,8990060.893677607
2019-08-22,8970363.887103189
2019-08-23,8837657.58197473
2019-08-26,8911512.403313998
2019-08-27,8907739.032285158
2019-08-28,8923264.398950798
2019-08-29,8977680.905625556
2019-08-30,8966989.280757716
2019-09-03,8927150.686846936
2019-09-04,8980859.488204755
2019-09-05,9026462.716414176
2019-09-06,9012134.654786436
2019-09-09,8945498.076703306
2019-09-10,8912668.344149085
2019-09-11,8925722.990362506
2019-09-12,8938688.472635046
2019-09-13,8934664.643476605
2019-09-16,8929030.710085383
2019-09-17,8944133.567482984
2019-09-18,8932667.28814818
2019-09-19,8930254.4385143
2019-09-20,8913786.092781859
2019-09-23,8908556.04515094
2019-09-24,8838270.27095146
2019-09-25,8909938.595596667
2019-09-26,8915728.371222986
2019-09-27,8837224.021846715
2019-09-30,8877788.140978992
2019-10-01,8834419.733456858
2019-10-02,8750866.244651984
2019-10-03,8800625.565050863
2019-10-04,8863850.261535414
2019-10-07,8847246.225938033
2019-10-08,8783891.809596546
2019-10-09,8832697.974855306
2019-10-10,8860036.496457025
2019-10-11,8921122.069824167
2019-10-14,8921488.378809586
2019-10-15,8985525.741961725
2019-10-16,8955789.267253228
2019-10-17,8974797.263380487
2019-10-18,8940941.382285086
2019-10-21,8984963.403081967
2019-10-22,8981629.396184348
2019-10-23,8974950.267983425
2019-10-24,9054997.097948078
2019-10-25,9094449.97231346
2019-10-28,9161355.87692866
2019-10-29,9102027.534714118
2019-10-30,9120610.12128212
2019-10-31,9072903.373066083
2019-11-01,9145017.921404503
2019-11-04,9186747.761132024
2019-11-05,9190948.645163145
2019-11-06,9179461.578783404
2019-11-07,9186915.374050643
2019-11-08,9198547.656022165
2019-11-11,9181253.322536364
2019-11-12,9185541.835768163
2019-11-13,9195980.335239004
2019-11-14,9194771.336974964
2019-11-15,9256479.613310125
2019-11-18,9235865.620074764
2019-11-19,9231396.979625484
2019-11-20,9155258.073073613
2019-11-21,9129315.114014532
2019-11-22,9137822.162501672
2019-11-25,9227406.324908152
2019-11-26,9243359.021082625
2019-11-27,9269652.034867004
2019-11-29,9215511.961767917
2019-12-02,9140416.458169837
2019-12-03,9096705.28991582
2019-12-04,9136317.455830764
2019-12-05,9163719.314902442
2019-12-06,9198779.712907381
2019-12-09,9182592.086564522
2019-12-10,9185125.061276414
2019-12-11,9225242.241463833
2019-12-12,9274856.085038932
2019-12-13,9276093.776842048
2019-12-16,9319224.856545787
2019-12-17,9345638.957844969
2019-12-18,9343997.171001907
2019-12-19,9367601.997893987
2019-12-20,9380422.814356148
2019-12-23,9392998.221996047
2019-12-24,9383750.403948188
2019-12-26,9415103.477421027
2019-12-27,9408476.047691407
2019-12-30,9359676.702183908
2019-12-31,9377768.915828448
2020-01-02,9445020.040764127
2020-01-03,9379298.968047667
2020-01-06,9380671.284083849
2020-01-07,9394595.48282083
2020-01-08,9426900.90962581
2020-01-09,9458621.754896048
2020-01-10,9451823.221030569
2020-01-13,9507003.489053588
2020-01-14,9504660.191522049
2020-01-15,9488838.87248727
2020-01-16,9553394.67252145
2020-01-17,9578385.966744449
2020-01-21,9562026.12852791
2020-01-22,9583470.968734186
2020-01-23,9577841.070430787
2020-01-24,9514907.748252815
2020-01-27,9374657.543958895
2020-01-28,9472197.119148735
2020-01-29,9460364.644198004
2020-01-30,9482530.644459056
2020-01-31,9360449.05841456
2020-02-03,9459331.521321407
2020-02-04,9642613.117437486
2020-02-05,9570231.711672207
2020-02-06,9623900.615971709
2020-02-07,9593095.149687108
2020-02-10,9684623.061999727
2020-02-11,9686297.079090348
2020-02-12,9752857.400096407
2020-02-13,9740028.648139687
2020-02-14,9758405.748965407
2020-02-18,9734397.672187407
2020-02-19,9780148.438120728
2020-02-20,9723283.187926248
2020-02-21,9593232.845749807
2020-02-24,9325588.737926396
2020-02-25,9203680.162946556
2020-02-26,9218685.902609633
2020-02-27,9029841.687686725
2020-02-28,9038860.881633671
2020-03-02,9164446.237239871
2020-03-03,9092085.60106449
2020-03-04,9210195.431252353
2020-03-05,9136896.351375952
2020-03-06,9101887.7742796
2020-03-09,8895482.0554157
2020-03-10,8894318.304442191
2020-03-11,8807113.674250234
2020-03-12,8775223.270720074
2020-03-13,8807939.850507295
2020-03-16,8783912.701002194
2020-03-17,8833347.200348593
2020-03-18,8826844.707218034
2020-03-19,8831539.332302835
2020-03-20,8781599.407482034
2020-03-23,8798297.887599515
2020-03-24,8792368.857987834
2020-03-25,8773172.409657475
2020-03-26,8795061.220614774
2020-03-27,8792359.138267474
2020-03-30,8815181.042409714
2020-03-31,8830042.495319374
2020-04-01,8838168.181801993
2020-04-02,8840209.323144235
2020-04-03,8834931.514818234
2020-04-06,8843803.35063398
2020-04-07,8816972.078193001
2020-04-08,8848634.851336027
2020-04-09,8826375.211643722
2020-04-13,8863502.33577376
2020-04-14,9024495.04574066
2020-04-15,8982221.012935318
2020-04-16,9094991.488102458
2020-04-17,9129138.636129059
2020-04-20,9208213.958874779
2020-04-21,9062332.208642555
2020-04-22,9182343.34296256
2020-04-23,9152590.186675858
2020-04-24,9197485.051040277
2020-04-27,9249542.863191377
2020-04-28,9124575.936886597
2020-04-29,9221918.536139518
2020-04-30,9203496.665649557
2020-05-01,9044610.559600258
2020-05-04,9113028.498900738
2020-05-05,9218341.021314438
2020-05-06,9221590.581483819
2020-05-07,9273689.374010578
2020-05-08,9393467.995591238
2020-05-11,9418502.712115958
2020-05-12,9387162.323132277
2020-05-13,9407129.161120437
2020-05-14,9476333.171765719
2020-05-15,9493849.467368957
2020-05-18,9625994.232039757
2020-05-19,9557151.163877498
2020-05-20,9614662.434114058
2020-05-21,9554347.240408018
2020-05-22,9716691.306736983
2020-05-26,9615844.054446444
2020-05-27,9558318.642490264
2020-05-28,9592581.509529784
2020-05-29,9811533.384432524
2020-06-01,9788908.346997805
2020-06-02,9861015.036246803
2020-06-03,9879880.656971943
2020-06-04,9816780.723260444
2020-06-05,9928535.427988824
2020-06-08,9932674.619974144
2020-06-09,9982677.354091143
2020-06-10,10063831.794223784
2020-06-11,9854082.752922963
2020-06-12,9902846.837146085
2020-06-15,10026281.710783403
2020-06-16,10090109.991103964
2020-06-17,10193730.592344604
2020-06-18,10188314.992591264
2020-06-19,10306170.078626525
2020-06-22,10243223.327541124
2020-06-23,10297256.064704424
2020-06-24,10209472.963989604
2020-06-25,10277536.823343303
2020-06-26,10186335.267181922
2020-06-29,10251874.393513344
2020-06-30,10313118.938938128
2020-07-01,10344221.768369088
2020-07-02,10543664.977889748
2020-07-06,10610259.318495408
2020-07-07,10664144.489341194
2020-07-08,10732521.916006014
2020-07-09,10757287.356437858
2020-07-10,10764765.480560418
2020-07-13,10640632.13314819
2020-07-14,10691029.96010501
2020-07-15,10656041.71870823
2020-07-16,10588390.00284951
2020-07-17,10583107.82054537
2020-07-20,10790066.38390867
2020-07-21,10671287.067963451
2020-07-22,10658701.52013671
2020-07-23,10502837.37815267
2020-07-24,10419413.370067071
2020-07-27,10637804.70820107
2020-07-28,10555764.67570567
2020-07-29,10618331.50411157
2020-07-30,10640645.80833021
2020-07-31,10787357.26654577
2020-08-03,10924671.962742351
2020-08-04,10924131.456228111
2020-08-05,10970371.71055817
2020-08-06,10906167.71188537
2020-08-07,10789660.08147767
2020-08-10,10727727.894110197
2020-08-11,10636998.362395277
2020-08-12,10883380.860633658
2020-08-13,10891627.365478277
2020-08-14,10821013.258477218
2020-08-17,11026153.057102937
2020-08-18,11095350.048931098
2020-08-19,11144352.3854228
2020-08-20,11237279.962380677
2020-08-21,11052489.222829498
2020-08-24,11040162.9430966
2020-08-25,11165408.849715717
2020-08-26,11343224.529257778
2020-08-27,11355947.378948938
2020-08-28,11377793.042750299
2020-08-31,11540362.732612599
2020-09-01,11569792.84500134
2020-09-02,11576894.925805898
2020-09-03,11155988.5990825
2020-09-04,11089623.26471496
2020-09-08,10667813.38767999
2020-09-09,10833171.81202971
2020-09-10,10725781.02502929
2020-09-11,10716657.565618403
2020-09-14,10775160.396639753
2020-09-15,10776600.892013352
2020-09-16,10736732.037155911
2020-09-17,10665672.81552647
2020-09-18,10592106.896380557
2020-09-21,10547815.35871265
2020-09-22,10605267.27363571
2020-09-23,10474104.497053951
2020-09-24,10462771.915310532
2020-09-25,10452451.280193418
2020-09-28,10714863.555058718
2020-09-29,10633415.091345971
2020-09-30,10607910.680832984
2020-10-01,10734212.781841002
2020-10-02,10556290.11535395
2020-10-05,10716428.806567552
2020-10-06,10572643.274377532
2020-10-07,10780594.048914772
2020-10-08,10838274.348660091
2020-10-09,11038840.459408311
2020-10-12,11114687.877918532
2020-10-13,11087637.539279982
2020-10-14,11008339.988733325
2020-10-15,10944561.364761325
2020-10-16,10884890.418515492
2020-10-19,10873953.063031472
2020-10-20,10899693.223962713
2020-10-21,10812786.641446533
2020-10-22,10890633.027527353
2020-10-23,10895018.999445934
2020-10-26,10764674.117950004
2020-10-27,10856095.814928643
2020-10-28,10622932.868980631
2020-10-29,10672103.412998222
2020-10-30,10428634.436329383
2020-11-02,10457947.607240342
2020-11-03,10587675.288825035
2020-11-04,10712207.061917476
2020-11-05,10772090.860479616
2020-11-06,10851104.176797777
2020-11-09,10985819.584640738
2020-11-10,10873650.061352678
2020-11-11,11026075.389247237
2020-11-12,10922979.979892397
2020-11-13,11014903.599531017
2020-11-16,11177811.957690837
2020-11-17,11143942.647203377
2020-11-18,11081557.372612856
2020-11-19,11103719.365230711
2020-11-20,11093139.600491531
2020-11-23,11440420.16385959
2020-11-24,11480421.226099191
2020-11-25,11508412.863257851
2020-11-27,11607804.20422901
2020-11-30,11592224.48079953
2020-12-01,11737664.74992025
2020-12-02,11695464.256889751
2020-12-03,11850844.779919792
2020-12-04,12222648.038953291
2020-12-07,12260330.03776439
2020-12-08,12186073.51813507
2020-12-09,12061830.37864579
2020-12-10,12035556.334017072
2020-12-11,11977216.706981592
2020-12-14,11981005.722747652
2020-12-15,12008290.89406819
2020-12-16,12014664.00409189
2020-12-17,12170975.63977223
2020-12-18,12088790.61507227
2020-12-21,12131284.85451335
2020-12-22,12053712.800699411
2020-12-23,12001246.452793691
2020-12-24,12082600.922984252
2020-12-28,12166384.699843131
2020-12-29,12027915.131835591
2020-12-30,12112532.194246031
2020-12-31,12077230.964395432
2021-01-04,11857117.518333107
2021-01-05,11993539.838657606
2021-01-06,12019752.465864807
2021-01-07,12200776.431417726
2021-01-08,12242082.417182127
2021-01-11,12320102.517735066
2021-01-12,12269153.159532106
2021-01-13,12299116.179473886
2021-01-14,12513206.745316466
2021-01-15,12205090.766302334
2021-01-19,12623880.099720035
2021-01-20,12578039.605803948
2021-01-21,12746732.440461844
2021-01-22,12783682.424300864
2021-01-25,12767589.375292044
2021-01-26,12663564.738090947
2021-01-27,12241573.612686435
2021-01-28,12331359.564666497
2021-01-29,12117321.775222726
2021-02-01,12312757.11876728
2021-02-02,12413329.907079024
2021-02-03,12344949.68554867
2021-02-04,12469939.795969509
2021-02-05,12542742.921028651
2021-02-08,12774333.296256889
2021-02-09,12861715.53910381
2021-02-10,12832272.66015945
2021-02-11,13023380.98599767
2021-02-12,13132160.49823907
2021-02-16,13101020.48796545
2021-02-17,12963041.795179248
2021-02-18,12903246.278945228
2021-02-19,12964695.286883729
2021-02-22,12668526.554694049
2021-02-23,12547805.072047288
2021-02-24,12706059.254366994
2021-02-25,12320134.674354065
2021-02-26,12334474.624760259
2021-03-01,12542168.180095587
2021-03-02,12255837.691761488
2021-03-03,12022588.46389446
2021-03-04,11707408.597928306
2021-03-05,11772395.855792189
2021-03-08,11699130.371799164
2021-03-09,11833300.138380505
2021-03-10,11774058.726995591
2021-03-11,11912840.733229931
2021-03-12,11835568.62687623
2021-03-15,11921083.39583319
2021-03-16,11907931.45330107
2021-03-17,11906124.102536548
2021-03-18,11636226.321265923
2021-03-19,11614993.573615681
2021-03-22,11725566.235391952
2021-03-23,11681770.092654193
2021-03-24,11610094.873356413
2021-03-25,11653238.313297413
2021-03-26,11784456.436676133
2021-03-29,11831631.531398412
2021-03-30,11781170.480593633
2021-03-31,11862196.265672192
2021-04-01,11948302.474663652
2021-04-05,12088954.490612153
2021-04-06,12059860.435207192
2021-04-07,12093357.369549952
2021-04-08,12086943.658868253
2021-04-09,12092971.013570944
2021-04-12,12073125.823890965
2021-04-13,12109868.141367726
2021-04-14,12038883.645078585
2021-04-15,12138823.840162545
2021-04-16,12165981.561691806
2021-04-19,12109829.614657264
2021-04-20,12085263.661051786
2021-04-21,12128806.371603264
2021-04-22,12048426.692894844
2021-04-23,12164415.493011668
2021-04-26,12246832.674494948
2021-04-27,12192295.33773797
2021-04-28,12177048.08226781
2021-04-29,12231788.049680922
2021-04-30,12174617.871769782
2021-05-03,12158593.544743942
2021-05-04,12043622.014100742
2021-05-05,12037007.108955782
2021-05-06,12199777.162682483
2021-05-07,12279115.730674382
2021-05-10,12126333.324659823
2021-05-11,12103293.107169323
2021-05-12,11899864.616636362
2021-05-13,12026262.522884123
2021-05-14,12144038.245107064
2021-05-17,12065485.998593343
2021-05-18,11988243.692155419
2021-05-19,11998465.809309058
2021-05-20,12115031.473032912
2021-05-21,12051083.891738532
2021-05-24,12194606.724403633
2021-05-25,12216700.492845967
2021-05-26,12247948.823842159
2021-05-27,12215028.73650564
2021-05-28,12196123.26531544
2021-06-01,12213974.575439781
2021-06-02,12213804.00248256
2021-06-03,12158433.017598893
2021-06-04,12265620.683060795
2021-06-07,12318671.328306716
2021-06-08,12264241.272765035
2021-06-09,12273206.779926697
2021-06-10,12284938.130392917
2021-06-11,12300601.183531761
2021-06-14,12385799.56723142
2021-06-15,12333212.654059902
2021-06-16,12324168.542160112
2021-06-17,12436505.932950214
2021-06-18,12404876.650664493
2021-06-21,12372719.776093494
2021-06-22,12465741.504868574
2021-06-23,12446041.894436413
2021-06-24,12494822.262306074
2021-06-25,12469338.984140133
2021-06-28,12600155.319185473
2021-06-29,12608408.991704453
2021-06-30,12563512.050376052
2021-07-01,12590940.387193566
2021-07-02,12660153.286395166
2021-07-06,12619018.16960061
2021-07-07,12622341.735230606
2021-07-08,12538406.058661463
2021-07-09,12584636.687708722
2021-07-12,12594735.122019723
2021-07-13,12571186.239407362
2021-07-14,12567250.606529541
2021-07-15,12488152.221052803
2021-07-16,12413542.773992121
2021-07-19,12360362.895400181
2021-07-20,12455749.290398007
2021-07-21,12472629.440804988
2021-07-22,12545812.083092596
2021-07-23,12647151.095643597
2021-07-26,12633864.326930756
2021-07-27,12562072.803955313
2021-07-28,12558233.816921193
2021-07-29,12559611.413405934
2021-07-30,12563768.790349513
2021-08-02,12570706.756068114
2021-08-03,12639765.105966192
2021-08-04,12725150.849840531
2021-08-05,12698437.769045573
2021-08-06,12616417.948951332
2021-08-09,12587081.178981692
2021-08-10,12494445.384017285
2021-08-11,12503948.896733046
2021-08-12,12499381.979381125
2021-08-13,12566655.706265125
2021-08-16,12504783.145036183
2021-08-17,12435945.896634161
2021-08-18,12283996.294947203
2021-08-19,12345485.044495162
2021-08-20,12428510.204763703
2021-08-23,12552407.023802422
2021-08-24,12512872.827063741
2021-08-25,12571937.700041482
2021-08-26,12527267.207116522
2021-08-27,12659059.293963643
2021-08-30,12720067.612161322
2021-08-31,12684145.123662923
2021-09-01,12650129.491304263
2021-09-02,12637430.275968324
2021-09-03,12687828.738121944
2021-09-07,12694362.670401644
2021-09-08,12664837.589896163
2021-09-09,12619571.690836944
2021-09-10,12595319.875875622
2021-09-13,12521160.829391863
2021-09-14,12519471.185765842
2021-09-15,12616670.636806563
2021-09-16,12672454.388264822
2021-09-17,12539700.623240663
2021-09-20,12344402.360461783
2021-09-21,12357892.545562914
2021-09-22,12460647.989168694
2021-09-23,12528940.047498154
2021-09-24,12511426.130241374
2021-09-27,12425199.89907768
2021-09-28,12201790.573447466
2021-09-29,12219893.164958246
2021-09-30,12231995.186235465
2021-10-01,12330827.758022364
2021-10-04,12226232.51709077
2021-10-05,12357205.159561167
2021-10-06,12414318.221135687
2021-10-07,12475431.269982606
2021-10-08,12486703.640006907
2021-10-11,12448508.626339467
2021-10-12,12442837.185781607
2021-10-13,12505250.789916025
2021-10-14,12624565.320476847
2021-10-15,12632773.380683206
2021-10-18,12717351.973888466
2021-10-19,12764146.882354647
2021-10-20,12722745.280251527
2021-10-21,12835234.160499047
2021-10-22,12830951.577379826
2021-10-25,12912542.156449126
2021-10-26,12949519.610598287
2021-10-27,12881018.691367213
2021-10-28,12948910.429615952
2021-10-29,12987875.874091532
2021-11-01,13087273.041025072
2021-11-02,13147330.737340892
2021-11-03,13198573.200110432
2021-11-04,13298417.649930233
2021-11-05,13318663.954031473
2021-11-08,13461159.443322593
2021-11-09,13416104.198932352
2021-11-10,13166709.706473352
2021-11-11,13242178.714061452
2021-11-12,13359371.090029392
2021-11-15,13324352.304789493
2021-11-16,13410780.685555633
2021-11-17,13375399.294116253
2021-11-18,13428910.537049523
2021-11-19,13406240.000608802
2021-11-22,13327335.313317023
2021-11-23,13327655.780814024
2021-11-24,13457597.644676883
2021-11-26,13252365.002908602
2021-11-29,13453455.480999203
2021-11-30,13300155.152888063
2021-12-01,13073236.401334302
2021-12-02,13137782.666311203
2021-12-03,12960439.23246048
2021-12-06,13024883.00692828
2021-12-07,13386868.32156076
2021-12-08,13401571.555466678
2021-12-09,13230315.048994299
2021-12-10,13341332.867980078
2021-12-13,13145071.03400502
2021-12-14,13034940.3726345
2021-12-15,13297624.216248859
2021-12-16,13024651.142388519
2021-12-17,12963049.460949285
2021-12-20,12842155.437950585
2021-12-21,13149846.879392024
2021-12-22,13243697.252367545
2021-12-23,13308257.602031844
2021-12-27,13558426.619455066
2021-12-28,13481378.233687704
2021-12-29,13422905.053721525
2021-12-30,13356973.440399965
2021-12-31,13313886.394506536
2022-01-03,13471814.62607674
2022-01-04,13372184.332219636
2022-01-05,13106174.523749216
2022-01-06,13168181.432683423
2022-01-07,13039110.422256043
2022-01-10,12918225.78666747
2022-01-11,13111724.74374754
2022-01-12,13164450.41579064
2022-01-13,13079040.42287274
2022-01-14,13171443.16587434
2022-01-18,12966674.836371705
2022-01-19,12916952.381324407
2022-01-20,12741959.956984624
2022-01-21,12677793.616039712
2022-01-24,12634528.783056656
2022-01-25,12644630.577861471
2022-01-26,12650883.73894767
2022-01-27,12661094.673252571
2022-01-28,12660441.845708178
2022-01-31,12637153.359342977
2022-02-01,12671476.781030908
2022-02-02,12704230.686229033
2022-02-03,12610534.348608611
2022-02-04,12611570.082218861
2022-02-07,12609716.298888301
2022-02-08,12540074.744744629
2022-02-09,12593383.409120169
2022-02-10,12488552.57113123
2022-02-11,12463369.53729303
2022-02-14,12366462.485579249
2022-02-15,12306984.724493273
2022-02-16,12317526.899576472
2022-02-17,12253677.999841852
2022-02-18,12231486.376259528
2022-02-22,12148878.000969183
2022-02-23,12115218.826774381
2022-02-24,12102583.370845346
2022-02-25,12191232.208739186
2022-02-28,12267181.386792332
2022-03-01,12190585.95701601
2022-03-02,12231856.027241033
2022-03-03,12149166.334935568
2022-03-04,12181051.727861373
2022-03-07,12099525.233729022
2022-03-08,12022964.247233182
2022-03-09,11997939.036491182
2022-03-10,12106868.894904222
2022-03-11,12086528.825300846
2022-03-14,12020130.383788008
2022-03-15,11999328.585263588
2022-03-16,11998105.55803914
2022-03-17,12124946.42226978
2022-03-18,12078053.022175875
2022-03-21,12168439.554842012
2022-03-22,12161180.006952547
2022-03-23,12218191.948549721
2022-03-24,12283431.95441572
2022-03-25,12316417.16506586
2022-03-28,12263426.496439992
2022-03-29,12282835.370959982
2022-03-30,12274050.7155098
2022-03-31,12199392.134979337
2022-04-01,12218131.273184117
2022-04-04,12258676.127562767
2022-04-05,12130223.631732788
2022-04-06,12158236.919812825
2022-04-07,12181626.112709265
2022-04-08,12245588.418900546
2022-04-11,12103438.267028704
2022-04-12,12133135.166652579
2022-04-13,12172967.058708899
2022-04-14,12136249.242507119
2022-04-18,12136471.344915759
2022-04-19,12137593.638321139
2022-04-20,12178771.54809386
2022-04-21,12068842.774776138
2022-04-22,11896491.415718637
2022-04-25,11819429.398499418
2022-04-26,11751519.884552322
2022-04-27,11755538.867843159
2022-04-28,11839535.380033966
2022-04-29,11715122.633911405
2022-05-02,11702675.619773291
2022-05-03,11777513.20000763
2022-05-04,11867000.926095363
2022-05-05,11782833.02949891
2022-05-06,11830716.87633631
2022-05-09,11697121.794346012
2022-05-10,11697878.7283228
2022-05-11,11691303.899156159
2022-05-12,11685776.97226592
2022-05-13,11772974.860551259
2022-05-16,11755365.979318518
2022-05-17,11771454.64404996
2022-05-18,11729979.96081578
2022-05-19,11746832.876522958
2022-05-20,11742498.399617124
2022-05-23,11812198.790927324
2022-05-24,11824211.060225723
2022-05-25,11887557.378995845
2022-05-26,11932152.260867102
2022-05-27,12027704.404752621
2022-05-31,11969479.125263222
2022-06-01,11943714.415103901
2022-06-02,11956444.654707018
2022-06-03,11942391.419923069
2022-06-06,11960756.836863924
2022-06-07,12008095.262791025
2022-06-08,11986285.289171685
2022-06-09,11896974.141553698
2022-06-10,11843270.004898664
2022-06-13,11722991.221504927
2022-06-14,11764511.030669887
2022-06-15,11732574.116842607
2022-06-16,11593661.300479867
2022-06-17,11476643.073029561
2022-06-21,11490818.073029561
2022-06-22,11481403.073029561
2022-06-23,11493444.529029561
2022-06-24,11561618.93357956
2022-06-27,11508411.93357956
2022-06-28,11417627.585729562
2022-06-29,11433507.785729561
2022-06-30,11419628.073309561
2022-07-01,11458535.493279835
2022-07-05,11456720.468656536
2022-07-06,11443193.132238869
2022-07-07,11473212.42338337
2022-07-08,11450948.309714928
2022-07-11,11384632.748542758
2022-07-12,11343013.192042276
2022-07-13,11361342.484836083
2022-07-14,11348391.533080302
2022-07-15,11395708.46426629
2022-07-18,11332695.130954076
2022-07-19,11434853.479081295
2022-07-20,11500239.481953835
2022-07-21,11546264.650278635
2022-07-22,11466323.928826855
2022-07-25,11452874.029189976
2022-07-26,11368277.320957903
2022-07-27,11450670.814453643
2022-07-28,11446171.255709263
2022-07-29,11437372.184977978
2022-08-01,11471255.077959396
2022-08-02,11450580.046350697
2022-08-03,11527987.753375737
2022-08-04,11541359.100708578
2022-08-05,11498084.655200297
2022-08-08,11470587.368750798
2022-08-09,11392515.436855556
2022-08-10,11468418.180561718
2022-08-11,11445408.309856636
2022-08-12,11513558.582922615
2022-08-15,11543217.784737376
2022-08-16,11545913.666260116
2022-08-17,11525109.500932716
2022-08-18,11532767.60701963
2022-08-19,11467100.958754508
2022-08-22,11355389.371210657
2022-08-23,11338620.526032876
2022-08-24,11323178.471248625
2022-08-25,11400143.526740424
2022-08-26,11243663.904836504
2022-08-29,11189307.181545388
2022-08-30,11134883.395740423
2022-08-31,11131473.355371304
2022-09-01,11120057.867842425
2022-09-02,11099202.117281467
2022-09-06,11086240.198358085
2022-09-07,11135312.445594126
2022-09-08,11128498.13130903
2022-09-09,11181337.12121007
2022-09-12,11190589.988960484
2022-09-13,10982390.429193124
2022-09-14,10995919.646789815
2022-09-15,10982832.160157874
2022-09-16,10964549.163443454
2022-09-19,11011406.216588454
2022-09-20,10966884.999213785
2022-09-21,10902624.890885696
2022-09-22,10889473.141276237
2022-09-23,10877769.256595496
2022-09-26,10867230.465657016
2022-09-27,10882373.501810722
2022-09-28,10936186.965482103
2022-09-29,10884450.447253602
2022-09-30,10877272.028195022
2022-10-03,10982203.627183182
2022-10-04,11041292.844290102
2022-10-05,11048663.625830742
2022-10-06,11024833.72861859
2022-10-07,10969481.862362625
2022-10-10,10973257.316202546
2022-10-11,10959984.621627405
2022-10-12,10940105.231410565
2022-10-13,10971725.961892523
2022-10-14,10922585.407513244
2022-10-17,10932847.661306504
2022-10-18,10913769.63315604
2022-10-19,10908635.14749021
2022-10-20,10894699.23625635
2022-10-21,10997804.766712707
2022-10-24,11024559.374861587
2022-10-25,11144398.432805227
2022-10-26,11180779.609932305
2022-10-27,11202116.604628945
2022-10-28,11400475.446841944
2022-10-31,11390418.781101706
2022-11-01,11407224.958716925
2022-11-02,11250663.937839406
2022-11-03,11249831.671976727
2022-11-04,11278712.266518254
2022-11-07,11387811.810549214
2022-11-08,11442722.419492196
2022-11-09,11383445.061850315
2022-11-10,11555791.244820114
2022-11-11,11551739.797891494
2022-11-14,11561787.094359376
2022-11-15,11572088.076373495
2022-11-16,11553250.245839035
2022-11-17,11550687.553662516
2022-11-18,11557695.042126294
2022-11-21,11548459.799824696
2022-11-22,11603945.817323215
2022-11-23,11583546.453072915
2022-11-25,11605953.948803535
2022-11-28,11564856.285035256
2022-11-29,11559054.002427595
2022-11-30,11707574.604121115
2022-12-01,11726707.481285775
2022-12-02,11737679.928275894
2022-12-05,11654711.109025795
2022-12-06,11587601.763689887
2022-12-07,11591596.272243027
2022-12-08,11620110.551415715
2022-12-09,11538184.066595953
2022-12-12,11584611.819826059
2022-12-13,11623790.72768128
2022-12-14,11604845.007406259
2022-12-15,11474402.128959304
2022-12-16,11456462.175990446
2022-12-19,11436379.509810366
2022-12-20,11462065.923979305
2022-12-21,11535027.371085264
2022-12-22,11491857.969761126
2022-12-23,11511569.198331725
2022-12-27,11538245.107610904
2022-12-28,11508067.985658305
2022-12-29,11538001.537514625
2022-12-30,11532056.536185924
2023-01-03,11489244.472240282
2023-01-04,11518272.568988716
2023-01-05,11498453.466616511
2023-01-06,11598500.09964462
2023-01-09,11552826.23734692
2023-01-10,11623410.63304076
2023-01-11,11546876.74921646
2023-01-12,11534499.822021667
2023-01-13,11608118.586202439
2023-01-17,11644127.35079634
2023-01-18,11551966.1329671
2023-01-19,11535581.02434456
2023-01-20,11620282.37739374
2023-01-23,11627761.357310958
2023-01-24,11632963.99108002
2023-01-25,11590839.276533
2023-01-26,11689424.08740389
2023-01-27,11686686.55835719
2023-01-30,11560938.021910612
2023-01-31,11552435.714832287
2023-02-01,11688158.080521828
2023-02-02,11752225.593015589
2023-02-03,11637855.83034899
2023-02-06,11533606.826362574
2023-02-07,11634999.64467781
2023-02-08,11613735.818418471
2023-02-09,11556919.381867405
2023-02-10,11485641.499052467
2023-02-13,11544374.158162188
2023-02-14,11596134.928823989
2023-02-15,11691985.757592006
2023-02-16,11577982.692943245
2023-02-17,11529693.948389126
2023-02-21,11463200.830662198
2023-02-22,11527412.461773932
2023-02-23,11580489.531612055
2023-02-24,11476150.658899466
2023-02-27,11516963.437528044
2023-02-28,11537402.954763103
2023-03-01,11507929.612293765
2023-03-02,11598027.688907634
2023-03-03,11684268.112477913
2023-03-06,11642475.37946641
2023-03-07,11607737.648413632
2023-03-08,11636916.94551051
2023-03-09,11518141.598533649
2023-03-10,11449973.543957032
2023-03-13,11448914.659797123
2023-03-14,11571930.317216042
2023-03-15,11553754.512719803
2023-03-16,11696294.623527251
2023-03-17,11674413.85986039
2023-03-20,11687112.995827531
2023-03-21,11805231.12823981
2023-03-22,11714802.99536543
2023-03-23,11807280.83188881
2023-03-24,11778012.35674213
2023-03-27,11760405.72536987
2023-03-28,11717392.07962263
2023-03-29,11814914.50406501
2023-03-30,11875744.266325831
2023-03-31,12026668.026008192
2023-04-03,12016157.210079432
2023-04-04,11996440.370668631
2023-04-05,11879432.08591513
2023-04-06,11909671.873562992
2023-04-10,11941463.21389395
2023-04-11,11943904.309527291
2023-04-12,11900497.114908392
2023-04-13,12021099.54972979
2023-04-14,12039762.659436012
2023-04-17,12042289.40469313
2023-04-18,12052524.810137872
2023-04-19,12066374.777454652
2023-04-20,12006836.369410012
2023-04-21,12011175.85075565
2023-04-24,11997869.167113371
2023-04-25,11798078.748993285
2023-04-26,11831851.152585205
2023-04-27,11979039.023082566
2023-04-28,12032018.575056585
2023-05-01,12072399.648916565
2023-05-02,11964704.830074375
2023-05-03,11963126.476035994
2023-05-04,11888319.870448435
2023-05-05,12006716.667701295
2023-05-08,12063984.801770736
2023-05-09,12006465.278485034
2023-05-10,12095613.084610175
2023-05-11,12128171.949063536
2023-05-12,12123414.472976394
2023-05-15,12166364.084953835
2023-05-16,12173520.552146954
2023-05-17,12269600.542784775
2023-05-18,12467997.453887375
2023-05-19,12441071.681642115
2023-05-22,12457380.887293315
2023-05-23,12307282.324870303
2023-05-24,12268738.679395983
2023-05-25,12582594.089457743
2023-05-26,12723500.963353224
2023-05-30,12772054.952720184
2023-05-31,12683508.444422662
2023-06-01,12800123.462114563
2023-06-02,12808419.503224563
2023-06-05,12863072.384659603
2023-06-06,12808724.795998923
2023-06-07,12603936.755298182
2023-06-08,12701461.247642484
2023-06-09,12705481.388493223
2023-06-12,12837905.772135263
2023-06-13,12908324.810591603
2023-06-14,12988328.427282922
2023-06-15,13067203.378947802
2023-06-16,13022992.057562944
2023-06-20,13030465.001458284
2023-06-21,12949450.160279404
2023-06-22,13046544.983527482
2023-06-23,12972455.286065143
2023-06-26,12808161.518732764
2023-06-27,12932505.847348124
2023-06-28,12962519.111964842
2023-06-29,12930842.698173163
2023-06-30,13057765.151872184
2023-07-03,13047467.879397742
2023-07-05,13092457.459974382
2023-07-06,12966987.226606322
2023-07-07,12932453.867747864
2023-07-10,12933055.893030604
2023-07-11,12956179.823303545
2023-07-12,13021568.359564284
2023-07-13,13186032.111933704
2023-07-14,13223317.682479424
2023-07-17,13315878.058082364
2023-07-18,13342090.782805445
2023-07-19,13302466.468577545
2023-07-20,13120893.54597998
2023-07-21,13082239.00289394
2023-07-24,13056238.054299619
2023-07-25,13123852.535492282
2023-07-26,13081173.662848681
2023-07-27,13084480.544399086
2023-07-28,13183527.600931566
2023-07-31,13177127.343923528
2023-08-01,13157642.192599846
2023-08-02,12932420.6507367
2023-08-03,12933515.04764982
2023-08-04,12844075.152715467
2023-08-07,12971071.981184326
2023-08-08,12910258.512005487
2023-08-09,12824568.29930145
2023-08-10,12856074.603980107
2023-08-11,12789547.082174607
2023-08-14,12889775.759595087
2023-08-15,12870392.808369407
2023-08-16,12785835.287479887
2023-08-17,12715126.1014787
2023-08-18,12713464.715372158
2023-08-21,12858154.842456039
2023-08-22,12803714.482026476
2023-08-23,12926222.293180458
2023-08-24,12804523.112418978
2023-08-25,12821387.233420119
2023-08-28,12877613.776805159
2023-08-29,13018671.031709598
2023-08-30,13055222.32337403
2023-08-31,13076844.567087028
2023-09-01,13051037.784324009
2023-09-05,13022525.15308335
2023-09-06,12955583.74782199
2023-09-07,12930558.08974653
2023-09-08,12927421.25822521
2023-09-11,12963512.18302269
2023-09-12,12911371.982323248
2023-09-13,12924361.677781709
2023-09-14,12988868.944832789
2023-09-15,12863233.093570326
2023-09-18,12882765.640579548
2023-09-19,12848908.427859167
2023-09-20,12792451.332993526
2023-09-21,12637577.270239051
2023-09-22,12653264.710420877
2023-09-25,12662048.288687412
2023-09-26,12563259.192029264
2023-09-27,12581292.642239984
2023-09-28,12625356.373685276
2023-09-29,12625192.474011997
2023-10-02,12670632.412842996
2023-10-03,12570870.522527497
2023-10-04,12642933.489519035
2023-10-05,12647870.461232556
2023-10-06,12734636.702452023
2023-10-09,12766488.0859645
2023-10-10,12817700.59693776
2023-10-11,12906150.225655843
2023-10-12,12878769.801602224
2023-10-13,12786643.512214629
2023-10-16,12840847.997213127
2023-10-17,12770381.734663088
2023-10-18,12692350.347771082
2023-10-19,12620594.48306742
2023-10-20,12536301.93164728
2023-10-23,12582701.7254524
2023-10-24,12664470.196064621
2023-10-25,12526102.01902008
2023-10-26,12402494.404033573
2023-10-27,12381475.931009581
2023-10-30,12416940.214877602
2023-10-31,12375999.202612132
2023-11-01,12464670.00753545
2023-11-02,12564503.061213432
2023-11-03,12684097.714623692
2023-11-06,12708889.218217332
2023-11-07,12758166.97964603
2023-11-08,12766434.106421504
2023-11-09,12718100.854855746
2023-11-10,12851818.216590118
2023-11-13,12848330.950292077
2023-11-14,12997417.613924138
2023-11-15,12979039.654099297
2023-11-16,13011141.566882659
2023-11-17,13024881.589306198
2023-11-20,13137787.424455859
2023-11-21,13099854.268136337
2023-11-22,13105324.483842118
2023-11-24,13096931.894542899
2023-11-27,13118416.115025098
2023-11-28,13102361.254985977
2023-11-29,13147518.879459897
2023-11-30,13089397.965203037
2023-12-01,13094794.436398504
2023-12-04,12984137.922494624
2023-12-05,13019625.89042952
2023-12-06,12964067.16020504
2023-12-07,13053585.02711792
2023-12-08,13081443.95271606
2023-12-11,13150121.32562972
2023-12-12,13232145.279911527
2023-12-13,13327077.664379988
2023-12-14,13291046.561546527
2023-12-15,13363614.264061946
2023-12-18,13466080.729793508
2023-12-19,13480667.262246307
2023-12-20,13328277.542289678
2023-12-21,13358837.418481978
2023-12-22,13311646.224538378
2023-12-26,13342390.795612797
2023-12-27,13346190.939104278
2023-12-28,13334394.052852357
2023-12-29,13296179.550548196
2024-01-02,13160901.671094283
2024-01-03,13101103.591805924
2024-01-04,13117402.753552623
2024-01-05,13134483.543502344
2024-01-08,13305900.731466044
2024-01-09,13313041.063469043
2024-01-10,13320243.544323703
2024-01-11,13340710.151232705
2024-01-12,13399211.579158764
2024-01-16,13372433.229129564
2024-01-17,13334614.362902043
2024-01-18,13418771.776292164
2024-01-19,13558221.286920004
2024-01-22,13603418.171535684
2024-01-23,13633467.278217264
2024-01-24,13698741.209706323
2024-01-25,13722199.152802743
2024-01-26,13748109.877652543
2024-01-29,13815443.327307064
2024-01-30,13777371.703379802
2024-01-31,13669275.796017423
2024-02-01,13822775.070570802
2024-02-02,13887965.719723944
2024-02-05,13860827.347598463
2024-02-06,13782806.269724423
2024-02-07,13745561.089267883
2024-02-08,13769388.61992038
2024-02-09,13756655.20173856
2024-02-12,13735980.770720761
2024-02-13,13629734.748508641
2024-02-14,13711314.712436255
2024-02-15,13760773.558091495
2024-02-16,13681416.863451615
2024-02-20,13608584.466891756
2024-02-21,13558624.42380368
2024-02-22,13806969.671855
2024-02-23,13572005.358348727
2024-02-26,13608303.683320168
2024-02-27,13583612.578201627
2024-02-28,13550534.392139582
2024-02-29,13592696.846182803
2024-03-01,13741647.015894558
2024-03-04,13773689.881426338
2024-03-05,13653214.050382659
2024-03-06,13734992.79936942
2024-03-07,13825190.63961424
2024-03-08,13622492.790834673
2024-03-11,13587929.676979892
2024-03-12,13623740.797327135
2024-03-13,13614786.813964613
2024-03-14,13656679.951596972
2024-03-15,13568746.683035932
2024-03-18,13595108.952769034
2024-03-19,13539502.669994663
2024-03-20,13656943.047546225
2024-03-21,13734578.677165044
2024-03-22,13749103.646590304
2024-03-25,13810090.401091844
2024-03-26,13708602.919798464
2024-03-27,13708970.031194445
2024-03-28,13725883.358649664
2024-04-01,13700756.135641504
2024-04-02,13688400.037231565
2024-04-03,13745316.725844964
2024-04-04,13611951.857733104
2024-04-05,13767534.770695085
2024-04-08,13765905.198161963
2024-04-09,13735989.811440885
2024-04-10,13693089.716281539
2024-04-11,13786444.13405466
2024-04-12,13638532.97194406
2024-04-15,13473605.762071598
2024-04-16,13482068.377552219
2024-04-17,13403402.52292556
2024-04-18,13374028.275751818
2024-04-19,13242877.716289788
2024-04-22,13297408.982871585
2024-04-23,13394154.94921302
2024-04-24,13389729.34955636
2024-04-25,13428822.362785
2024-04-26,13499856.608159136
2024-04-29,13461563.490874056
2024-04-30,13302726.332515975
2024-05-01,13175373.318990055
2024-05-02,13358811.114673857
2024-05-03,13545709.304093335
2024-05-06,13607101.825464357
2024-05-07,13616237.796103954
2024-05-08,13686874.508567195
2024-05-09,13745658.733423337
2024-05-10,13747657.926056873
2024-05-13,13795176.411104474
2024-05-14,13868329.796317771
2024-05-15,14024530.878383894
2024-05-16,13972692.071160194
2024-05-17,13975697.079110473
2024-05-20,14029889.031855471
2024-05-21,14066005.784292411
2024-05-22,14037395.420359913
2024-05-23,14058385.003972393
2024-05-24,14231757.090211071
2024-05-28,14185461.285800867
2024-05-29,14089304.186426166
2024-05-30,14025588.020816986
2024-05-31,13904313.665876724
2024-06-03,13807939.256508704
2024-06-04,13803374.267152363
2024-06-05,13967579.973023564
2024-06-06,13905104.499187265
2024-06-07,13876243.910871685
2024-06-10,14080089.437498525
2024-06-11,14105642.454634044
2024-06-12,14179032.009673545
2024-06-13,14304400.258485084
2024-06-14,14282114.920586064
2024-06-17,14369349.253133245
2024-06-18,14374837.712039385
2024-06-20,14292298.885099445
2024-06-21,14235141.830073325
2024-06-24,14131218.011658685
2024-06-25,14189740.408705365
2024-06-26,14088226.881601144
2024-06-27,13993113.321285386
2024-06-28,13967922.034559045
2024-07-01,14042328.330512404
2024-07-02,14125256.965079924
2024-07-03,14238057.070070645
2024-07-05,14260758.108730664
2024-07-08,14317287.210535085
2024-07-09,14329815.06981611
2024-07-10,14430721.30765873
2024-07-11,14294022.1031118
2024-07-12,14346145.1828667
2024-07-15,14308570.696109198
2024-07-16,14245718.9796866
2024-07-17,13946570.04161072
2024-07-18,13937826.35117258
2024-07-19,13894502.69813754
2024-07-22,13932342.520236256
2024-07-23,13911992.727528255
2024-07-24,13722897.667442435
2024-07-25,13667466.117742622
2024-07-26,13815449.773483941
2024-07-29,13854415.819903381
2024-07-30,13765291.691120774
2024-07-31,13892189.994970713
2024-08-01,13906118.714981932
2024-08-02,13794778.492902413
2024-08-05,13565277.906175252
2024-08-06,13609979.706381392
2024-08-07,13591097.281888433
2024-08-08,13723109.534042032
2024-08-09,13745685.925388072
2024-08-12,13732016.821336392
2024-08-13,13864900.947416272
2024-08-14,13871866.313861653
2024-08-15,13912890.539726932
2024-08-16,13944564.992939852
2024-08-19,14060559.983215492
2024-08-20,14068547.448199453
2024-08-21,14099826.317231633
2024-08-22,14039753.849809533
2024-08-23,14137003.466775572
2024-08-26,14144217.484808892
2024-08-27,14157038.342823053
2024-08-28,14062346.491689453
2024-08-29,14066756.959966213
2024-08-30,14066933.493461672
2024-09-03,14007140.619646313
2024-09-04,13998531.945062993
2024-09-05,14013145.404146012
2024-09-06,13858001.222382532
2024-09-09,13946951.100880153
2024-09-10,13967561.258760773
2024-09-11,13954279.510832861
2024-09-12,14131830.08986652
2024-09-13,14269374.234280141
2024-09-16,14348265.038549202
2024-09-17,14417345.120072242
2024-09-18,14346759.13079172
2024-09-19,14409133.379775062
2024-09-20,14429410.204706222
2024-09-23,14482170.614292441
2024-09-24,14526238.09179712
2024-09-25,14578679.041197263
2024-09-26,14578350.478558661
2024-09-27,14569691.32527434
2024-09-30,14643263.35828364
2024-10-01,14609588.15633136
2024-10-02,14623841.445654502
2024-10-03,14663317.002433622
2024-10-04,14753281.35793744
2024-10-07,14691297.053951502
2024-10-08,14827096.18234146
2024-10-09,14860323.58851258
2024-10-10,14858559.676655881
2024-10-11,14939548.241138581
2024-10-14,14987247.296657942
2024-10-15,14931505.162693221
2024-10-16,15000714.933646202
2024-10-17,14993432.03340928
2024-10-18,15058446.91276836
2024-10-21,15256040.7326969
2024-10-22,15212629.273681222
2024-10-23,15191845.517113367
2024-10-24,15302157.470856957
2024-10-25,15282166.339051839
2024-10-28,15359716.54466514
2024-10-29,15447271.819447778
2024-10-30,15376668.957880218
2024-10-31,15275620.193810537
2024-11-01,15201129.84307392
2024-11-04,15152349.859963458
2024-11-05,15308804.66047778
2024-11-06,15535612.074489418
2024-11-07,16689036.00185968
2024-11-08,17280908.024742637
2024-11-11,17339936.08975072
2024-11-12,17416571.83433192
2024-11-13,17341373.649618655
2024-11-14,17237520.113556016
2024-11-15,17218602.000634756
2024-11-18,17327886.484403078
2024-11-19,17618576.644040436
2024-11-20,17698943.53837264
2024-11-21,17662982.916656457
2024-11-22,17906062.479159717
2024-11-25,17746981.337782096
2024-11-26,17998219.84058872
2024-11-27,17934691.679636657
2024-11-29,18100743.07030406
2024-12-02,18180005.284572776
2024-12-03,18557929.170015376
2024-12-04,18719578.309534658
2024-12-05,18790466.637106538
2024-12-06,19172520.908576597
2024-12-09,18166628.782905716
2024-12-10,17897132.954394717
2024-12-11,18226954.54956478
2024-12-12,18036359.63429808
2024-12-13,18010221.55837888
2024-12-16,18317155.366090316
2024-12-17,18111832.01184563
2024-12-18,17439310.01494587
2024-12-19,17512435.588554904
2024-12-20,17903860.353304245
2024-12-23,17968957.105043985
2024-12-24,18013975.564124964
2024-12-26,18060770.162077025
2024-12-27,17822934.78662522
2024-12-30,17737821.42628958
2024-12-31,17542477.307855643
2025-01-02,17795382.52774408
2025-01-03,18054523.129804235
2025-01-06,18186721.025969114
2025-01-07,17719773.926715795
2025-01-08,17732791.522458695
2025-01-10,17486785.610658657
2025-01-13,17435980.887106135
2025-01-14,17479420.855710056
2025-01-15,17760290.374979556
2025-01-16,17731465.582413476
2025-01-17,17946726.699366316
2025-01-21,18001301.681714077
2025-01-22,18397142.808684457
2025-01-23,18427190.618440613
2025-01-24,18402520.183473393
2025-01-27,18026917.66768451
2025-01-28,18325583.057296608
2025-01-29,18373274.747980192
2025-01-30,18431928.88506957
2025-01-31,18438012.010378115
2025-02-03,18387046.519639853
2025-02-04,18713859.927088216
2025-02-05,18628872.569305193
2025-02-06,18786864.346402332
2025-02-07,18708595.535700995
2025-02-10,18878621.000596013
2025-02-11,18736103.35654009
2025-02-12,18826000.96558091
2025-02-13,20209080.459881473
2025-02-14,20771409.73238983
2025-02-18,20594199.715513915
2025-02-19,20566893.185097992
2025-02-20,19954583.183820054
2025-02-21,19306611.150997534
2025-02-24,19213795.090620354
2025-02-25,18749691.897749275
2025-02-26,18073709.285499543
2025-02-27,17944888.96536628
2025-02-28,18079842.17136256
2025-03-03,17958476.57438098
2025-03-04,17863154.78774386
2025-03-05,18004007.99007216
2025-03-06,17677453.1428843
2025-03-07,17767239.669122048
2025-03-10,17534797.36013309
2025-03-11,17429765.894821506
2025-03-12,17541921.036521927
2025-03-13,17476106.209237847
2025-03-14,17583901.634453367
2025-03-17,17683412.600097947
2025-03-18,17611111.098953627
2025-03-19,17665022.382242285
2025-03-20,17734012.013729427
2025-03-21,17598480.314123087
2025-03-24,17676647.937351327
2025-03-25,17698043.61699443
2025-03-26,17579233.53606825
2025-03-27,17519311.987729568
2025-03-28,17356238.84377613
2025-03-31,17293080.820357673
2025-04-01,17236873.846616015
2025-04-02,17114885.439471353
2025-04-03,17194722.258189194
2025-04-04,16844757.97456803
2025-04-07,16745050.834723286
2025-04-08,16678621.668100249
2025-04-09,16724707.227889948
2025-04-10,16704286.376303848
2025-04-11,16845457.81524283
2025-04-14,16933626.769046392
2025-04-15,16981913.111544352
2025-04-16,16910766.55627729
2025-04-17,16976722.97507983
2025-04-21,16938654.412903152
2025-04-22,17105594.32506255
2025-04-23,17069233.77925929
2025-04-24,17096800.001543652
2025-04-25,16930196.420358352
2025-04-28,16939652.44985077
2025-04-29,17095270.311760914
2025-04-30,17082010.647782654
2025-05-01,17072044.977773532
2025-05-02,17258023.12940217
2025-05-05,17323455.569217432
2025-05-06,17206918.35724754
2025-05-07,17175943.98023018
2025-05-08,17161943.874847837
2025-05-09,17168706.764175996
2025-05-12,17327840.6916558
2025-05-13,17323316.48736924
2025-05-14,17347239.142291836
2025-05-15,17511686.6884623
2025-05-16,17594916.021582518
2025-05-19,17741308.133934177
2025-05-20,17777893.43506166
2025-05-21,17752531.04212354
2025-05-22,17816823.683950096
2025-05-23,17959611.554994855
2025-05-27,18109349.691815156
2025-05-28,17844440.623516317
2025-05-29,17655715.133185204
2025-05-30,17748701.067058064
2025-06-02,17771999.586983725
2025-06-03,17795580.735958606
2025-06-04,17718351.205456145
2025-06-05,17652945.634311244
2025-06-06,17701049.128681086
2025-06-09,17932391.640986882
2025-06-10,17574657.786163226
2025-06-11,17607120.358600765
2025-06-12,17769612.736001544
2025-06-13,17599476.323598526
2025-06-16,17770092.052422903
2025-06-17,17784086.907974087
2025-06-18,17776268.293421946
2025-06-20,17753930.188370302
2025-06-23,17760929.425574146
2025-06-24,18445434.785533823
2025-06-25,18743073.148693725
2025-06-26,19056377.719270207
2025-06-27,18906221.627862923
2025-06-30,19018580.494579382
2025-07-01,18778410.662340123
2025-07-02,18640442.062154904
2025-07-03,18800832.533572726
2025-07-07,18836631.980040126
2025-07-08,19161478.318452805
2025-07-09,19059060.645921644
2025-07-10,19003405.383592125
2025-07-11,18954754.600893423
2025-07-14,19116773.238169864
2025-07-15,18896925.000151645
2025-07-16,18963142.661472503
2025-07-17,18828552.335525922
2025-07-18,18801794.659049343
2025-07-21,18955961.565413862
2025-07-22,18918681.280181184
2025-07-23,19047071.939866304
2025-07-24,19032975.668922164
2025-07-25,19125279.737975165
2025-07-28,19079813.623023145
2025-07-29,19155730.491369486
2025-07-30,19104682.731750406
2025-07-31,19023832.888911605
2025-08-01,18741671.247217506
2025-08-04,18987494.748642545
2025-08-05,19015254.690061964
2025-08-06,19341233.420903787
2025-08-07,19244642.406072285
2025-08-08,19036312.414056405
2025-08-11,19062175.263901263
2025-08-12,19210065.79411736
2025-08-13,19093733.977753244
2025-08-14,18899130.990469083
2025-08-15,18932802.680748723
2025-08-18,18881472.451855846
2025-08-19,18595790.3918655
2025-08-20,18630209.54494206
2025-08-21,18663604.6352785
2025-08-22,18848144.891186483
2025-08-25,18666523.346875142
2025-08-26,18537779.05877516
2025-08-27,18558993.43069362
2025-08-28,18638702.20111028
2025-08-29,18437988.68162142
2025-09-02,18427162.93318862
2025-09-03,18516660.56877374
2025-09-04,18539251.89372266
2025-09-05,18326993.322445415
2025-09-08,18426559.209178735
2025-09-09,18484632.575304337
2025-09-10,18823917.699667275
2025-09-11,18678838.87854515
2025-09-12,18846379.261256807
2025-09-15,18972632.61724781
2025-09-16,18995901.67397607
2025-09-17,18964888.76379201
2025-09-18,19125089.515388384
2025-09-19,19099176.00848238
2025-09-22,19255483.755575366
2025-09-23,19183471.955770522
2025-09-24,19034861.192467093
2025-09-25,18875911.796626475
2025-09-26,18967220.715562534
2025-09-29,19125613.425963774
2025-09-30,19222369.27878271
2025-10-01,19695289.162340656
2025-10-02,19823995.31753645
2025-10-03,19886512.905480172
2025-10-06,20027495.229548775
2025-10-07,19784052.69605825
2025-10-08,20054101.886646073
2025-10-09,20012584.936379254
2025-10-10,19544641.405937593
2025-10-13,19942087.702636093
2025-10-14,19909468.61657527
2025-10-15,20220995.531986874
2025-10-16,20255673.03327719
2025-10-17,20174674.89301849
2025-10-20,20201168.35133317
2025-10-21,20070564.240239915
2025-10-22,19897983.981990214
2025-10-23,20208852.399849374
2025-10-24,20590624.43853867
2025-10-27,20749321.695877016
2025-10-28,20719539.965838395
2025-10-29,20994723.327350613
2025-10-30,20904393.138533354
2025-10-31,20771293.982328653
2025-11-03,20970879.22225461
2025-11-04,20557784.602918193
2025-11-05,20997493.574482154
2025-11-06,20861801.375077575
2025-11-07,20829614.456713133
2025-11-10,21185556.46315091
2025-11-11,20847258.590812474
2025-11-12,20947222.748828992
2025-11-13,20533807.909963433
2025-11-14,20591420.901636735
2025-11-17,20539338.460788675
2025-11-18,20273876.092738073
2025-11-19,20441949.965667974
2025-11-20,19863738.945868276
2025-11-21,19948787.993073493
2025-11-24,20514847.459770974
2025-11-25,20564326.637895852
2025-11-26,20799099.03275369
2025-11-28,20962069.813803554
2025-12-01,20842357.29092381
2025-12-02,20887759.906293534
2025-12-03,20822577.517396033
2025-12-04,20694279.286207914
2025-12-05,20823095.279918373
2025-12-08,21001513.080220513
2025-12-09,21153686.84617073
2025-12-10,21340189.087926254
2025-12-11,21364583.431947995
2025-12-12,20706453.019063015
2025-12-15,20734160.278643712
2025-12-16,20673230.857048996
2025-12-17,20256783.91825749
2025-12-18,20839678.292437088
2025-12-19,21179177.256187607
2025-12-22,21363174.346119367
2025-12-23,21373939.176000066
2025-12-24,21575250.201348227
2025-12-26,21541776.72907487
2025-12-29,21603830.30892005
2025-12-30,21543436.495607488
2025-12-31,21364397.473715268
2026-01-02,22118296.505763948
2026-01-05,22264639.37555007
2026-01-06,22911476.10518609
2026-01-07,22697995.58290729
2026-01-08,22446209.175446726
2026-01-09,23149726.30956471
2026-01-12,23177362.383267008
2026-01-13,22960321.276591465
2026-01-14,22754630.61230103
2026-01-15,23048902.218655765
2026-01-16,23297027.75788528
2026-01-20,23233720.48284882
2026-01-21,23734650.00958478
2026-01-22,23655752.45061952
2026-01-23,23634826.2362142
2026-01-26,23584543.59314116
2026-01-27,24139615.7946916
2026-01-28,24432011.552424
2026-01-29,24729846.612575583
2026-01-30,24203143.50501446
2026-02-02,24591699.2686526
2026-02-03,24261535.623417262
2026-02-04,23375173.78730702
2026-02-05,23473039.44839784
2026-02-06,24043369.00236936
2026-02-09,23931780.37328358
2026-02-10,23759094.264793858
2026-02-11,24392097.41412066
2026-02-12,24360087.12990188
2026-02-13,24454045.6428681
2026-02-17,24340484.01871478
2026-02-18,24708847.89934568
2026-02-19,24605581.06946758
2026-02-20,24940420.134544462
2026-02-23,24792654.845406
2026-02-24,24783658.04219172
2026-02-25,25024004.23864166
2026-02-26,24657809.7859359
2026-02-27,24583679.0973557
2026-03-02,24534905.217682302
2026-03-03,23740044.28915868
2026-03-04,24351889.57405106
2026-03-05,24073655.10280682
2026-03-06,23356789.34394414
2026-03-09,23862770.98066736
2026-03-10,24160683.72759692
2026-03-11,24416330.51775036
2026-03-12,23956589.99699238
2026-03-13,24244356.317796998
2026-03-16,24607461.95197556
2026-03-17,24981866.06949824
2026-03-18,24905642.4004619
2026-03-19,24906006.183716282
2026-03-20,24447356.437697954
2026-03-23,24336472.23628898
2026-03-24,24380118.667998
2026-03-25,24103586.111258544
2026-03-26,23311330.568839923
2026-03-27,23297212.338375263
2026-03-30,22591667.64943246
2026-03-31,22966629.7823009
2026-04-01,23174533.63694442
2026-04-02,23113240.73265894
2026-04-06,23178357.92430698
2026-04-07,23188039.09433054
2026-04-08,23744509.63174774
2026-04-09,23981113.58101964
2026-04-10,24035366.416051142
2026-04-13,24080098.33048647
2026-04-14,24208448.73033575
2026-04-15,24094186.43913185
2026-04-16,24037781.808383368
2026-04-17,24246186.580489807
2026-04-20,24198305.74340265
2026-04-21,24127515.186549686
2026-04-22,24284045.591408767
2026-04-23,24130479.68835779
2026-04-24,24469379.90550111
2026-04-27,24220013.10463695
2026-04-28,24002881.711586066
2026-04-29,23990757.100227907
2026-04-30,24225503.91628775
2026-05-01,24211045.107867047
2026-05-04,24291966.620416127
2026-05-05,24713512.298255287
2026-05-06,25179471.059964288
2026-05-07,24910356.912056368
2026-05-08,25116724.337530226
2026-05-11,25227775.23514971
2026-05-12,25020261.430794507
2026-05-13,25226783.39278225
2026-05-14,25294624.09550617
2026-05-15,24903869.62386325
2026-05-18,24624717.946588427
2026-05-19,24489953.381491028
2026-05-20,24918185.03867849
2026-05-21,25191364.266840607
2026-05-22,25390924.053723007
2026-05-26,26027480.174524166
2026-05-27,25956932.42529991
2026-05-28,26045467.85823355
2026-05-29,26040768.32143929
2026-06-01,26243748.26028321
2026-06-02,26534498.78783419
2026-06-03,26599723.394557826
2026-06-04,26375976.075335827
2026-06-05,25261803.585019067
2026-06-08,25756504.63072283
2026-06-09,25761634.386158247
2026-06-10,25561108.104517706
2026-06-11,26522537.98579769
2026-06-12,26645168.848569445
2026-06-15,27103988.35218955
2026-06-16,26560950.19532684
2026-06-17,26746352.1996912
2026-06-18,27153042.4556912
2026-06-22,27743111.6556912
2026-06-23,26572383.450261198
2026-06-24,26781791.250261202
2026-06-25,27401834.450261198
2026-06-26,26877954.450261198
2026-06-29,27645581.450261198
2026-06-30,28277101.8502612
2026-07-01,27250581.3860612
2026-07-02,26402735.7860612
