code,entry_date,sell_date,strategy,exit_reason,pnl,return_pct
US.CDNS,2015-02-09,2015-02-13,boll_mr,STRAT_EXIT,4479.33,4.9
US.PKX,2015-02-02,2015-02-20,boll_mr,STRAT_EXIT,3896.79,4.18
US.AMD,2015-03-09,2015-03-12,boll_mr,STOP_LOSS,-5466.13,-5.89
US.VRTX,2015-03-16,2015-03-25,atr_breakout,STOP_LOSS,-5156.84,-7.2
US.META,2015-03-24,2015-04-01,atr_breakout,STOP_LOSS,-3619.31,-5.09
US.KEP,2015-04-01,2015-04-07,atr_breakout,STRAT_EXIT,-780.21,-0.97
US.WDAY,2015-04-06,2015-04-13,atr_breakout,STRAT_EXIT,-1290.92,-1.49
US.GILD,2015-03-11,2015-04-17,boll_mr,STRAT_EXIT,1996.4,2.33
US.ISRG,2015-04-20,2015-04-22,atr_breakout,STOP_LOSS,-7394.5,-6.61
US.VRSK,2015-04-02,2015-04-23,atr_breakout,STRAT_EXIT,146.44,0.19
US.KEP,2015-04-17,2015-04-23,atr_breakout,STRAT_EXIT,-1328.66,-1.35
US.MU,2015-04-22,2015-04-30,atr_breakout,STOP_LOSS,-24622.63,-5.09
US.ORLY,2015-04-23,2015-04-30,atr_breakout,STOP_LOSS,-21496.67,-5.09
US.SHG,2015-04-23,2015-05-01,atr_breakout,STRAT_EXIT,-1138.89,-0.34
US.BKNG,2015-05-04,2015-05-07,atr_breakout,STOP_LOSS,-5665.75,-5.09
US.ADP,2015-05-08,2015-05-13,atr_breakout,STRAT_EXIT,-1966.16,-1.29
US.MDLZ,2015-03-09,2015-05-15,boll_mr,TAKE_PROFIT,14073.08,14.87
US.INTU,2015-05-08,2015-05-15,atr_breakout,STRAT_EXIT,-802.69,-0.51
US.NXPI,2015-05-08,2015-05-15,atr_breakout,STRAT_EXIT,-1849.03,-1.31
US.QCOM,2015-05-15,2015-05-19,atr_breakout,STRAT_EXIT,-2893.41,-2.12
US.META,2015-05-01,2015-05-21,boll_mr,STRAT_EXIT,1173.69,1.78
US.PEP,2015-05-15,2015-05-21,atr_breakout,STRAT_EXIT,-1554.29,-1.14
US.HON,2015-05-13,2015-05-22,atr_breakout,STRAT_EXIT,3111.72,1.99
US.TTWO,2015-05-19,2015-05-26,atr_breakout,STOP_LOSS,-31030.26,-5.09
US.ADBE,2015-05-21,2015-05-26,atr_breakout,STRAT_EXIT,-4995.51,-1.58
US.CTAS,2015-05-13,2015-06-04,atr_breakout,STRAT_EXIT,2112.17,1.3
US.AVGO,2015-05-27,2015-06-29,atr_breakout,STOP_LOSS,-31491.88,-6.69
US.AMZN,2015-04-20,2015-06-30,atr_breakout,STRAT_EXIT,12360.85,11.32
US.FTNT,2015-06-16,2015-07-06,atr_breakout,STOP_LOSS,-23373.0,-5.99
US.NXPI,2015-06-30,2015-07-07,boll_mr,STOP_LOSS,-1851.49,-5.09
US.AEP,2015-07-07,2015-07-14,atr_breakout,STRAT_EXIT,-10056.18,-1.84
US.XEL,2015-07-07,2015-07-14,atr_breakout,STRAT_EXIT,-4995.79,-1.13
US.AMAT,2015-06-30,2015-07-16,boll_mr,STOP_LOSS,-3025.72,-7.11
US.QCOM,2015-06-30,2015-07-29,boll_mr,STRAT_EXIT,339.04,0.76
US.INTU,2015-07-16,2015-07-31,atr_breakout,STRAT_EXIT,-7817.16,-2.25
US.MNST,2015-08-03,2015-08-06,atr_breakout,STOP_LOSS,-9569.84,-7.11
US.PANW,2015-05-26,2015-08-07,atr_breakout,ATR_TRAIL,5206.69,4.86
US.VRSK,2015-07-29,2015-08-12,atr_breakout,STRAT_EXIT,-7437.28,-2.45
US.EA,2015-05-06,2015-08-21,atr_breakout,ATR_TRAIL,9241.07,7.43
US.DXCM,2015-08-06,2015-08-21,atr_breakout,STOP_LOSS,-8985.33,-5.09
US.GOOGL,2015-07-14,2015-08-24,atr_breakout,ATR_TRAIL,24900.8,4.55
US.GOOG,2015-07-14,2015-08-24,atr_breakout,ATR_TRAIL,18226.39,4.18
US.MDLZ,2015-05-15,2015-08-24,atr_breakout,ATR_TRAIL,23053.79,4.1
US.NFLX,2015-04-13,2015-08-24,atr_breakout,ATR_TRAIL,151713.53,42.67
US.AEP,2015-08-12,2015-08-24,atr_breakout,STOP_LOSS,-1934.33,-5.29
US.XEL,2015-07-31,2015-08-25,atr_breakout,ATR_TRAIL,-5325.69,-4.68
US.AMD,2015-09-11,2015-09-14,atr_breakout,STOP_LOSS,-24894.4,-9.53
US.ISRG,2015-08-25,2015-09-15,boll_mr,STRAT_EXIT,3800.94,3.8
US.AVGO,2015-09-15,2015-09-18,atr_breakout,STOP_LOSS,-9982.17,-5.09
US.BKNG,2015-09-15,2015-09-18,atr_breakout,STRAT_EXIT,-3934.34,-1.94
US.KLAC,2015-09-14,2015-09-21,atr_breakout,STOP_LOSS,-14685.92,-5.91
US.ASX,2015-09-11,2015-09-23,atr_breakout,STOP_LOSS,-14251.49,-5.71
US.AMZN,2015-09-21,2015-09-24,atr_breakout,STRAT_EXIT,-4779.73,-2.76
US.META,2015-09-21,2015-09-28,atr_breakout,STOP_LOSS,-10707.05,-6.72
US.ADBE,2015-09-23,2015-09-28,atr_breakout,STOP_LOSS,-5667.78,-5.91
US.ISRG,2015-09-24,2015-09-28,boll_mr,STOP_LOSS,-2186.56,-5.72
US.SBUX,2015-09-24,2015-09-29,atr_breakout,STOP_LOSS,-4995.52,-5.09
US.TMUS,2015-05-21,2015-10-29,atr_breakout,ATR_TRAIL,9541.8,1.82
US.COST,2015-09-23,2015-11-06,atr_breakout,STRAT_EXIT,7008.09,8.22
US.AEP,2015-09-30,2015-11-06,atr_breakout,STOP_LOSS,-4722.49,-5.09
US.SNPS,2015-11-06,2015-11-12,atr_breakout,STRAT_EXIT,-1355.69,-0.89
US.ORLY,2015-10-29,2015-11-13,atr_breakout,STOP_LOSS,-14370.57,-5.93
US.XEL,2015-09-24,2015-11-27,atr_breakout,STRAT_EXIT,3506.61,3.5
US.FANG,2015-11-09,2015-12-02,atr_breakout,STOP_LOSS,-2185.73,-5.09
US.MRVL,2015-12-02,2015-12-03,atr_breakout,STOP_LOSS,-10251.86,-5.09
US.PANW,2015-11-27,2015-12-14,atr_breakout,STOP_LOSS,-3094.19,-5.09
US.KB,2015-11-16,2015-12-17,boll_mr,STOP_LOSS,-1069.8,-5.2
US.AEP,2015-12-17,2015-12-18,atr_breakout,STRAT_EXIT,-1311.09,-2.26
US.FAST,2015-12-24,2015-12-31,atr_breakout,STRAT_EXIT,-1105.69,-1.76
US.HON,2015-12-14,2015-12-31,boll_mr,STRAT_EXIT,1069.01,4.99
US.NFLX,2015-11-17,2016-01-04,atr_breakout,STOP_LOSS,-3552.48,-6.19
US.AVGO,2015-12-03,2016-01-05,atr_breakout,STOP_LOSS,-13552.4,-5.09
US.WDAY,2015-12-14,2016-01-06,boll_mr,STOP_LOSS,-1308.83,-5.91
US.EXC,2016-01-05,2016-01-07,atr_breakout,STRAT_EXIT,-1013.0,-1.27
US.TMUS,2016-01-07,2016-01-08,atr_breakout,STRAT_EXIT,-2062.74,-1.65
US.ADP,2016-01-05,2016-01-08,boll_mr,STOP_LOSS,-1406.22,-5.12
US.ALGN,2016-01-12,2016-01-13,boll_mr,STOP_LOSS,-2643.63,-5.09
US.META,2016-01-11,2016-01-14,boll_mr,STOP_LOSS,-2757.94,-5.09
US.SPY,2016-01-11,2016-01-20,boll_mr,STOP_LOSS,-2322.53,-5.09
US.MSFT,2016-01-08,2016-01-20,boll_mr,STOP_LOSS,-2928.51,-5.09
US.AEP,2016-01-19,2016-01-22,atr_breakout,STRAT_EXIT,-2625.87,-2.0
US.EA,2016-01-26,2016-01-29,atr_breakout,STOP_LOSS,-12940.12,-8.96
US.PCAR,2016-01-29,2016-02-03,atr_breakout,STOP_LOSS,-4697.19,-5.09
US.ORLY,2016-01-29,2016-02-04,atr_breakout,STOP_LOSS,-4590.47,-5.09
US.META,2016-01-28,2016-02-05,atr_breakout,STOP_LOSS,-5400.55,-5.09
US.WF,2016-02-05,2016-02-11,atr_breakout,STOP_LOSS,-4737.09,-5.3
US.XEL,2016-01-28,2016-02-11,atr_breakout,STRAT_EXIT,4197.53,3.67
US.SHG,2016-02-05,2016-02-11,atr_breakout,STOP_LOSS,-4341.28,-5.09
US.FAST,2016-02-04,2016-02-11,atr_breakout,STOP_LOSS,-14418.72,-5.09
US.ADP,2016-02-16,2016-02-24,atr_breakout,STRAT_EXIT,1704.9,1.66
US.ISRG,2016-02-09,2016-03-08,boll_mr,STRAT_EXIT,3576.03,11.28
US.PEP,2016-03-09,2016-03-18,atr_breakout,STRAT_EXIT,910.43,0.99
US.XEL,2016-03-08,2016-03-22,atr_breakout,STRAT_EXIT,960.07,1.01
US.LPL,2016-03-22,2016-03-28,atr_breakout,STOP_LOSS,-13297.08,-5.09
US.META,2016-03-28,2016-04-04,atr_breakout,STRAT_EXIT,-1042.98,-1.1
US.CSCO,2016-02-12,2016-04-21,atr_breakout,STRAT_EXIT,14814.49,13.37
US.PAYX,2016-02-12,2016-04-27,atr_breakout,STRAT_EXIT,9265.19,8.42
US.EXC,2016-01-28,2016-05-03,atr_breakout,STRAT_EXIT,27477.82,22.83
US.PKX,2016-01-29,2016-05-04,atr_breakout,ATR_TRAIL,25420.52,27.66
US.META,2016-04-28,2016-05-16,atr_breakout,STRAT_EXIT,1516.6,1.56
US.ADBE,2016-03-18,2016-05-17,atr_breakout,STRAT_EXIT,7097.37,2.58
US.CTAS,2016-05-09,2016-05-17,atr_breakout,STRAT_EXIT,-301.03,-0.31
US.PCAR,2016-02-16,2016-05-19,atr_breakout,ATR_TRAIL,3932.46,3.79
US.EA,2016-05-16,2016-05-23,atr_breakout,STOP_LOSS,-4243.07,-5.09
US.ISRG,2016-04-04,2016-05-23,atr_breakout,STRAT_EXIT,2410.99,0.96
US.HON,2016-02-16,2016-05-31,atr_breakout,STRAT_EXIT,10719.92,10.44
US.SNPS,2016-05-24,2016-06-14,atr_breakout,STRAT_EXIT,6302.22,1.83
US.VRTX,2016-05-31,2016-06-17,atr_breakout,STOP_LOSS,-10020.36,-6.98
US.DXCM,2016-06-20,2016-06-24,atr_breakout,STOP_LOSS,-18043.71,-5.09
US.ORLY,2016-06-28,2016-07-12,atr_breakout,STRAT_EXIT,1403.84,1.63
US.XEL,2016-06-14,2016-08-16,atr_breakout,ATR_TRAIL,-981.8,-2.78
US.LPL,2016-07-19,2016-09-09,atr_breakout,ATR_TRAIL,-5627.58,-2.31
US.AMD,2016-05-23,2016-09-12,atr_breakout,ATR_TRAIL,34517.01,42.92
US.NXPI,2016-09-12,2016-09-29,boll_mr,TAKE_PROFIT,3044.61,14.87
US.MELI,2016-05-18,2016-10-13,atr_breakout,ATR_TRAIL,24949.64,27.01
US.KB,2016-10-11,2016-10-17,atr_breakout,STRAT_EXIT,-1025.79,-2.04
US.AMAT,2016-05-20,2016-10-31,atr_breakout,STRAT_EXIT,129880.72,29.17
US.MDLZ,2016-10-26,2016-11-03,atr_breakout,STRAT_EXIT,-1425.09,-2.42
US.LPL,2016-11-01,2016-11-09,boll_mr,STOP_LOSS,-1806.59,-5.97
US.ROST,2016-06-28,2016-11-15,atr_breakout,STRAT_EXIT,11960.16,14.2
US.IDXX,2016-10-28,2016-11-29,boll_mr,TAKE_PROFIT,2189.14,14.87
US.NXPI,2016-09-29,2016-11-29,atr_breakout,STRAT_EXIT,6166.58,2.73
US.KLAC,2016-11-07,2016-12-01,atr_breakout,ATR_TRAIL,-167.63,-0.22
US.FANG,2016-12-01,2016-12-06,atr_breakout,STOP_LOSS,-3023.71,-5.09
US.CSCO,2016-10-14,2016-12-20,boll_mr,STRAT_EXIT,220.75,1.16
US.HON,2016-11-07,2017-01-04,atr_breakout,STRAT_EXIT,4226.61,5.69
US.AMGN,2017-01-04,2017-01-25,atr_breakout,STRAT_EXIT,2603.56,0.7
US.PAYX,2016-11-29,2017-01-30,atr_breakout,STRAT_EXIT,9144.34,2.94
US.CTAS,2016-12-06,2017-01-31,atr_breakout,STRAT_EXIT,-1150.77,-2.03
US.EA,2017-01-30,2017-02-02,atr_breakout,STRAT_EXIT,-5757.28,-1.68
US.TSLA,2016-12-20,2017-02-27,atr_breakout,ATR_TRAIL,47483.48,17.64
US.AMD,2017-02-27,2017-02-28,atr_breakout,STOP_LOSS,-24936.97,-5.09
US.FAST,2016-11-29,2017-03-13,atr_breakout,STRAT_EXIT,20928.88,9.92
US.SNPS,2017-02-02,2017-04-07,atr_breakout,STRAT_EXIT,50459.78,11.22
US.ADI,2016-11-15,2017-04-11,atr_breakout,ATR_TRAIL,42243.0,13.94
US.KLAC,2017-01-25,2017-06-09,atr_breakout,ATR_TRAIL,101578.03,20.33
US.TEAM,2017-01-18,2017-06-12,atr_breakout,ATR_TRAIL,23614.55,23.82
US.AAPL,2017-05-08,2017-06-12,atr_breakout,STOP_LOSS,-34548.48,-5.09
US.QCOM,2017-04-17,2017-06-13,boll_mr,STRAT_EXIT,5020.79,9.74
US.BKNG,2017-02-28,2017-06-30,atr_breakout,STRAT_EXIT,40416.24,8.37
US.XEL,2017-04-17,2017-07-05,atr_breakout,ATR_TRAIL,2091.84,1.63
US.LPL,2017-06-13,2017-07-10,atr_breakout,STOP_LOSS,-6982.52,-5.09
US.PEP,2017-03-21,2017-07-11,atr_breakout,ATR_TRAIL,1274.61,1.35
US.VRSK,2017-06-30,2017-07-11,atr_breakout,STRAT_EXIT,-1814.04,-1.15
US.BKNG,2017-07-07,2017-08-09,atr_breakout,ATR_TRAIL,-3506.82,-0.71
US.WF,2017-01-31,2017-08-09,atr_breakout,ATR_TRAIL,38753.11,43.52
US.AMGN,2017-06-09,2017-08-18,atr_breakout,ATR_TRAIL,10395.45,2.12
US.FTNT,2017-06-12,2017-08-29,boll_mr,STRAT_EXIT,-186.38,-0.29
US.PKX,2017-07-10,2017-09-15,atr_breakout,ATR_TRAIL,24930.16,5.69
US.XEL,2017-08-10,2017-09-22,atr_breakout,ATR_TRAIL,-2270.96,-1.91
US.MNST,2017-08-22,2017-10-19,atr_breakout,STRAT_EXIT,5157.83,1.0
US.MU,2017-08-29,2017-11-30,atr_breakout,ATR_TRAIL,32645.05,34.48
US.ADBE,2017-10-19,2017-12-04,atr_breakout,ATR_TRAIL,-8715.27,-2.01
US.TTWO,2017-07-11,2017-12-04,atr_breakout,ATR_TRAIL,32895.94,34.35
US.ASML,2017-09-07,2017-12-04,atr_breakout,ATR_TRAIL,28575.81,5.53
US.DXCM,2017-12-08,2017-12-11,atr_breakout,STOP_LOSS,-5931.67,-5.1
US.PAYX,2017-09-22,2018-02-05,atr_breakout,ATR_TRAIL,38350.19,9.51
US.CPRT,2017-12-07,2018-02-05,atr_breakout,STOP_LOSS,-6181.67,-5.09
US.HON,2017-11-30,2018-02-05,atr_breakout,STOP_LOSS,-20472.84,-5.09
US.REGN,2018-02-02,2018-02-06,boll_mr,STOP_LOSS,-2460.96,-5.09
US.FANG,2017-12-22,2018-02-06,atr_breakout,STOP_LOSS,-6156.14,-5.09
US.OKTA,2018-02-28,2018-03-01,atr_breakout,STOP_LOSS,-12779.54,-5.76
US.FANG,2018-03-05,2018-03-07,atr_breakout,STOP_LOSS,-6448.08,-5.09
US.TEAM,2018-03-02,2018-03-26,atr_breakout,STOP_LOSS,-10788.09,-5.09
US.NFLX,2018-03-02,2018-03-28,atr_breakout,STOP_LOSS,-11549.8,-5.17
US.FANG,2018-03-26,2018-03-28,atr_breakout,STOP_LOSS,-7522.39,-6.53
US.WDAY,2018-03-02,2018-03-28,atr_breakout,STOP_LOSS,-11756.01,-5.81
US.DXCM,2018-03-28,2018-04-04,atr_breakout,STOP_LOSS,-7709.92,-5.09
US.AEP,2018-03-27,2018-04-06,atr_breakout,STRAT_EXIT,62.25,0.06
US.PANW,2018-03-05,2018-04-13,atr_breakout,STRAT_EXIT,5007.31,3.84
US.VRSK,2018-04-10,2018-04-13,atr_breakout,STRAT_EXIT,-1999.28,-1.08
US.PCAR,2018-04-16,2018-04-20,atr_breakout,STRAT_EXIT,-858.4,-0.61
US.ADBE,2018-03-07,2018-04-20,atr_breakout,STRAT_EXIT,12558.33,3.76
US.HON,2018-04-20,2018-04-24,atr_breakout,STRAT_EXIT,-3913.06,-2.46
US.SHG,2018-04-24,2018-04-25,atr_breakout,STRAT_EXIT,-2183.93,-1.68
US.ASX,2018-04-13,2018-05-01,atr_breakout,STOP_LOSS,-51265.04,-27.62
US.TTWO,2018-05-01,2018-05-03,atr_breakout,STOP_LOSS,-4463.83,-5.09
US.KEP,2018-04-02,2018-05-29,atr_breakout,ATR_TRAIL,885.91,0.61
US.OKTA,2018-05-29,2018-06-07,atr_breakout,STOP_LOSS,-22194.1,-5.27
US.ZS,2018-06-07,2018-06-21,atr_breakout,STOP_LOSS,-21601.63,-6.91
US.BKR,2018-04-12,2018-07-20,atr_breakout,ATR_TRAIL,-4920.27,-2.78
US.FTNT,2018-02-06,2018-07-24,atr_breakout,STRAT_EXIT,117878.3,43.22
US.COST,2018-06-21,2018-10-05,atr_breakout,ATR_TRAIL,13862.03,4.37
US.DXCM,2018-05-03,2018-10-08,atr_breakout,ATR_TRAIL,170391.17,46.03
US.QCOM,2018-07-26,2018-10-10,atr_breakout,ATR_TRAIL,24707.48,5.8
US.HON,2018-07-20,2018-10-10,atr_breakout,ATR_TRAIL,10802.78,2.84
US.SHG,2018-10-08,2018-10-10,atr_breakout,STRAT_EXIT,-3251.37,-2.16
US.AMD,2018-04-26,2018-10-19,atr_breakout,ATR_TRAIL,521992.33,113.85
US.KDP,2018-10-16,2018-10-23,atr_breakout,STRAT_EXIT,-1891.41,-0.73
US.PAYX,2018-10-12,2018-10-24,boll_mr,STOP_LOSS,-8286.62,-6.09
US.SPY,2018-10-12,2018-10-29,boll_mr,STOP_LOSS,-7002.45,-5.09
US.TMUS,2018-11-07,2018-11-09,atr_breakout,STRAT_EXIT,-3471.57,-2.46
US.SNPS,2018-11-07,2018-11-13,atr_breakout,STRAT_EXIT,-5251.25,-3.65
US.CSCO,2018-11-07,2018-11-13,atr_breakout,STOP_LOSS,-9840.84,-5.89
US.INTU,2018-11-07,2018-11-14,atr_breakout,STOP_LOSS,-8447.88,-5.72
US.KLAC,2018-11-16,2018-11-19,atr_breakout,STOP_LOSS,-12224.43,-5.09
US.KEP,2018-11-14,2018-11-19,atr_breakout,STRAT_EXIT,-5366.5,-3.11
US.QQQ,2018-12-03,2018-12-04,core_etf,MA200_BREAK,-32526.42,-3.95
US.CTAS,2018-11-16,2018-12-06,atr_breakout,STOP_LOSS,-12781.05,-5.09
US.VRSK,2018-11-09,2018-12-06,atr_breakout,STOP_LOSS,-6693.75,-5.09
US.OKTA,2018-12-06,2018-12-07,atr_breakout,STOP_LOSS,-8430.93,-6.91
US.ZS,2018-12-06,2018-12-07,atr_breakout,STOP_LOSS,-7733.35,-6.11
US.PEP,2018-11-19,2018-12-18,atr_breakout,STOP_LOSS,-11980.0,-5.37
US.AEP,2018-11-16,2018-12-24,atr_breakout,STOP_LOSS,-11537.48,-5.09
US.EXC,2018-11-16,2018-12-26,atr_breakout,STOP_LOSS,-11029.64,-5.09
US.WF,2018-12-27,2018-12-28,atr_breakout,STOP_LOSS,-8476.54,-5.09
US.TEAM,2019-01-07,2019-01-22,atr_breakout,STOP_LOSS,-7274.3,-5.09
US.VRSK,2019-01-22,2019-01-29,atr_breakout,STRAT_EXIT,-223.09,-0.16
US.REGN,2019-01-04,2019-02-21,atr_breakout,STRAT_EXIT,8602.53,5.19
US.FAST,2019-01-29,2019-03-20,atr_breakout,STRAT_EXIT,7142.42,5.08
US.GOOG,2019-03-20,2019-03-27,atr_breakout,STOP_LOSS,-22501.12,-5.09
US.NFLX,2019-01-04,2019-04-05,atr_breakout,STRAT_EXIT,39722.05,22.67
US.PCAR,2019-01-04,2019-04-08,atr_breakout,STRAT_EXIT,30062.81,17.94
US.BKR,2019-01-07,2019-04-30,atr_breakout,ATR_TRAIL,9439.84,6.41
US.MRVL,2019-04-17,2019-05-06,atr_breakout,STOP_LOSS,-23812.96,-5.09
US.OKTA,2019-05-06,2019-05-09,atr_breakout,STOP_LOSS,-4613.2,-5.09
US.ZS,2019-05-10,2019-05-13,atr_breakout,STOP_LOSS,-37148.76,-7.51
US.AAPL,2019-04-08,2019-05-13,atr_breakout,STOP_LOSS,-22641.67,-6.92
US.ROST,2019-01-04,2019-05-17,atr_breakout,STRAT_EXIT,23579.52,14.14
US.LIN,2019-05-17,2019-05-23,atr_breakout,STRAT_EXIT,-2036.34,-2.17
US.ADP,2019-03-27,2019-05-23,atr_breakout,STRAT_EXIT,2495.77,2.66
US.INTU,2019-05-24,2019-05-31,atr_breakout,STOP_LOSS,-3502.33,-5.09
US.OKTA,2019-05-31,2019-06-03,atr_breakout,STOP_LOSS,-4845.59,-5.09
US.WF,2019-06-04,2019-06-05,atr_breakout,STOP_LOSS,-7795.58,-5.09
US.DXCM,2019-06-04,2019-06-06,atr_breakout,STOP_LOSS,-7563.65,-5.09
US.PEP,2019-05-15,2019-07-12,atr_breakout,STRAT_EXIT,12288.08,3.69
US.TEAM,2019-05-08,2019-07-16,atr_breakout,STRAT_EXIT,16676.39,16.92
US.CMCSA,2019-07-16,2019-07-19,atr_breakout,STRAT_EXIT,-2069.34,-2.38
US.TSM,2019-07-19,2019-08-01,atr_breakout,STOP_LOSS,-19902.84,-5.09
US.CDNS,2019-07-25,2019-08-02,atr_breakout,STOP_LOSS,-5422.22,-6.36
US.MDLZ,2019-06-14,2019-08-05,atr_breakout,STOP_LOSS,-4266.19,-5.09
US.MNST,2019-08-06,2019-08-08,boll_mr,STOP_LOSS,-2575.58,-5.09
US.HON,2019-08-06,2019-08-23,boll_mr,STOP_LOSS,-2033.82,-5.09
US.VRTX,2019-08-08,2019-08-28,atr_breakout,STOP_LOSS,-5219.64,-5.09
US.CDNS,2019-08-06,2019-08-29,boll_mr,STRAT_EXIT,-139.31,-0.29
US.VRSK,2019-08-08,2019-09-09,atr_breakout,STRAT_EXIT,2584.86,2.48
US.PEP,2019-08-26,2019-09-16,atr_breakout,STRAT_EXIT,1528.72,1.45
US.FANG,2019-09-16,2019-09-18,atr_breakout,STOP_LOSS,-27064.55,-6.57
US.SBUX,2019-01-22,2019-09-25,atr_breakout,ATR_TRAIL,53391.83,38.12
US.LRCX,2019-09-25,2019-09-27,atr_breakout,STOP_LOSS,-4761.21,-5.09
US.AMAT,2019-09-18,2019-09-27,atr_breakout,STOP_LOSS,-4631.85,-5.2
US.CTAS,2019-06-05,2019-10-02,atr_breakout,STRAT_EXIT,59719.79,12.21
US.PEP,2019-10-04,2019-10-08,atr_breakout,STRAT_EXIT,-2164.99,-2.26
US.PDD,2019-08-13,2019-11-20,atr_breakout,ATR_TRAIL,36121.74,31.87
US.KLAC,2019-08-29,2019-11-20,atr_breakout,STRAT_EXIT,71246.76,19.2
US.COST,2019-08-28,2019-11-26,atr_breakout,STRAT_EXIT,2962.09,2.64
US.TTD,2019-11-20,2019-12-02,atr_breakout,STOP_LOSS,-5961.71,-5.53
US.ZS,2019-12-03,2019-12-04,atr_breakout,STOP_LOSS,-6719.66,-5.68
US.PEP,2019-12-04,2019-12-10,atr_breakout,STRAT_EXIT,-169.13,-0.15
US.HON,2019-10-03,2019-12-19,boll_mr,STRAT_EXIT,4032.43,10.23
US.SHG,2019-12-13,2020-01-06,atr_breakout,STOP_LOSS,-22965.59,-5.85
US.SPY,2019-10-03,2020-01-22,boll_mr,TAKE_PROFIT,5489.54,14.87
US.ALGN,2019-10-09,2020-01-27,atr_breakout,ATR_TRAIL,40005.89,37.7
US.UMC,2019-12-03,2020-01-30,atr_breakout,ATR_TRAIL,-2461.42,-2.02
US.TSM,2019-10-01,2020-01-31,atr_breakout,ATR_TRAIL,56825.46,15.88
US.AAPL,2020-01-29,2020-02-03,atr_breakout,STOP_LOSS,-4457.35,-5.09
US.TSLA,2020-02-03,2020-02-05,atr_breakout,STOP_LOSS,-22341.95,-5.9
US.CSCO,2019-12-19,2020-02-24,atr_breakout,STOP_LOSS,-36611.94,-7.51
US.ADBE,2019-11-29,2020-02-24,atr_breakout,ATR_TRAIL,11177.26,12.88
US.CTAS,2020-02-05,2020-02-25,atr_breakout,ATR_TRAIL,-11207.52,-4.03
US.GOOGL,2020-01-06,2020-02-25,atr_breakout,ATR_TRAIL,-4377.76,-0.92
US.INTU,2020-01-22,2020-02-27,atr_breakout,STOP_LOSS,-32516.68,-7.57
US.REGN,2020-02-26,2020-02-27,atr_breakout,STOP_LOSS,-7426.31,-5.83
US.MNST,2019-12-10,2020-02-27,atr_breakout,ATR_TRAIL,18954.78,3.52
US.GILD,2020-02-26,2020-02-28,atr_breakout,STOP_LOSS,-9493.5,-7.23
US.EXC,2020-04-09,2020-04-15,atr_breakout,STOP_LOSS,-9289.28,-5.5
US.LIN,2020-04-09,2020-04-15,atr_breakout,STOP_LOSS,-7316.8,-5.09
US.PKX,2020-04-13,2020-04-16,atr_breakout,STOP_LOSS,-5751.0,-5.31
US.ZS,2020-04-15,2020-04-21,atr_breakout,STOP_LOSS,-26454.68,-6.92
US.EA,2020-04-16,2020-04-21,atr_breakout,STOP_LOSS,-17985.44,-5.09
US.KDP,2020-04-09,2020-04-21,atr_breakout,STOP_LOSS,-7867.59,-5.09
US.PDD,2020-04-22,2020-04-23,atr_breakout,STOP_LOSS,-6361.26,-5.8
US.MRVL,2020-04-22,2020-05-01,atr_breakout,STOP_LOSS,-5377.55,-5.09
US.SPY,2020-04-09,2020-05-06,atr_breakout,STRAT_EXIT,2960.41,2.07
US.SBUX,2020-04-09,2020-07-17,atr_breakout,STRAT_EXIT,1367.32,0.84
US.ISRG,2020-07-17,2020-09-17,atr_breakout,ATR_TRAIL,16009.16,3.76
US.META,2020-04-09,2020-09-17,atr_breakout,ATR_TRAIL,64062.07,43.85
US.UMC,2020-09-28,2020-09-29,atr_breakout,STOP_LOSS,-68308.77,-5.09
US.KB,2020-09-25,2020-09-29,atr_breakout,STRAT_EXIT,-8809.04,-2.82
US.PKX,2020-09-28,2020-10-13,atr_breakout,STRAT_EXIT,10914.92,4.57
US.WF,2020-09-30,2020-10-14,atr_breakout,STRAT_EXIT,3952.4,1.44
US.LPL,2020-09-08,2020-10-16,atr_breakout,STRAT_EXIT,5472.25,2.3
US.EXC,2020-10-16,2020-10-28,atr_breakout,STOP_LOSS,-13337.44,-6.08
US.DXCM,2020-04-15,2020-10-28,atr_breakout,ATR_TRAIL,19978.31,19.55
US.PDD,2020-10-29,2020-10-30,atr_breakout,STOP_LOSS,-11413.09,-5.09
US.DDOG,2020-05-04,2020-11-11,atr_breakout,ATR_TRAIL,78673.88,81.6
US.AEP,2020-09-30,2020-11-19,atr_breakout,ATR_TRAIL,4525.3,1.61
US.KB,2020-11-11,2020-12-22,atr_breakout,STOP_LOSS,-48278.93,-5.66
US.PANW,2020-12-22,2020-12-31,atr_breakout,STOP_LOSS,-44231.29,-5.09
US.TTD,2020-09-30,2021-01-04,atr_breakout,ATR_TRAIL,145725.15,48.86
US.SHG,2020-11-02,2021-01-20,atr_breakout,STRAT_EXIT,21967.22,9.13
US.MNST,2020-12-31,2021-01-27,atr_breakout,STOP_LOSS,-45986.99,-7.17
US.ON,2021-01-13,2021-01-27,atr_breakout,STOP_LOSS,-16129.22,-7.98
US.GOOGL,2021-01-20,2021-01-29,atr_breakout,STRAT_EXIT,-31029.3,-2.9
US.AMGN,2021-01-15,2021-02-03,atr_breakout,STOP_LOSS,-11796.57,-5.09
US.SBUX,2021-01-28,2021-02-12,boll_mr,STRAT_EXIT,5222.89,7.17
US.HON,2021-02-01,2021-02-16,boll_mr,STRAT_EXIT,3988.81,3.98
US.TSM,2021-01-04,2021-03-04,atr_breakout,ATR_TRAIL,28050.27,3.44
US.ASX,2020-10-30,2021-03-04,atr_breakout,ATR_TRAIL,154549.8,58.4
US.SBUX,2021-02-26,2021-03-05,atr_breakout,STRAT_EXIT,-6920.43,-2.71
US.BKR,2020-10-30,2021-04-09,atr_breakout,ATR_TRAIL,97525.12,38.67
US.GOOGL,2021-02-03,2021-06-03,atr_breakout,STRAT_EXIT,121197.79,13.89
US.AMAT,2020-11-19,2021-06-16,atr_breakout,STRAT_EXIT,128585.41,77.65
US.NVDA,2021-06-02,2021-07-19,atr_breakout,ATR_TRAIL,57716.43,6.64
US.ASX,2021-07-20,2021-07-22,atr_breakout,STRAT_EXIT,-3847.69,-1.9
US.MDLZ,2021-03-12,2021-07-22,atr_breakout,STRAT_EXIT,22030.44,13.28
US.TMUS,2021-06-04,2021-08-26,atr_breakout,ATR_TRAIL,-29332.69,-4.89
US.SNOW,2021-08-26,2021-08-30,atr_breakout,STOP_LOSS,-43548.39,-5.09
US.PAYX,2021-07-08,2021-09-10,atr_breakout,ATR_TRAIL,1138.98,0.5
US.META,2021-08-30,2021-09-17,atr_breakout,STOP_LOSS,-43065.78,-5.09
US.FANG,2021-09-17,2021-09-20,atr_breakout,STOP_LOSS,-10125.2,-5.09
US.DDOG,2021-09-22,2021-09-27,atr_breakout,STOP_LOSS,-31818.17,-5.09
US.ORLY,2021-03-05,2021-09-28,atr_breakout,STRAT_EXIT,54729.52,31.43
US.TEAM,2021-09-17,2021-09-28,atr_breakout,STOP_LOSS,-9828.66,-5.78
US.INTU,2021-06-03,2021-10-04,atr_breakout,ATR_TRAIL,28956.11,15.8
US.TSLA,2021-09-27,2021-10-04,atr_breakout,STRAT_EXIT,-10399.2,-1.34
US.GOOG,2021-09-21,2021-10-04,boll_mr,STOP_LOSS,-2962.18,-5.09
US.BKNG,2021-09-23,2021-11-18,atr_breakout,STOP_LOSS,-44955.37,-5.09
US.TTWO,2021-10-05,2021-11-22,atr_breakout,ATR_TRAIL,3433.61,1.68
US.APP,2021-10-07,2021-12-03,atr_breakout,ATR_TRAIL,-205.95,-0.03
US.KB,2021-12-06,2021-12-13,atr_breakout,STRAT_EXIT,-2896.02,-1.53
US.PAYX,2021-10-05,2021-12-17,atr_breakout,STRAT_EXIT,12890.96,6.5
US.XEL,2021-12-13,2021-12-20,atr_breakout,STRAT_EXIT,-1076.49,-0.6
US.CPNG,2021-12-17,2022-01-04,atr_breakout,STOP_LOSS,-57707.31,-9.48
US.XEL,2022-01-10,2022-01-11,atr_breakout,STRAT_EXIT,-3537.14,-1.9
US.COST,2021-03-25,2022-01-14,atr_breakout,ATR_TRAIL,251736.76,45.7
US.SHG,2022-01-10,2022-01-18,atr_breakout,STRAT_EXIT,-312.5,-0.16
US.AAPL,2021-11-18,2022-01-24,atr_breakout,ATR_TRAIL,8800.1,0.99
US.PDD,2022-01-19,2022-01-24,atr_breakout,STOP_LOSS,-11438.13,-6.04
US.ADI,2022-01-21,2022-01-24,boll_mr,STOP_LOSS,-7377.21,-5.09
US.MDLZ,2022-01-21,2022-01-28,atr_breakout,STOP_LOSS,-18140.96,-5.09
US.CSCO,2022-01-24,2022-01-28,boll_mr,STOP_LOSS,-7533.33,-5.09
US.BKR,2022-01-25,2022-01-28,atr_breakout,STOP_LOSS,-21008.75,-5.09
US.GILD,2022-01-21,2022-02-02,boll_mr,STOP_LOSS,-6647.14,-5.09
US.GOOG,2022-02-02,2022-02-04,atr_breakout,STOP_LOSS,-15700.74,-5.09
US.GOOGL,2022-02-02,2022-02-04,atr_breakout,STOP_LOSS,-15696.08,-5.09
US.WF,2022-02-04,2022-02-11,atr_breakout,STRAT_EXIT,-7182.85,-2.46
US.VRTX,2022-02-01,2022-02-11,atr_breakout,STOP_LOSS,-24532.1,-5.09
US.REGN,2022-02-11,2022-02-14,atr_breakout,STRAT_EXIT,-4305.43,-2.43
US.MELI,2022-02-15,2022-02-16,atr_breakout,STOP_LOSS,-8347.75,-5.09
US.ABNB,2022-02-15,2022-02-22,atr_breakout,STOP_LOSS,-23092.67,-8.32
US.BKNG,2022-02-16,2022-02-22,atr_breakout,STOP_LOSS,-20569.58,-6.93
US.CPNG,2022-02-15,2022-02-22,atr_breakout,STOP_LOSS,-20589.83,-7.48
US.SHG,2022-02-11,2022-02-23,atr_breakout,STRAT_EXIT,-2487.01,-1.04
US.SPY,2022-01-24,2022-02-24,boll_mr,STOP_LOSS,-5904.03,-5.09
US.PEP,2021-12-06,2022-02-24,atr_breakout,ATR_TRAIL,-3282.8,-1.81
US.BKR,2022-02-16,2022-02-24,atr_breakout,STOP_LOSS,-16154.78,-5.09
US.CRWD,2022-02-28,2022-03-04,atr_breakout,STOP_LOSS,-18894.68,-8.37
US.PANW,2022-02-24,2022-03-15,atr_breakout,STOP_LOSS,-21182.44,-5.09
US.KEP,2022-03-11,2022-03-18,atr_breakout,STRAT_EXIT,-2090.13,-1.3
US.ORLY,2022-03-15,2022-03-21,atr_breakout,STRAT_EXIT,-2579.61,-1.59
US.NVDA,2022-03-21,2022-04-06,atr_breakout,STOP_LOSS,-14441.51,-8.79
US.TSLA,2022-03-21,2022-04-26,atr_breakout,STOP_LOSS,-6570.57,-5.09
US.CMCSA,2022-04-25,2022-04-28,boll_mr,STOP_LOSS,-5499.74,-8.86
US.REGN,2022-03-14,2022-05-02,atr_breakout,ATR_TRAIL,-1913.03,-2.1
US.VRSK,2022-03-18,2022-05-04,atr_breakout,STOP_LOSS,-46595.94,-7.15
US.SPY,2022-04-27,2022-05-10,boll_mr,STOP_LOSS,-2809.24,-5.09
US.AEP,2022-02-28,2022-05-31,atr_breakout,STRAT_EXIT,30444.12,13.31
US.REGN,2022-05-25,2022-06-01,atr_breakout,STOP_LOSS,-9775.36,-5.09
US.AMGN,2022-05-25,2022-06-02,atr_breakout,STRAT_EXIT,-3690.91,-1.97
US.CMCSA,2022-05-26,2022-06-03,atr_breakout,STRAT_EXIT,-4920.83,-2.81
US.GILD,2022-05-25,2022-06-06,atr_breakout,STOP_LOSS,-10380.42,-5.09
US.PCAR,2022-06-01,2022-06-09,atr_breakout,STRAT_EXIT,-1294.33,-0.67
US.ON,2022-06-06,2022-06-09,atr_breakout,STOP_LOSS,-31055.21,-5.17
US.TMUS,2022-06-01,2022-06-09,atr_breakout,STRAT_EXIT,-2239.86,-1.24
US.BKR,2022-05-26,2022-06-10,atr_breakout,STOP_LOSS,-9125.92,-5.09
US.TTWO,2022-06-07,2022-06-10,atr_breakout,STOP_LOSS,-8451.54,-5.09
US.ZS,2022-06-08,2022-06-10,atr_breakout,STOP_LOSS,-11871.34,-7.31
US.EA,2022-05-26,2022-06-13,atr_breakout,STOP_LOSS,-12166.79,-7.11
US.TEAM,2022-06-24,2022-06-28,atr_breakout,STOP_LOSS,-12654.35,-6.28
US.ZS,2022-06-24,2022-06-28,atr_breakout,STOP_LOSS,-17981.51,-9.39
US.CRWD,2022-06-24,2022-06-28,atr_breakout,STOP_LOSS,-12675.19,-5.93
US.PLTR,2022-06-23,2022-06-30,atr_breakout,STOP_LOSS,-11268.86,-5.09
US.MDLZ,2022-07-01,2022-07-11,atr_breakout,STRAT_EXIT,-3518.79,-1.77
US.PEP,2022-07-01,2022-07-12,atr_breakout,STRAT_EXIT,-73.05,-0.04
US.COST,2022-07-06,2022-07-13,atr_breakout,STRAT_EXIT,-246.27,-0.19
US.CTAS,2022-07-14,2022-07-18,atr_breakout,STRAT_EXIT,-4052.0,-2.21
US.SNOW,2022-06-23,2022-07-26,atr_breakout,STOP_LOSS,-20204.98,-9.16
US.AAPL,2022-07-14,2022-07-26,atr_breakout,STRAT_EXIT,3270.16,2.0
US.PDD,2022-05-31,2022-07-29,atr_breakout,STOP_LOSS,-8619.52,-5.09
US.MNST,2022-06-23,2022-08-09,atr_breakout,STOP_LOSS,-11506.6,-5.09
US.VRTX,2022-08-09,2022-08-18,atr_breakout,STRAT_EXIT,-2707.2,-1.62
US.KB,2022-08-09,2022-08-22,atr_breakout,STOP_LOSS,-9044.67,-5.55
US.ADI,2022-07-14,2022-08-29,atr_breakout,ATR_TRAIL,2426.23,1.34
US.FANG,2022-08-29,2022-08-30,atr_breakout,STOP_LOSS,-7690.55,-5.09
US.AAPL,2022-07-29,2022-09-01,atr_breakout,ATR_TRAIL,-31805.64,-4.32
US.PCAR,2022-07-26,2022-09-08,atr_breakout,ATR_TRAIL,-2935.18,-1.75
US.DXCM,2022-09-09,2022-09-14,atr_breakout,STOP_LOSS,-8613.6,-5.09
US.KDP,2022-07-26,2022-09-27,atr_breakout,ATR_TRAIL,-5127.49,-3.06
US.VRTX,2022-10-03,2022-10-07,atr_breakout,STRAT_EXIT,-1397.33,-0.84
US.PCAR,2022-10-04,2022-10-07,atr_breakout,STRAT_EXIT,-4661.44,-2.58
US.CEG,2022-09-08,2022-10-13,atr_breakout,STOP_LOSS,-31505.24,-5.09
US.CPNG,2022-07-18,2022-10-21,atr_breakout,STOP_LOSS,-8551.04,-5.09
US.PKX,2022-10-19,2022-10-24,atr_breakout,STRAT_EXIT,-5873.64,-3.59
US.AMGN,2022-09-14,2022-10-26,boll_mr,TAKE_PROFIT,4228.21,14.87
US.FANG,2022-10-06,2022-12-08,atr_breakout,STOP_LOSS,-9348.12,-5.45
US.PDD,2022-12-08,2022-12-12,atr_breakout,STOP_LOSS,-7176.5,-5.62
US.SHG,2022-12-12,2022-12-15,atr_breakout,STOP_LOSS,-7057.73,-5.15
US.KEP,2022-12-16,2023-01-03,atr_breakout,STOP_LOSS,-7229.71,-5.22
US.AMGN,2022-10-26,2023-01-26,atr_breakout,ATR_TRAIL,-27587.94,-4.37
US.HON,2022-10-18,2023-02-02,atr_breakout,ATR_TRAIL,20326.58,10.61
US.TSLA,2023-02-09,2023-02-10,atr_breakout,STOP_LOSS,-5951.06,-5.12
US.NVDA,2023-02-07,2023-02-10,atr_breakout,STOP_LOSS,-5838.95,-5.09
US.GILD,2023-02-13,2023-02-14,atr_breakout,STRAT_EXIT,-2831.01,-2.16
US.BKR,2022-10-18,2023-02-15,atr_breakout,STRAT_EXIT,71979.7,34.49
US.PEP,2023-02-13,2023-02-21,atr_breakout,STRAT_EXIT,-1317.99,-0.99
US.ORLY,2023-02-13,2023-02-22,atr_breakout,STRAT_EXIT,-1241.17,-0.92
US.KDP,2023-02-23,2023-02-24,atr_breakout,STRAT_EXIT,-1082.56,-0.98
US.VRSK,2023-03-06,2023-03-10,atr_breakout,STRAT_EXIT,-5288.55,-4.12
US.BKNG,2023-03-02,2023-03-13,atr_breakout,STOP_LOSS,-6977.28,-5.48
US.LIN,2023-02-24,2023-03-15,atr_breakout,STOP_LOSS,-4720.19,-5.09
US.DXCM,2022-10-06,2023-04-11,atr_breakout,STRAT_EXIT,35881.23,20.68
US.AMD,2023-03-15,2023-04-25,atr_breakout,STOP_LOSS,-9184.25,-6.64
US.PEP,2023-04-25,2023-05-23,atr_breakout,ATR_TRAIL,-13483.7,-2.7
US.PLTR,2023-05-23,2023-05-24,atr_breakout,STOP_LOSS,-6221.12,-5.09
US.GOOG,2023-03-16,2023-07-19,atr_breakout,STRAT_EXIT,119831.91,21.33
US.ZS,2023-07-19,2023-07-20,atr_breakout,STOP_LOSS,-35345.81,-8.24
US.ISRG,2023-04-11,2023-08-02,atr_breakout,ATR_TRAIL,71100.58,19.3
US.PANW,2023-05-24,2023-08-04,atr_breakout,ATR_TRAIL,27031.69,6.74
US.META,2023-01-03,2023-09-15,atr_breakout,STRAT_EXIT,170269.07,140.17
US.CMCSA,2023-07-20,2023-09-21,atr_breakout,STRAT_EXIT,24698.84,5.65
US.KDP,2023-08-02,2023-09-25,atr_breakout,STOP_LOSS,-8006.25,-5.83
US.MNST,2023-09-28,2023-10-03,boll_mr,STOP_LOSS,-3412.71,-5.09
US.KDP,2023-09-28,2023-10-06,boll_mr,STOP_LOSS,-3313.73,-5.09
US.CPNG,2023-09-22,2023-10-12,boll_mr,STRAT_EXIT,2075.42,1.76
US.META,2023-10-06,2023-10-13,atr_breakout,STRAT_EXIT,-439.11,-0.33
US.VRTX,2023-10-06,2023-10-18,atr_breakout,STRAT_EXIT,2756.23,1.82
US.AVGO,2023-10-12,2023-10-19,atr_breakout,STRAT_EXIT,-28328.78,-4.26
US.UMC,2023-10-18,2023-10-25,atr_breakout,STOP_LOSS,-6447.58,-5.09
US.CPNG,2023-10-24,2023-10-25,atr_breakout,STOP_LOSS,-7104.82,-5.09
US.FANG,2023-10-13,2023-10-27,atr_breakout,STOP_LOSS,-31040.07,-5.09
US.QCOM,2023-10-26,2023-11-08,boll_mr,TAKE_PROFIT,8307.18,14.87
US.KEP,2023-11-08,2023-11-10,atr_breakout,STOP_LOSS,-25962.84,-5.09
US.CPRT,2023-09-22,2023-11-14,boll_mr,TAKE_PROFIT,17088.81,14.87
US.LIN,2023-09-22,2023-12-12,boll_mr,TAKE_PROFIT,15007.77,14.87
US.SNPS,2023-11-14,2023-12-29,atr_breakout,STOP_LOSS,-30718.69,-5.09
US.TEAM,2023-12-20,2024-01-02,atr_breakout,STOP_LOSS,-13558.41,-5.09
US.DXCM,2023-11-01,2024-01-23,atr_breakout,STRAT_EXIT,50608.84,34.87
US.MNST,2023-12-29,2024-02-13,atr_breakout,STRAT_EXIT,-8012.77,-2.61
US.MDLZ,2024-01-02,2024-02-14,atr_breakout,ATR_TRAIL,-43768.21,-3.65
US.CRWD,2023-02-27,2024-02-21,atr_breakout,ATR_TRAIL,149753.94,126.37
US.EA,2024-02-14,2024-02-28,atr_breakout,STRAT_EXIT,-26967.02,-2.06
US.TMUS,2023-11-01,2024-03-01,atr_breakout,STRAT_EXIT,20909.18,13.44
US.AMD,2024-03-01,2024-03-14,atr_breakout,STOP_LOSS,-81673.37,-7.77
US.KEP,2024-02-23,2024-03-19,atr_breakout,STOP_LOSS,-81662.81,-6.31
US.SHG,2024-03-14,2024-03-27,atr_breakout,STOP_LOSS,-65499.96,-5.09
US.PCAR,2024-02-14,2024-04-18,atr_breakout,ATR_TRAIL,15505.21,6.53
US.PEP,2024-04-22,2024-04-23,atr_breakout,STRAT_EXIT,-7673.77,-3.06
US.CTAS,2024-03-27,2024-05-02,atr_breakout,STOP_LOSS,-63583.96,-5.09
US.ASX,2024-04-22,2024-05-10,boll_mr,STRAT_EXIT,3332.87,3.23
US.BKR,2024-03-19,2024-05-28,atr_breakout,STRAT_EXIT,-24004.27,-1.89
US.NVDA,2024-05-28,2024-05-31,atr_breakout,STOP_LOSS,-60017.87,-5.09
US.KDP,2024-04-19,2024-07-09,atr_breakout,ATR_TRAIL,5282.49,1.97
US.QCOM,2024-05-02,2024-07-17,atr_breakout,ATR_TRAIL,75941.29,6.71
US.CEG,2024-02-28,2024-07-17,atr_breakout,ATR_TRAIL,121380.67,9.53
US.AVGO,2023-12-12,2024-07-25,atr_breakout,ATR_TRAIL,243179.86,40.68
US.AEP,2024-07-30,2024-10-23,atr_breakout,STRAT_EXIT,30682.25,3.56
US.EXC,2024-07-17,2024-11-22,atr_breakout,STRAT_EXIT,102480.31,8.31
US.TMUS,2024-05-31,2024-12-17,atr_breakout,ATR_TRAIL,312399.21,26.86
US.DDOG,2024-11-22,2024-12-19,atr_breakout,STOP_LOSS,-70973.92,-5.19
US.ASX,2024-12-24,2024-12-30,atr_breakout,STRAT_EXIT,-40241.05,-3.88
US.TSM,2024-12-23,2025-01-02,atr_breakout,STOP_LOSS,-15974.66,-5.09
US.ADI,2024-12-19,2025-01-03,boll_mr,STRAT_EXIT,4039.05,3.55
US.AAPL,2024-12-20,2025-01-07,atr_breakout,STOP_LOSS,-16233.78,-5.09
US.ASX,2025-01-07,2025-01-10,atr_breakout,STRAT_EXIT,-30852.08,-3.5
US.CEG,2025-01-10,2025-01-13,atr_breakout,STOP_LOSS,-72822.29,-8.59
US.ISRG,2024-12-20,2025-01-14,boll_mr,STRAT_EXIT,1947.56,2.65
US.TSM,2025-01-03,2025-01-27,atr_breakout,STOP_LOSS,-24936.99,-7.9
US.AEP,2025-01-27,2025-01-29,atr_breakout,STOP_LOSS,-59227.74,-5.09
US.TTWO,2024-10-23,2025-01-31,atr_breakout,STRAT_EXIT,37444.31,15.08
US.BKR,2025-01-13,2025-03-04,atr_breakout,STOP_LOSS,-43831.74,-5.09
US.SBUX,2025-01-29,2025-03-07,atr_breakout,ATR_TRAIL,-46602.57,-4.08
US.EA,2025-03-06,2025-03-12,atr_breakout,STRAT_EXIT,-8195.62,-0.59
US.FANG,2025-03-24,2025-04-03,atr_breakout,STOP_LOSS,-53865.32,-12.33
US.CPRT,2025-04-02,2025-04-04,atr_breakout,STOP_LOSS,-27854.07,-5.24
US.EA,2025-03-21,2025-04-04,atr_breakout,STOP_LOSS,-34201.25,-6.3
US.LIN,2025-04-02,2025-04-04,atr_breakout,STOP_LOSS,-31055.19,-6.85
US.WF,2025-04-07,2025-04-08,boll_mr,STOP_LOSS,-11203.73,-5.09
US.ORLY,2024-07-25,2025-04-22,atr_breakout,STRAT_EXIT,321180.47,27.34
US.CMCSA,2025-04-07,2025-04-24,boll_mr,STOP_LOSS,-11414.98,-5.09
US.FTNT,2025-04-25,2025-05-08,atr_breakout,STOP_LOSS,-21784.18,-5.09
US.OKTA,2025-05-06,2025-05-28,atr_breakout,STOP_LOSS,-45171.85,-10.2
US.APP,2025-05-08,2025-06-20,atr_breakout,STOP_LOSS,-46012.77,-5.09
US.MNST,2025-03-21,2025-06-24,atr_breakout,STRAT_EXIT,57255.01,10.8
US.MELI,2025-04-25,2025-07-07,atr_breakout,STRAT_EXIT,38182.05,12.24
US.MU,2025-06-20,2025-07-14,atr_breakout,STOP_LOSS,-21988.34,-5.09
US.KB,2025-04-25,2025-08-01,atr_breakout,ATR_TRAIL,139107.95,28.47
US.ZS,2025-04-25,2025-08-07,atr_breakout,ATR_TRAIL,134821.05,26.24
US.INTU,2025-05-28,2025-08-11,atr_breakout,STOP_LOSS,-26725.02,-6.37
US.QCOM,2025-08-01,2025-08-20,boll_mr,STRAT_EXIT,7781.89,4.78
US.APP,2025-09-08,2025-10-06,atr_breakout,ATR_TRAIL,18876.56,2.74
US.MSFT,2025-10-06,2025-10-30,atr_breakout,STRAT_EXIT,-8817.28,-0.63
US.ASX,2025-10-30,2025-11-17,atr_breakout,STOP_LOSS,-71234.13,-5.09
US.AMD,2025-06-24,2025-11-21,atr_breakout,ATR_TRAIL,642035.06,45.94
US.AEP,2025-11-17,2025-12-04,atr_breakout,STOP_LOSS,-23469.99,-5.09
US.AVGO,2025-04-25,2025-12-17,atr_breakout,ATR_TRAIL,373564.9,69.93
US.CEG,2025-04-25,2026-01-16,atr_breakout,ATR_TRAIL,178485.95,38.31
US.BKR,2026-02-19,2026-03-09,atr_breakout,STOP_LOSS,-25350.93,-5.09
US.APP,2026-03-09,2026-03-10,atr_breakout,STOP_LOSS,-33866.61,-7.79
US.SBUX,2026-03-10,2026-03-18,atr_breakout,STOP_LOSS,-38817.15,-8.13
US.QQQ,2025-06-20,2026-03-20,core_etf,MA200_BREAK,23684.48,10.76
US.MU,2025-09-05,2026-03-30,atr_breakout,ATR_TRAIL,2024776.46,144.71
US.LIN,2026-02-19,2026-04-07,atr_breakout,STRAT_EXIT,5496.25,1.15
US.FANG,2026-03-18,2026-04-08,atr_breakout,STOP_LOSS,-24220.56,-5.09
US.COST,2026-04-02,2026-04-10,atr_breakout,STRAT_EXIT,-9779.35,-1.72
US.ROST,2025-11-21,2026-04-13,atr_breakout,STRAT_EXIT,378250.03,27.38
