code,entry_date,exit_date,total_score,pnl,return_pct
US.PKX,2015-02-02,2015-02-20,45.75,3896.79,4.17947728192545
US.FTNT,2015-03-18,2015-03-25,42.65,-2795.9,-5.116497818639652
US.META,2015-03-24,2015-04-01,47.52,-3016.1,-5.095008075699891
US.WDAY,2015-04-06,2015-04-13,49.55,-922.09,-1.4884422921711058
US.ISRG,2015-04-20,2015-04-22,59.65,-7394.5,-6.612705780081668
US.VRSK,2015-04-02,2015-04-23,51.14,91.52,0.1902817940407221
US.KEP,2015-04-17,2015-04-23,57.16,-1172.35,-1.3487519239982375
US.BKNG,2015-05-04,2015-05-07,50.89,-5665.75,-5.094995672352159
US.ADP,2015-05-08,2015-05-13,52.16,-1966.16,-1.2894197953722133
US.INTU,2015-05-08,2015-05-15,58.25,-802.69,-0.5083484047587068
US.NXPI,2015-05-08,2015-05-15,51.7,-1849.03,-1.3105575612965945
US.QCOM,2015-05-15,2015-05-19,57.79,-2436.56,-2.124433894222077
US.PEP,2015-05-15,2015-05-21,46.84,-1221.23,-1.1374484461913197
US.HON,2015-05-13,2015-05-22,42.41,2667.18,1.993868822076989
US.AMZN,2015-04-20,2015-06-30,48.87,12051.83,11.333700658750079
US.AMAT,2015-06-30,2015-07-16,44.89,-3361.92,-7.116918397479119
US.QCOM,2015-06-30,2015-07-29,50.96,339.04,0.7613419100273502
US.PANW,2015-05-26,2015-08-07,45.29,5578.6,4.864201852035804
US.EA,2015-05-06,2015-08-21,47.55,9241.07,7.442099562275583
US.AEP,2015-08-12,2015-08-24,48.15,-3039.66,-5.294042217117333
US.XEL,2015-08-07,2015-08-25,45.27,-3285.82,-6.249878115291439
US.AMD,2015-09-11,2015-09-14,56.21,-24867.54,-9.543281740019435
US.ISRG,2015-08-25,2015-09-15,57.12,3800.94,3.8013657764137823
US.BKNG,2015-09-15,2015-09-18,54.99,-4074.86,-1.9430161607914955
US.AVGO,2015-09-15,2015-09-18,41.85,-10416.18,-5.095000198143388
US.PKX,2015-09-16,2015-09-21,50.48,-6937.16,-6.21433560929629
US.ASX,2015-09-11,2015-09-23,54.24,-14223.49,-5.719841894794517
US.ADBE,2015-09-23,2015-09-28,48.61,-6376.26,-5.918741297688666
US.ISRG,2015-09-24,2015-09-28,42.12,-2186.56,-5.723893798395414
US.SBUX,2015-09-24,2015-09-29,46.27,-4995.52,-5.095000523913196
US.COST,2015-09-23,2015-11-06,43.17,8409.71,8.225573187263606
US.AEP,2015-09-30,2015-11-06,53.9,-4722.49,-5.095002693458819
US.XEL,2015-09-24,2015-11-27,51.09,3627.53,3.501048295966558
US.PANW,2015-11-27,2015-12-14,43.12,-2652.17,-5.095008602254282
US.KB,2015-11-16,2015-12-17,43.19,-1069.8,-5.209298411192717
US.AEP,2015-12-17,2015-12-18,47.83,-1311.09,-2.265203548967727
US.HON,2015-12-14,2015-12-31,48.84,1069.01,5.000204421758493
US.FAST,2015-12-24,2015-12-31,47.75,-1086.29,-1.7605881793481881
US.NFLX,2015-11-17,2016-01-04,51.44,-3450.98,-6.191253615024148
US.WDAY,2015-12-14,2016-01-06,45.36,-1308.83,-5.916952983725135
US.EXC,2016-01-05,2016-01-07,51.82,-988.88,-1.2692275108142161
US.ALGN,2016-01-12,2016-01-13,45.52,-2643.63,-5.094995258909781
US.MSFT,2016-01-08,2016-01-20,56.3,-2928.51,-5.094999395097352
US.SPY,2016-01-11,2016-01-20,42.37,-2322.53,-5.094997968835502
US.EA,2016-01-26,2016-01-29,43.13,-12940.12,-8.9644872927118
US.PCAR,2016-01-29,2016-02-03,46.67,-4697.19,-5.095003906501317
US.ORLY,2016-01-29,2016-02-04,46.2,-4590.47,-5.095004495642674
US.META,2016-01-28,2016-02-05,54.99,-5400.55,-5.095003443189047
US.XEL,2016-01-28,2016-02-11,51.99,4057.61,3.675829311155713
US.WF,2016-02-05,2016-02-11,54.69,-4605.51,-5.308691552397089
US.SHG,2016-02-05,2016-02-11,40.06,-4341.28,-5.095001900764546
US.ADP,2016-02-16,2016-02-24,46.31,1704.9,1.6647655770061227
US.ISRG,2016-02-09,2016-03-08,53.3,3576.03,11.295361942424742
US.XEL,2016-03-08,2016-03-22,52.84,960.07,1.0132857057158047
US.META,2016-03-28,2016-04-04,47.27,-1042.98,-1.1017208031636365
US.CSCO,2016-02-12,2016-04-21,45.41,14469.96,13.380181245487899
US.PAYX,2016-02-12,2016-04-27,48.37,9265.19,8.432533919928293
US.EXC,2016-01-28,2016-05-03,58.97,27034.63,22.862340654351232
US.PKX,2016-01-29,2016-05-04,59.22,25420.52,27.69638221814528
US.META,2016-04-28,2016-05-16,45.04,1769.37,1.560296808868922
US.PCAR,2016-02-16,2016-05-19,42.84,3809.57,3.7917161392581695
US.EA,2016-05-16,2016-05-23,45.16,-4243.07,-5.094994446600959
US.HON,2016-02-16,2016-05-31,43.89,10719.92,10.448739245720832
US.ORLY,2016-06-28,2016-07-12,56.75,1362.55,1.629835911447645
US.XEL,2016-06-14,2016-08-16,51.29,-981.8,-2.7848654297673305
US.AMD,2016-05-23,2016-09-12,52.86,33787.78,42.976936696752915
US.NXPI,2016-09-12,2016-09-29,57.79,3044.61,14.885019223276622
US.MELI,2016-03-10,2016-10-13,59.84,45922.66,48.47572410732583
US.MDLZ,2016-10-26,2016-11-03,51.36,-1306.34,-2.4243114813261237
US.GOOG,2016-10-18,2016-11-04,53.13,-1968.05,-5.094988357802749
US.MDLZ,2016-11-08,2016-11-09,58.02,-2536.08,-4.530107772041039
US.IDXX,2016-10-28,2016-11-29,45.92,2189.14,14.88502073842388
US.HON,2016-11-07,2017-01-04,48.89,3522.17,5.6984350341646195
US.CTAS,2016-12-06,2017-01-31,43.15,-1150.77,-2.0321790552174486
US.TMUS,2016-11-29,2017-05-30,53.0,10892.63,20.983788620303613
US.TEAM,2017-01-18,2017-06-12,53.28,13623.78,23.851155462184874
US.QCOM,2017-04-17,2017-06-13,55.24,5020.79,9.753319977680954
US.VRSK,2017-06-13,2017-06-27,47.01,422.18,0.3848347935422193
US.LPL,2017-06-13,2017-07-10,53.4,-5968.93,-5.094998768899189
US.PEP,2017-03-21,2017-07-11,50.61,1752.59,1.3538085787442495
US.WF,2017-01-31,2017-08-09,56.17,25273.77,43.58314405116639
US.FTNT,2017-06-12,2017-08-29,58.78,-156.32,-0.2868357931141794
US.XEL,2017-08-10,2017-09-22,41.54,-1579.8,-1.907929158073746
US.MU,2017-08-29,2017-11-30,52.68,34128.91,34.52226601706204
US.CPRT,2017-12-07,2018-02-05,45.63,-5633.93,-5.095001157558131
US.REGN,2018-02-02,2018-02-06,48.54,-2460.96,-5.09500151999235
US.OKTA,2018-02-28,2018-03-01,43.09,-13091.23,-5.7693694217775215
US.FANG,2018-03-05,2018-03-07,47.08,-6448.08,-5.094996509185789
US.TEAM,2018-03-02,2018-03-26,52.84,-10788.09,-5.094999121559204
US.WDAY,2018-03-05,2018-03-27,56.72,-6636.83,-5.095001136175205
US.NFLX,2018-03-02,2018-03-28,57.11,-11549.8,-5.170492673665531
US.FANG,2018-03-26,2018-03-28,53.6,-6582.09,-6.53685905088543
US.PANW,2018-03-05,2018-04-13,48.39,5168.84,3.8401413653746608
US.VRSK,2018-04-10,2018-04-13,46.27,-1537.91,-1.0852079130137926
US.PCAR,2018-04-16,2018-04-20,51.14,-686.72,-0.6064945017384717
US.HON,2018-04-20,2018-04-24,40.1,-3913.06,-2.4582310029935597
US.SHG,2018-04-24,2018-04-25,53.51,-1834.5,-1.6842566979299471
US.ASX,2018-04-13,2018-05-01,43.46,-40651.58,-27.639615591399775
US.TTWO,2018-05-01,2018-05-03,56.55,-4463.83,-5.094998402045381
US.KEP,2018-04-02,2018-05-29,43.91,860.6,0.6071433042815367
US.BKR,2018-04-12,2018-07-20,51.72,-3895.21,-2.7855368372706866
US.PEP,2018-06-25,2018-09-18,47.36,2543.12,5.337522085805229
US.INTU,2018-10-03,2018-10-04,58.58,-2735.81,-2.971928300927323
US.KDP,2018-10-16,2018-10-23,55.24,-1971.9,-0.7272508290618087
US.PAYX,2018-10-12,2018-10-24,49.89,-8746.99,-6.100442493905404
US.SPY,2018-10-12,2018-10-29,43.29,-7002.45,-5.095002220387982
US.ADI,2018-11-08,2018-11-12,58.22,-7081.08,-6.4652548556799765
US.CSCO,2018-11-07,2018-11-13,55.48,-8888.5,-5.897951630282241
US.SNPS,2018-11-07,2018-11-13,47.14,-4773.86,-3.657906028749195
US.INTU,2018-11-07,2018-11-14,52.55,-6758.3,-5.7280390134434995
US.KEP,2018-11-14,2018-11-19,48.43,-4472.08,-3.1104652012385885
US.CTAS,2018-11-16,2018-12-06,44.44,-11259.5,-5.094999930185106
US.ZS,2018-12-06,2018-12-07,46.62,-5155.56,-6.120027350167615
US.OKTA,2018-12-06,2018-12-07,43.38,-5836.8,-6.919164977417405
US.PEP,2018-11-19,2018-12-18,52.51,-11275.29,-5.37363528589257
US.WF,2018-12-27,2018-12-28,57.09,-7962.81,-5.095000638539196
US.AMGN,2019-01-08,2019-01-14,46.77,-2241.63,-2.0072674551965064
US.TEAM,2019-01-07,2019-01-22,58.77,-6613.0,-5.094996687057953
US.VRSK,2019-01-22,2019-01-29,48.7,-173.52,-0.16013308455660571
US.FAST,2019-01-29,2019-03-20,42.19,5290.68,5.084597003733387
US.NFLX,2019-01-04,2019-04-05,40.9,37830.53,22.702059299372536
US.BKR,2019-01-07,2019-04-30,51.35,8611.79,6.412330419502138
US.OKTA,2019-05-06,2019-05-09,53.62,-3844.33,-5.094999536135077
US.ADP,2019-03-27,2019-05-23,50.94,1996.61,2.665259649402478
US.OKTA,2019-05-31,2019-06-03,48.7,-4037.99,-5.094998359704242
US.WF,2019-06-04,2019-06-05,54.74,-7163.51,-5.095001764391324
US.DXCM,2019-06-04,2019-06-06,51.68,-7118.73,-5.094997137131405
US.MDLZ,2019-06-14,2019-08-05,59.98,-3938.02,-5.094995537524374
US.MNST,2019-08-06,2019-08-08,48.28,-2360.95,-5.094996396093105
US.VRTX,2019-08-08,2019-08-28,56.3,-5219.64,-5.094996017429603
US.VRSK,2019-08-08,2019-09-09,49.83,2067.89,2.4779390881714463
US.SBUX,2019-01-22,2019-09-25,59.28,41526.98,38.17150072990278
US.LRCX,2019-09-25,2019-09-27,50.38,-4285.09,-5.095002292221952
US.PEP,2019-10-04,2019-10-08,49.19,-2164.99,-2.2649323095333633
US.WDAY,2019-10-07,2019-10-16,44.89,-9822.66,-9.863059090032774
US.ORLY,2019-10-16,2019-10-18,51.32,-1201.98,-1.2147674459825306
US.PDD,2019-08-13,2019-11-20,40.17,31872.12,31.9116904962153
US.ASML,2019-09-09,2019-11-25,49.31,8221.06,13.2399045852928
US.COST,2019-08-28,2019-11-26,45.48,1974.73,2.6383623777935328
US.PEP,2019-12-04,2019-12-10,58.59,-144.97,-0.15495396418127758
US.AEP,2019-12-05,2019-12-13,51.39,-514.58,-0.5640678002135471
US.HON,2019-10-03,2019-12-19,44.83,4032.43,10.2454617733018
US.ALGN,2019-10-09,2020-01-27,44.18,30004.42,37.75651140959528
US.UMC,2019-12-03,2020-01-30,48.38,-2025.97,-2.0240351307017383
US.AAPL,2020-01-29,2020-02-03,44.54,-3343.01,-5.094995554362201
US.EXC,2020-04-09,2020-04-15,55.31,-8257.14,-5.509657734094845
US.LIN,2020-04-09,2020-04-15,47.24,-7316.8,-5.0950006985296
US.PKX,2020-04-13,2020-04-16,52.15,-5500.96,-5.311480738902851
US.PDD,2020-04-22,2020-04-23,50.6,-5513.09,-5.8085720607293
US.SPY,2020-04-09,2020-05-06,44.87,2960.41,2.07251950666414
US.SBUX,2020-04-09,2020-07-17,52.15,1215.39,0.8453145970546359
US.DDOG,2020-09-22,2020-09-24,41.93,-15795.38,-5.490172497452232
US.KB,2020-09-25,2020-09-29,53.28,-8140.0,-2.821488473633077
US.PKX,2020-09-28,2020-10-13,45.64,12612.8,4.577989111085071
US.LPL,2020-09-08,2020-10-16,49.66,5200.73,2.3036103321956527
US.DXCM,2020-04-15,2020-10-28,53.14,17980.48,19.56902495419414
US.ASX,2020-10-26,2020-10-28,40.26,-12757.81,-6.019100258592451
US.PDD,2020-10-29,2020-10-30,48.55,-9399.01,-5.09499921940727
US.AEP,2020-09-30,2020-11-19,40.66,3771.08,1.6070488439566222
US.SHG,2020-11-02,2021-01-20,46.12,21662.12,9.144051327852656
US.AMGN,2021-01-15,2021-02-03,59.79,-10321.99,-5.094997627755328
US.SBUX,2021-01-28,2021-02-12,59.53,5222.89,7.177485234072728
US.AMD,2020-04-13,2021-02-23,47.61,57224.19,57.31451767986348
US.ASX,2020-10-30,2021-03-04,44.03,152572.01,58.49292861795558
US.UMC,2020-04-13,2021-03-05,40.51,297972.23,296.48955540667777
US.SBUX,2021-02-26,2021-03-05,57.42,-6191.97,-2.717024266495515
US.WF,2021-03-12,2021-03-18,47.66,-2862.86,-1.7976008997879624
US.BKR,2020-10-30,2021-04-09,43.01,96141.78,38.72359872205123
US.NXPI,2021-05-27,2021-06-03,59.26,-6169.33,-4.600301206911899
US.AMAT,2020-11-19,2021-06-16,49.46,144658.59,77.78958568042337
US.AMZN,2021-06-16,2021-07-01,55.97,700.06,0.41832775859776594
US.MDLZ,2021-03-12,2021-07-22,49.76,22030.44,13.298636704379636
US.FANG,2021-09-17,2021-09-20,45.46,-8196.59,-5.094998748198293
US.ORLY,2021-03-05,2021-09-28,40.73,56097.76,31.46869873766428
US.INTU,2021-06-03,2021-10-04,55.64,28956.11,15.819105590484787
US.KB,2021-09-28,2021-10-06,45.03,-1998.03,-1.0508120986071967
US.TTWO,2021-10-05,2021-11-22,50.34,3052.1,1.6819462323875358
US.KB,2021-12-06,2021-12-13,58.18,-2715.02,-1.532113446859614
US.PAYX,2021-10-01,2021-12-17,49.59,14615.58,8.060657949241508
US.EXC,2021-12-31,2022-01-06,50.92,-3323.79,-1.8814579918355778
US.COST,2021-07-08,2022-01-14,46.78,38442.75,23.72880316798714
US.FAST,2021-12-06,2022-01-18,47.62,-9662.01,-5.9167562676764565
US.SHG,2022-01-10,2022-01-18,57.96,-325.0,-0.1615713156044873
US.PDD,2022-01-19,2022-01-24,41.74,-10893.46,-6.045876345876346
US.LIN,2022-01-19,2022-01-24,40.74,-2129.7,-5.09500877120193
US.ADI,2022-01-21,2022-01-24,47.49,-6323.32,-5.094998973354274
US.GOOGL,2022-02-02,2022-02-04,55.17,-14649.67,-5.094998755932675
US.GOOG,2022-02-02,2022-02-04,54.01,-13607.3,-5.094998379073404
US.VRTX,2022-02-01,2022-02-11,48.03,-22779.81,-5.095000863339217
US.MELI,2022-02-15,2022-02-16,46.64,-8347.75,-5.095000061034411
US.ABNB,2022-02-15,2022-02-22,56.01,-20993.34,-8.327452022626122
US.BKNG,2022-02-16,2022-02-22,46.18,-19541.1,-6.938222850311841
US.PEP,2021-12-06,2022-02-24,51.71,-2918.04,-1.809402119572191
US.BKR,2022-02-16,2022-02-24,58.71,-15577.82,-5.094998694796431
US.ORLY,2022-03-15,2022-03-21,54.58,-2579.61,-1.5887950352610944
US.NVDA,2022-03-21,2022-04-06,41.0,-13785.08,-8.79556788908122
US.AAPL,2022-03-23,2022-04-07,44.3,1686.32,1.0327571770196275
US.TSLA,2022-03-21,2022-04-26,51.31,-6570.57,-5.095001106025526
US.CMCSA,2022-04-25,2022-04-28,51.11,-6416.37,-8.863927014635244
US.REGN,2022-03-14,2022-05-02,49.01,-1913.03,-2.098895651271648
US.VRSK,2022-03-16,2022-05-04,45.15,-6767.63,-5.095000647082007
US.AEP,2021-12-31,2022-05-31,44.65,27897.88,16.475459783979105
US.REGN,2022-05-25,2022-06-01,49.36,-9775.36,-5.095002478916336
US.AMGN,2022-05-25,2022-06-02,41.33,-3690.91,-1.9676220897317034
US.CMCSA,2022-05-26,2022-06-03,47.48,-5061.43,-2.816519974027678
US.GILD,2022-05-25,2022-06-06,42.92,-10779.67,-5.095001821331966
US.PCAR,2022-06-01,2022-06-09,50.19,-1294.33,-0.6754365707720191
US.TMUS,2022-06-03,2022-06-09,46.49,-4485.98,-2.7252910398197856
US.BKR,2022-05-26,2022-06-10,55.93,-9606.23,-5.094999505114657
US.CEG,2022-05-26,2022-06-10,40.92,-8641.6,-5.094998477646788
US.TTWO,2022-06-07,2022-06-10,49.2,-8451.54,-5.09500298410287
US.EA,2022-05-26,2022-06-13,46.63,-12166.79,-7.120268520134659
US.CRWD,2022-06-24,2022-06-28,51.51,-10754.71,-5.932317356371166
US.TEAM,2022-06-24,2022-06-28,43.04,-10846.58,-6.289009954264192
US.MDLZ,2022-07-01,2022-07-11,50.73,-3096.53,-1.7718335435498882
US.PEP,2022-07-01,2022-07-12,51.71,-58.44,-0.03512485412926338
US.COST,2022-07-06,2022-07-13,40.11,-246.27,-0.18719790372451203
US.CTAS,2022-07-14,2022-07-18,42.56,-3473.14,-2.2160304279473095
US.SNOW,2022-06-23,2022-07-26,47.82,-20204.98,-9.167854715335674
US.VRTX,2022-08-09,2022-08-18,48.6,-2030.4,-1.6177377486483
US.PCAR,2022-07-26,2022-09-08,54.79,-2445.98,-1.7542693340504512
US.TXN,2022-07-15,2022-09-22,58.0,1194.48,0.995722471228358
US.VRTX,2022-10-03,2022-10-07,43.77,-1397.33,-0.8389308889006295
US.PCAR,2022-10-05,2022-10-07,55.8,-6405.79,-3.6494124409997886
US.CPNG,2022-07-18,2022-10-21,45.83,-7007.1,-5.0949981458456035
US.AMGN,2022-09-14,2022-10-26,55.66,4228.21,14.885017470404346
US.TTWO,2022-10-20,2022-10-31,52.77,-7069.66,-5.095000749512817
US.VRSK,2022-10-31,2022-11-02,51.64,-9324.07,-7.476527342651301
US.FANG,2022-10-06,2022-12-08,46.54,-8413.3,-5.453597488302458
US.PDD,2022-12-08,2022-12-12,50.02,-7176.5,-5.626244570926823
US.SHG,2022-12-12,2022-12-15,59.77,-6872.0,-5.1505543924167165
US.KEP,2022-12-16,2023-01-03,44.96,-7000.2,-5.229342765067939
US.HON,2022-10-21,2023-02-02,56.92,10755.92,8.848791369316176
US.MDLZ,2022-11-02,2023-02-10,48.28,6532.05,5.167219216395787
US.TSLA,2023-02-09,2023-02-10,59.67,-4463.29,-5.125834918184909
US.GILD,2023-02-13,2023-02-14,44.73,-2359.17,-2.1667357766952855
US.SNPS,2023-02-14,2023-02-16,42.37,-2681.58,-5.094999962000015
US.ORLY,2023-02-13,2023-02-22,53.09,-1095.15,-0.9208466210316951
US.KDP,2023-02-23,2023-02-24,40.9,-1037.46,-0.9852995949033543
US.VRSK,2023-03-06,2023-03-10,41.39,-4230.84,-4.123677288567648
US.BKNG,2023-03-02,2023-03-13,59.9,-6202.03,-5.484414356023444
US.LIN,2023-02-24,2023-03-15,41.39,-4720.19,-5.095002752593326
US.DXCM,2022-10-06,2023-04-11,49.45,35881.23,20.706818126732003
US.AMD,2023-03-15,2023-04-25,57.82,-8349.32,-6.650089206066012
US.PLTR,2023-05-23,2023-05-24,56.06,-5680.15,-5.09499949768937
US.META,2023-01-04,2023-09-15,47.57,167714.11,135.5418782209369
US.KDP,2023-08-02,2023-09-25,45.28,-7231.46,-5.8400498949804875
US.SBUX,2023-08-18,2023-09-25,46.35,-2587.38,-5.094997121927491
US.REGN,2023-08-18,2023-09-26,41.22,2662.87,2.3606103443148325
US.MNST,2023-09-28,2023-10-03,42.02,-3412.71,-5.0949962377727624
US.KDP,2023-09-28,2023-10-06,58.19,-3520.84,-5.094999537954751
US.CPNG,2023-09-22,2023-10-12,48.06,1143.6,1.7651089996480895
US.META,2023-10-06,2023-10-13,52.28,-439.11,-0.3343629615405953
US.VRTX,2023-10-06,2023-10-18,55.65,1837.49,1.8197726930603644
US.PCAR,2023-10-06,2023-10-18,47.12,-7286.91,-5.0950000119326955
US.UMC,2023-10-18,2023-10-25,46.66,-6118.14,-5.094997516641713
US.CPNG,2023-10-24,2023-10-25,50.67,-6200.57,-5.094996516000105
US.QCOM,2023-10-26,2023-11-08,50.81,6230.39,14.88500630951444
US.LIN,2023-09-22,2023-12-12,52.38,7503.88,14.884994788449369
US.TEAM,2023-12-20,2024-01-02,56.13,-13558.41,-5.095001352813853
US.DXCM,2023-11-01,2024-01-23,49.77,46008.03,34.91222625244722
US.TMUS,2023-11-01,2024-03-01,52.6,18295.53,13.458906558778985
US.MU,2024-04-03,2024-04-05,41.91,-10880.82,-5.094999070652812
US.XEL,2024-04-02,2024-04-10,43.72,-1596.65,-0.7095990267947373
US.FAST,2023-10-06,2024-04-11,45.68,37230.47,26.654794270689646
US.GILD,2024-04-05,2024-04-18,52.12,-4166.31,-5.094999176855654
US.FANG,2024-04-02,2024-05-28,44.37,-1002.39,-0.42422757932753546
US.CPNG,2024-04-15,2024-06-17,53.32,-12028.95,-5.221895674521177
US.KDP,2024-04-19,2024-07-09,49.56,4957.41,1.9696822854956946
US.VRSK,2024-07-30,2024-07-31,52.2,-20278.07,-8.567345660275613
US.GEHC,2024-07-31,2024-08-05,50.19,-11434.66,-5.094998223332535
US.TTWO,2024-08-06,2024-08-21,57.48,11679.01,14.885001070587395
US.EA,2024-07-30,2024-09-11,55.16,-12648.53,-5.095000441083335
US.XEL,2024-07-30,2024-12-18,46.03,32613.67,14.117264930547668
US.TTWO,2024-10-23,2025-01-31,49.92,34040.29,15.101231511796076
US.ADP,2024-07-30,2025-03-11,59.83,34942.27,14.5128972406479
US.VRTX,2025-03-10,2025-03-31,57.47,-21399.43,-5.095000480942763
US.FANG,2025-03-24,2025-04-03,43.13,-51172.05,-12.341642561563841
US.EA,2025-03-21,2025-04-04,46.4,-32934.54,-6.303077771766834
US.CPRT,2025-03-31,2025-04-07,59.66,-21393.79,-5.094999306974221
US.WF,2025-04-07,2025-04-08,43.46,-11419.18,-5.0949979813545925
US.CMCSA,2025-04-07,2025-04-24,46.75,-11626.37,-5.0950019740371975
US.FTNT,2025-04-25,2025-05-08,42.94,-21784.18,-5.094999532229394
US.OKTA,2025-05-06,2025-05-28,41.34,-43498.82,-10.207760549009375
US.MNST,2025-03-21,2025-06-24,43.27,55520.01,10.812126483161752
US.MELI,2025-04-25,2025-07-07,45.21,38182.05,12.252799091197906
US.KB,2025-04-25,2025-08-01,53.21,139107.95,28.51150275726455
US.ZS,2025-04-25,2025-08-07,55.17,126890.4,26.276788199276368
US.INTU,2025-05-28,2025-08-11,42.41,-20043.77,-6.377039487728658
US.QCOM,2025-08-01,2025-08-20,42.8,7781.89,4.787476618194567
US.AVGO,2025-04-25,2025-12-17,56.6,373564.9,70.04831431056458
US.CEG,2025-04-25,2026-01-16,47.24,178485.95,38.36781783176456
US.SBUX,2026-03-11,2026-03-18,40.77,-46927.5,-8.746707651015228
US.CPNG,2026-03-16,2026-03-19,40.49,-29803.36,-5.815550746667656
US.FANG,2026-03-18,2026-04-08,44.21,-25566.15,-5.095000491299671
US.COST,2026-04-02,2026-04-10,41.36,-9779.35,-1.7230693681235512
US.GILD,2026-03-23,2026-04-15,49.48,3185.39,1.6675636484092469
