date,code,side,qty,price,pnl,reason,strategy,entry_date,fee,regime_at_entry,replacement_to,replacement_score_delta,replacement_type,replacement_stability_score,holding_days
2015-03-17,US.REGN,SELL,12,448.06920497,-5.38,ATR_TRAIL,atr_breakout,2015-03-16,10.75,,,,,,1
2015-03-18,US.AMGN,SELL,17,117.642047435,-2.0,ATR_TRAIL,atr_breakout,2015-03-16,4.0,,,,,,2
2015-03-23,US.AMGN,SELL,23,120.174854811,-2.76,ATR_TRAIL,atr_breakout,2015-03-18,5.53,,,,,,5
2015-03-25,US.STM,SELL,879,8.037445751,-170.44,ATR_TRAIL,atr_breakout,2015-03-16,14.29,,,,,,9
2015-03-25,US.COHR,SELL,24,17.68,-9.3,ATR_TRAIL,atr_breakout,2015-03-16,0.86,,,,,,9
2015-03-25,US.REGN,SELL,6,450.271019245,-84.88,ATR_TRAIL,atr_breakout,2015-03-17,5.49,,,,,,8
2015-03-26,US.CTAS,SELL,148,18.028274734049997,-143.1,STOP_LOSS,atr_breakout,2015-03-16,5.48,,,,,,10
2015-03-30,US.RSP,SELL,10,67.443323609,17.33,STRAT_EXIT,boll_mr,2015-03-11,1.33,,,,,,19
2015-04-01,US.ORLY,SELL,167,14.337000071,-2.39,ATR_TRAIL,atr_breakout,2015-03-16,4.79,,,,,,16
2015-04-01,US.SLV,SELL,38,16.23,-3.28,STRAT_EXIT,atr_breakout,2015-03-23,1.24,,,,,,9
2015-04-06,US.ADI,SELL,88,49.21252560825,-232.26,STOP_LOSS,atr_breakout,2015-03-30,8.89,,,,,,7
2015-04-06,US.EA,SELL,64,55.432505667,-149.5,STRAT_EXIT,atr_breakout,2015-03-30,7.24,,,,,,7
2015-04-10,US.MDLZ,SELL,23,28.68980668,13.27,ACTIVE_REPLACEMENT,atr_breakout,2015-04-02,1.31,,US.ISRG,59.01,OBSERVATION_EVICT,,8
2015-04-10,US.WDAY,SELL,11,88.7,1.22,ACTIVE_REPLACEMENT,atr_breakout,2015-04-06,1.95,,US.DXCM,50.45,OBSERVATION_EVICT,,4
2015-04-10,US.GLD,SELL,6,115.966,23.28,ACTIVE_REPLACEMENT,boll_mr,2015-03-09,1.37,,US.GE,50.41,OBSERVATION_EVICT,,32
2015-04-13,US.ISRG,SELL,59,58.927709839,-3.48,ATR_TRAIL,atr_breakout,2015-04-10,6.95,,,,,,3
2015-04-14,US.CDNS,SELL,163,18.65,-71.5,STRAT_EXIT,atr_breakout,2015-04-08,6.15,,,,,,6
2015-04-15,US.CAT,SELL,10,62.396406984,-0.62,ATR_TRAIL,atr_breakout,2015-04-14,1.25,,,,,,1
2015-04-15,US.VRSK,SELL,9,69.071406227,2.63,ACTIVE_REPLACEMENT,atr_breakout,2015-04-02,1.24,,US.CCJ,48.86,OBSERVATION_EVICT,,13
2015-04-17,US.PAYX,SELL,131,34.020578861,-256.0,STOP_LOSS,atr_breakout,2015-03-16,9.16,,,,,,32
2015-04-17,US.GE,SELL,20,115.99158990279999,-124.42,STOP_LOSS,atr_breakout,2015-04-10,4.76,,,,,,7
2015-04-21,US.SNPS,SELL,16,47.29,-5.4,STRAT_EXIT,atr_breakout,2015-04-08,1.52,,,,,,13
2015-04-21,US.STX,SELL,21,35.308308854,11.7,ACTIVE_REPLACEMENT,atr_breakout,2015-04-17,1.47,,US.PCAR,52.62,OBSERVATION_EVICT,,4
2015-04-27,US.COHR,SELL,141,18.7,-32.25,STRAT_EXIT,atr_breakout,2015-04-02,5.3,,,,,,25
2015-04-27,US.DXCM,SELL,177,16.89,-17.59,ATR_TRAIL,atr_breakout,2015-04-10,5.99,,,,,,17
2015-04-29,US.PCAR,SELL,82,28.802905733,-19.46,STRAT_EXIT,atr_breakout,2015-04-21,4.74,,,,,,8
2015-04-30,US.INTU,SELL,19,91.775358035,19.2,STRAT_EXIT,atr_breakout,2015-03-16,3.47,,,,,,45
2015-05-06,US.CIEN,SELL,106,20.7575,-118.01,STOP_LOSS,atr_breakout,2015-04-20,4.52,,,,,,16
2015-05-06,US.VRSK,SELL,33,68.919287507,-139.07,STOP_LOSS,atr_breakout,2015-04-29,4.69,,,,,,7
2015-05-07,US.FANG,SELL,66,57.974807174,-80.9,ATR_TRAIL,atr_breakout,2015-03-26,7.73,,,,,,42
2015-05-07,US.CCJ,SELL,162,14.681739486,-2.38,ATR_TRAIL,atr_breakout,2015-04-15,4.76,,,,,,22
2015-05-07,US.COPX,SELL,125,19.327616677,-2.42,ATR_TRAIL,atr_breakout,2015-04-27,4.83,,,,,,10
2015-05-13,US.EA,SELL,10,59.129946959,-0.59,ATR_TRAIL,atr_breakout,2015-05-06,1.18,,,,,,7
2015-05-13,US.ADP,SELL,11,67.262764391,-9.66,STRAT_EXIT,atr_breakout,2015-05-08,1.49,,,,,,5
2015-05-14,US.NXPI,SELL,8,90.452085185,-10.03,ACTIVE_REPLACEMENT,atr_breakout,2015-05-08,1.46,,US.ADBE,48.3,OBSERVATION_EVICT,,6
2015-05-15,US.INTU,SELL,8,93.604827945,-3.82,STRAT_EXIT,atr_breakout,2015-05-08,1.5,,,,,,7
2015-05-19,US.SLV,SELL,215,16.35,-3.52,ATR_TRAIL,atr_breakout,2015-05-13,7.03,,,,,,6
2015-05-19,US.QCOM,SELL,10,50.164291868,-10.88,STRAT_EXIT,atr_breakout,2015-05-15,1.01,,,,,,4
2015-05-20,US.REGN,SELL,1,508.569507122,8.04,ACTIVE_REPLACEMENT,atr_breakout,2015-05-19,1.01,,US.ADI,48.0,OBSERVATION_EVICT,,1
2015-05-22,US.ROK,SELL,6,101.151128006,9.87,ACTIVE_REPLACEMENT,atr_breakout,2015-05-13,1.2,,US.INTU,42.51,OBSERVATION_EVICT,,9
2015-05-26,US.ADBE,SELL,35,79.365,-5.05,STRAT_EXIT,atr_breakout,2015-05-14,5.56,,,,,,12
2015-05-26,US.TTWO,SELL,109,27.189,-158.94,STOP_LOSS,atr_breakout,2015-05-19,6.08,,,,,,7
2015-05-27,US.PANW,SELL,18,26.774732089,-10.05,ACTIVE_REPLACEMENT,atr_breakout,2015-05-26,0.97,,US.AVGO,54.71,OBSERVATION_EVICT,,1
2015-06-04,US.AVGO,SELL,215,10.638795198,-7.11,ATR_TRAIL,atr_breakout,2015-05-27,4.58,,,,,,8
2015-06-08,US.ADI,SELL,47,52.897700074,-2.49,ATR_TRAIL,atr_breakout,2015-05-20,4.97,,,,,,19
2015-06-09,US.TMUS,SELL,77,36.865131772,-2.84,ATR_TRAIL,atr_breakout,2015-05-26,5.68,,,,,,14
2015-06-15,US.CAT,SELL,43,66.097359944,85.45,STRAT_EXIT,atr_breakout,2015-04-15,5.6,,,,,,61
2015-06-16,US.EQIX,SELL,11,197.029982134,-2.17,ATR_TRAIL,atr_breakout,2015-04-30,4.33,,,,,,47
2015-06-17,US.CIEN,SELL,24,26.03,2.5,ACTIVE_REPLACEMENT,atr_breakout,2015-06-15,1.25,,US.AMD,49.45,OBSERVATION_EVICT,,2
2015-06-18,US.TXN,SELL,6,40.136799061,5.56,ACTIVE_REPLACEMENT,boll_mr,2015-06-09,0.48,,US.DXCM,57.72,OBSERVATION_EVICT,,9
2015-06-19,US.AMD,SELL,1276,2.47,-3.15,ATR_TRAIL,atr_breakout,2015-06-17,6.3,,,,,,2
2015-06-22,US.DLR,SELL,15,45.843323553,5.01,ACTIVE_REPLACEMENT,atr_breakout,2015-06-16,1.37,,US.TSEM,44.76,OBSERVATION_EVICT,,6
2015-06-24,US.FN,SELL,100,19.82,-17.98,ATR_TRAIL,atr_breakout,2015-06-19,3.98,,,,,,5
2015-06-26,US.TSEM,SELL,142,15.81,-171.23,STOP_LOSS,atr_breakout,2015-06-22,4.66,,,,,,4
2015-06-29,US.INTU,SELL,21,92.406525154,-112.2,STOP_LOSS,atr_breakout,2015-05-22,3.99,,,,,,38
2015-06-29,US.GILD,SELL,35,79.525884523,-45.94,ATR_TRAIL,atr_breakout,2015-06-10,5.61,,,,,,19
2015-07-02,US.MNST,SELL,105,22.073029267499997,-124.3,STOP_LOSS,atr_breakout,2015-06-26,4.76,,,,,,6
2015-07-07,US.ANET,SELL,476,4.818125,-2.29,ATR_TRAIL,atr_breakout,2015-06-05,4.59,,,,,,32
2015-07-09,US.SOXX,SELL,29,26.1718711152,-40.71,STOP_LOSS,boll_mr,2015-06-30,1.56,,,,,,9
2015-07-13,US.GLW,SELL,58,14.1196888515,-43.92,STOP_LOSS,boll_mr,2015-06-30,1.68,,,,,,13
2015-07-14,US.AEP,SELL,78,35.234451879,-51.4,STRAT_EXIT,atr_breakout,2015-07-07,5.55,,,,,,7
2015-07-22,US.FTNT,SELL,367,8.459999999,306.64,STRAT_EXIT,atr_breakout,2015-04-21,5.9,,,,,,92
2015-07-22,US.TSLA,SELL,196,17.85782142,471.08,STRAT_EXIT,atr_breakout,2015-04-27,6.53,,,,,,86
2015-07-23,US.IDXX,SELL,36,66.842,-129.05,STOP_LOSS,atr_breakout,2015-07-22,4.94,,,,,,1
2015-07-27,US.COST,SELL,15,120.394043331,17.35,STRAT_EXIT,atr_breakout,2015-07-10,3.59,,,,,,17
2015-07-28,US.EQIX,SELL,2,216.307507953,3.53,ACTIVE_REPLACEMENT,atr_breakout,2015-07-27,0.86,,US.CDNS,59.54,OBSERVATION_EVICT,,1
2015-08-03,US.ISRG,SELL,51,58.04172756635,-158.76,STOP_LOSS,atr_breakout,2015-07-22,6.08,,,,,,12
2015-08-06,US.FTNT,SELL,269,9.328,-12.73,ATR_TRAIL,atr_breakout,2015-07-23,5.03,,,,,,14
2015-08-06,US.MNST,SELL,72,24.14475855,-133.02,STOP_LOSS,atr_breakout,2015-08-03,3.61,,,,,,3
2015-08-10,US.NVDA,SELL,5353,0.555415799,-2.97,ATR_TRAIL,atr_breakout,2015-08-07,5.95,,,,,,3
2015-08-11,US.TXN,SELL,73,37.742916585,-81.1,STRAT_EXIT,atr_breakout,2015-08-10,5.59,,,,,,1
2015-08-13,US.XEL,SELL,21,25.255475935,4.09,ACTIVE_REPLACEMENT,atr_breakout,2015-08-07,1.06,,US.ORLY,54.73,OBSERVATION_EVICT,,6
2015-08-17,US.SLV,SELL,43,14.62,-9.23,ACTIVE_REPLACEMENT,atr_breakout,2015-08-12,1.27,,US.ADP,41.06,OBSERVATION_EVICT,,5
2015-08-20,US.EA,SELL,51,65.709645636,-111.25,ATR_TRAIL,atr_breakout,2015-07-07,6.81,,,,,,44
2015-08-20,US.CDNS,SELL,114,20.47,-38.81,ATR_TRAIL,atr_breakout,2015-07-28,4.7,,,,,,23
2015-08-20,US.ADP,SELL,35,64.839276339,-56.87,STRAT_EXIT,atr_breakout,2015-08-17,4.59,,,,,,3
2015-08-21,US.QQQ,SELL,133,93.816826455,-20.82,MA200_BREAK,core_etf,2015-01-02,24.96,,,,,,231
2015-08-21,US.META,SELL,19,85.310840298,-54.36,ATR_TRAIL,atr_breakout,2015-06-24,3.29,,,,,,58
2015-08-21,US.ORLY,SELL,167,15.878000079,-178.0,STOP_LOSS,atr_breakout,2015-08-13,5.48,,,,,,8
2015-08-24,US.MDLZ,SELL,107,30.294696487,-3.24,ATR_TRAIL,atr_breakout,2015-05-08,6.48,,,,,,108
2015-08-24,US.DXCM,SELL,132,19.35,-2.55,ATR_TRAIL,atr_breakout,2015-06-18,5.11,,,,,,67
2015-08-24,US.AMZN,SELL,96,22.7785,-2.19,ATR_TRAIL,atr_breakout,2015-07-13,4.37,,,,,,42
2015-08-24,US.GDX,SELL,149,12.750023827,-218.94,STOP_LOSS,atr_breakout,2015-08-20,4.02,,,,,,4
2015-08-27,US.GLD,SELL,31,107.73,-86.73,STRAT_EXIT,atr_breakout,2015-08-20,6.76,,,,,,7
2015-09-14,US.AMD,SELL,453,1.82,-86.89,STOP_LOSS,atr_breakout,2015-09-11,1.73,,,,,,3
2015-09-15,US.ISRG,SELL,6,57.084413387,12.53,STRAT_EXIT,boll_mr,2015-08-25,0.67,,,,,,21
2015-09-18,US.BKNG,SELL,16,50.701790604,-16.06,STRAT_EXIT,atr_breakout,2015-09-15,1.64,,,,,,3
2015-09-18,US.AVGO,SELL,78,9.6337938447,-40.3,STOP_LOSS,atr_breakout,2015-09-15,1.54,,,,,,3
2015-09-18,US.KLAC,SELL,175,4.119174452,-41.09,STOP_LOSS,atr_breakout,2015-09-16,1.48,,,,,,2
2015-09-18,US.QQQ,SELL,127,96.777286085,-186.27,MA200_BREAK,core_etf,2015-09-16,24.76,,,,,,2
2015-09-22,US.GOOGL,SELL,79,32.372940808,267.68,STRAT_EXIT,atr_breakout,2015-07-14,4.84,,,,,,70
2015-09-22,US.GLW,SELL,56,12.884818852,-57.24,STOP_LOSS,atr_breakout,2015-09-16,1.5,,,,,,6
2015-09-24,US.SMCI,SELL,291,2.779,-6.92,ATR_TRAIL,atr_breakout,2015-09-15,1.62,,,,,,9
2015-09-28,US.EQIX,SELL,3,210.873055391,-45.37,STOP_LOSS,atr_breakout,2015-09-11,1.31,,,,,,17
2015-09-28,US.PANW,SELL,98,29.0047931077,-152.45,STOP_LOSS,atr_breakout,2015-09-15,5.83,,,,,,13
2015-09-28,US.ADBE,SELL,10,80.52,-50.61,STOP_LOSS,atr_breakout,2015-09-23,1.66,,,,,,5
2015-09-28,US.GLD,SELL,25,108.42,-54.46,STRAT_EXIT,atr_breakout,2015-09-24,5.47,,,,,,4
2015-09-28,US.ISRG,SELL,5,51.500080676,-15.62,STOP_LOSS,boll_mr,2015-09-24,0.53,,,,,,4
2015-09-29,US.SBUX,SELL,16,44.354815757749996,-38.06,STOP_LOSS,atr_breakout,2015-09-24,1.46,,,,,,5
2015-10-02,US.VRSK,SELL,45,74.309994641,-3.34,ATR_TRAIL,atr_breakout,2015-10-01,6.69,,,,,,1
2015-10-05,US.COST,SELL,6,123.922063129,12.51,ACTIVE_REPLACEMENT,atr_breakout,2015-09-23,1.47,,US.GE,56.83,OBSERVATION_EVICT,,12
2015-10-06,US.DLR,SELL,14,45.224081688,-0.63,ATR_TRAIL,atr_breakout,2015-10-02,1.27,,,,,,4
2015-10-07,US.XEL,SELL,31,25.121485415,13.23,ACTIVE_REPLACEMENT,atr_breakout,2015-09-24,1.54,,US.SMCI,48.91,OBSERVATION_EVICT,,13
2015-10-08,US.AEP,SELL,20,36.788291112,-0.59,ACTIVE_REPLACEMENT,atr_breakout,2015-09-30,1.47,,US.URA,42.53,OBSERVATION_EVICT,,8
2015-10-09,US.HWM,SELL,246,10.089664947,-176.66,STOP_LOSS,atr_breakout,2015-10-06,5.14,,,,,,3
2015-10-09,US.SMCI,SELL,779,2.69,-374.46,STOP_LOSS,atr_breakout,2015-10-07,4.56,,,,,,2
2015-10-12,US.COPX,SELL,182,13.108468501199999,-127.95,STOP_LOSS,atr_breakout,2015-10-09,4.9,,,,,,3
2015-10-13,US.QQQ,SELL,127,97.471462659,-62.92,MA200_BREAK,core_etf,2015-10-09,24.81,,,,,,4
2015-10-14,US.CPRT,SELL,276,4.30125,27.79,STRAT_EXIT,boll_mr,2015-08-25,2.35,,,,,,50
2015-10-19,US.GLD,SELL,20,112.02,-38.04,STRAT_EXIT,atr_breakout,2015-10-14,4.52,,,,,,5
2015-10-21,US.URA,SELL,199,10.904755282,-118.65,STOP_LOSS,atr_breakout,2015-10-08,4.46,,,,,,13
2015-10-26,US.COST,SELL,17,128.859863984,-2.19,ATR_TRAIL,atr_breakout,2015-10-09,4.38,,,,,,17
2015-10-26,US.BKNG,SELL,19,53.90024883,-1.02,ATR_TRAIL,atr_breakout,2015-10-19,2.05,,,,,,7
2015-10-27,US.CIEN,SELL,56,23.1,-85.29,STOP_LOSS,atr_breakout,2015-10-26,2.67,,,,,,1
2015-10-28,US.VRSK,SELL,33,69.080913647,-228.8,STOP_LOSS,atr_breakout,2015-10-02,4.79,,,,,,26
2015-11-09,US.BKNG,SELL,22,51.35511271,-91.75,STOP_LOSS,atr_breakout,2015-10-26,2.35,,,,,,14
2015-11-13,US.LSCC,SELL,261,4.88,-79.57,STOP_LOSS,atr_breakout,2015-11-09,2.63,,,,,,4
2015-11-16,US.AMAT,SELL,66,15.222252622,-1.0,ATR_TRAIL,atr_breakout,2015-11-13,2.01,,,,,,3
2015-11-23,US.REGN,SELL,2,566.173729237,4.94,STRAT_EXIT,atr_breakout,2015-10-27,2.26,,,,,,27
2015-12-02,US.XAR,SELL,27,49.619611549,5.17,STRAT_EXIT,atr_breakout,2015-10-28,2.67,,,,,,35
2015-12-04,US.MELI,SELL,10,118.20641604865,-63.4,STOP_LOSS,atr_breakout,2015-11-23,2.43,,,,,,11
2015-12-07,US.GDX,SELL,23,12.667751105599999,-15.63,STOP_LOSS,atr_breakout,2015-12-04,0.6,,,,,,3
2015-12-09,US.COHR,SELL,53,17.88,-68.26,STOP_LOSS,atr_breakout,2015-12-02,1.96,,,,,,7
2015-12-14,US.AVGO,SELL,27,10.73255322085,-15.54,STOP_LOSS,atr_breakout,2015-12-07,0.59,,,,,,7
2015-12-14,US.AMD,SELL,442,2.3275,-55.17,STOP_LOSS,atr_breakout,2015-12-10,2.11,,,,,,4
2015-12-22,US.WDAY,SELL,1,79.24,0.16,ACTIVE_REPLACEMENT,boll_mr,2015-12-14,0.16,,US.AMD,54.64,OBSERVATION_EVICT,,8
2015-12-23,US.HON,SELL,1,81.433369096,5.0,ACTIVE_REPLACEMENT,boll_mr,2015-12-14,0.16,,US.AA,51.16,OBSERVATION_EVICT,,9
2015-12-24,US.MSFT,SELL,58,48.529131162,523.27,STRAT_EXIT,atr_breakout,2015-10-02,5.1,,,,,,83
2015-12-29,US.FAST,SELL,42,7.894596264,0.7,ACTIVE_REPLACEMENT,atr_breakout,2015-12-24,0.66,,US.LSCC,52.25,OBSERVATION_EVICT,,5
2015-12-31,US.FN,SELL,38,23.82,119.55,STRAT_EXIT,atr_breakout,2015-10-12,1.69,,,,,,80
2015-12-31,US.LSCC,SELL,217,6.431499999999999,-74.85,STOP_LOSS,atr_breakout,2015-12-29,2.86,,,,,,2
2016-01-04,US.AMD,SELL,527,2.6315,-74.38,STOP_LOSS,atr_breakout,2015-12-22,2.85,,,,,,13
2016-01-04,US.AA,SELL,46,27.2732589694,-67.28,STOP_LOSS,atr_breakout,2015-12-23,2.58,,,,,,12
2016-01-06,US.QQQ,SELL,126,99.777021741,96.58,MA200_BREAK,core_etf,2015-10-15,25.03,,,,,,83
2016-01-06,US.AMAT,SELL,64,15.663733266,-1.0,ATR_TRAIL,atr_breakout,2015-11-16,2.0,,,,,,51
2016-01-06,US.URA,SELL,34,9.7013389397,-17.69,STOP_LOSS,atr_breakout,2015-12-31,0.68,,,,,,6
2016-01-07,US.EXC,SELL,29,13.414647801,-5.0,STRAT_EXIT,atr_breakout,2016-01-05,0.78,,,,,,2
2016-01-11,US.PAYX,SELL,81,34.131771692,-2.76,ATR_TRAIL,atr_breakout,2015-09-30,5.53,,,,,,103
2016-01-11,US.GDX,SELL,197,12.623639253,-173.99,STOP_LOSS,atr_breakout,2016-01-07,5.15,,,,,,4
2016-01-12,US.GLD,SELL,29,104.21,-16.36,ATR_TRAIL,atr_breakout,2016-01-06,6.06,,,,,,6
2016-01-13,US.EQIX,SELL,8,249.200560283,-25.15,STRAT_EXIT,atr_breakout,2016-01-06,4.01,,,,,,7
2016-01-13,US.SMCI,SELL,794,2.5,-182.22,STOP_LOSS,atr_breakout,2016-01-12,4.15,,,,,,1
2016-01-20,US.MSFT,SELL,4,43.3366797561,-9.3,STOP_LOSS,boll_mr,2016-01-08,0.36,,,,,,12
2016-01-20,US.DLR,SELL,53,50.589337604,-222.67,STOP_LOSS,atr_breakout,2016-01-11,5.58,,,,,,9
2016-01-20,US.VOO,SELL,1,140.2677765013,-7.52,STOP_LOSS,boll_mr,2016-01-11,0.29,,,,,,9
2016-01-20,US.SPY,SELL,1,154.661739773,-8.29,STOP_LOSS,boll_mr,2016-01-11,0.32,,,,,,9
2016-01-20,US.XEL,SELL,85,26.501232789,-38.55,STRAT_EXIT,atr_breakout,2016-01-19,4.54,,,,,,1
2016-01-28,US.SLV,SELL,165,13.57,-43.49,STRAT_EXIT,atr_breakout,2016-01-26,4.52,,,,,,2
2016-01-29,US.EA,SELL,9,62.63814913,-55.46,STOP_LOSS,atr_breakout,2016-01-26,1.18,,,,,,3
2016-02-02,US.META,SELL,5,113.612310093,26.69,ACTIVE_REPLACEMENT,atr_breakout,2016-01-28,1.11,,US.FN,45.01,OBSERVATION_EVICT,,5
2016-02-03,US.COHR,SELL,31,20.36,25.1,ACTIVE_REPLACEMENT,atr_breakout,2016-01-26,1.24,,US.CMCSA,59.86,OBSERVATION_EVICT,,8
2016-02-04,US.EXC,SELL,43,15.603991961,74.9,ACTIVE_REPLACEMENT,atr_breakout,2016-01-28,1.27,,US.GDX,41.03,OBSERVATION_EVICT,,7
2016-02-05,US.GE,SELL,24,125.299165575,199.28,STRAT_EXIT,atr_breakout,2015-10-05,5.81,,,,,,123
2016-02-05,US.FANG,SELL,39,51.764413308,-167.31,STOP_LOSS,atr_breakout,2016-01-28,4.2,,,,,,8
2016-02-05,US.GDX,SELL,143,14.645960771,-2.09,ATR_TRAIL,atr_breakout,2016-02-04,4.19,,,,,,1
2016-02-09,US.KLAC,SELL,226,5.248315313,-1.19,ATR_TRAIL,atr_breakout,2015-10-21,2.37,,,,,,111
2016-02-09,US.CMCSA,SELL,109,20.705128532,-2.26,ATR_TRAIL,atr_breakout,2016-02-03,4.51,,,,,,6
2016-02-10,US.GDX,SELL,168,14.68903712585,-132.35,STOP_LOSS,atr_breakout,2016-02-05,5.07,,,,,,5
2016-02-10,US.EXC,SELL,110,15.130350190449999,-89.26,STOP_LOSS,atr_breakout,2016-02-05,3.42,,,,,,5
2016-02-11,US.FN,SELL,87,27.59,-39.81,ATR_TRAIL,atr_breakout,2016-02-02,4.84,,,,,,9
2016-02-12,US.AEP,SELL,65,40.120789692,-2.61,ATR_TRAIL,atr_breakout,2016-01-29,5.22,,,,,,14
2016-02-16,US.GDX,SELL,134,15.607243645,-143.06,STOP_LOSS,atr_breakout,2016-02-11,4.32,,,,,,5
2016-02-17,US.COPX,SELL,73,9.740989685,45.48,ACTIVE_REPLACEMENT,atr_breakout,2016-02-16,1.38,,US.BKNG,56.8,OBSERVATION_EVICT,,1
2016-02-22,US.SLV,SELL,113,14.34,-1.62,ATR_TRAIL,atr_breakout,2016-02-05,3.24,,,,,,17
2016-02-24,US.ADP,SELL,10,66.500529406,-0.67,ATR_TRAIL,atr_breakout,2016-02-16,1.33,,,,,,8
2016-02-24,US.BKNG,SELL,61,48.394404195,-2.95,ATR_TRAIL,atr_breakout,2016-02-17,5.9,,,,,,7
2016-02-25,US.LSCC,SELL,335,6.14,-126.01,STOP_LOSS,atr_breakout,2016-02-24,4.24,,,,,,1
2016-03-01,US.RTX,SELL,60,46.721719724,-2.8,ATR_TRAIL,atr_breakout,2016-02-22,5.61,,,,,,8
2016-03-01,US.CPRT,SELL,567,4.76125,-2.7,ATR_TRAIL,atr_breakout,2016-02-25,5.4,,,,,,5
2016-03-02,US.HON,SELL,8,83.247321008,13.91,ACTIVE_REPLACEMENT,atr_breakout,2016-02-16,1.32,,US.AMD,56.11,OBSERVATION_EVICT,,15
2016-03-02,US.CSCO,SELL,36,19.703055263,46.49,ACTIVE_REPLACEMENT,atr_breakout,2016-02-12,1.37,,US.COPX,54.59,OBSERVATION_EVICT,,19
2016-03-03,US.CIEN,SELL,97,16.99,-357.64,STOP_LOSS,atr_breakout,2016-02-24,3.65,,,,,,8
2016-03-03,US.AMD,SELL,823,2.32,-1.91,ATR_TRAIL,atr_breakout,2016-03-02,3.82,,,,,,1
2016-03-04,US.PAYX,SELL,19,38.326762296,49.68,ACTIVE_REPLACEMENT,atr_breakout,2016-02-12,1.41,,US.AVGO,51.63,OBSERVATION_EVICT,,21
2016-03-08,US.ISRG,SELL,3,62.983184251,19.16,STRAT_EXIT,boll_mr,2016-02-09,0.36,,,,,,28
2016-03-08,US.AMD,SELL,774,2.3,-125.62,STOP_LOSS,atr_breakout,2016-03-03,3.68,,,,,,5
2016-03-08,US.CAT,SELL,41,56.090121548,-2.95,ATR_TRAIL,atr_breakout,2016-03-03,4.6,,,,,,5
2016-03-14,US.EXC,SELL,29,16.96406544,5.61,ACTIVE_REPLACEMENT,atr_breakout,2016-03-08,0.98,,US.AMD,52.15,OBSERVATION_EVICT,,6
2016-03-15,US.AMD,SELL,599,2.49,-139.26,STOP_LOSS,atr_breakout,2016-03-14,3.12,,,,,,1
2016-03-17,US.XEL,SELL,17,30.285551985,14.12,ACTIVE_REPLACEMENT,atr_breakout,2016-03-08,1.02,,US.ROK,47.16,OBSERVATION_EVICT,,9
2016-03-24,US.COPX,SELL,214,11.306208541,-2.42,ATR_TRAIL,atr_breakout,2016-03-02,4.84,,,,,,22
2016-03-28,US.QQQ,SELL,125,99.004154889,-30.07,MA200_BREAK,core_etf,2016-03-16,24.77,,,,,,12
2016-03-29,US.FN,SELL,31,30.59,-0.95,ATR_TRAIL,atr_breakout,2016-03-24,1.9,,,,,,5
2016-04-06,US.FAST,SELL,308,8.924348331,-2.75,ATR_TRAIL,atr_breakout,2016-03-01,5.5,,,,,,36
2016-04-12,US.ON,SELL,224,9.386000000000001,-112.76,STOP_LOSS,atr_breakout,2016-03-29,4.32,,,,,,14
2016-04-13,US.GLD,SELL,31,118.77,352.2,STRAT_EXIT,atr_breakout,2016-01-26,7.01,,,,,,78
2016-04-25,US.AAPL,SELL,68,23.663539355,-1.61,ATR_TRAIL,atr_breakout,2016-03-15,3.22,,,,,,41
2016-04-27,US.ROK,SELL,8,93.183948429,-0.75,ATR_TRAIL,atr_breakout,2016-03-17,1.49,,,,,,41
2016-04-28,US.QQQ,SELL,124,98.23129991,-306.61,MA200_BREAK,core_etf,2016-03-29,24.66,,,,,,30
2016-04-28,US.AMGN,SELL,8,117.718450787,-0.94,ATR_TRAIL,atr_breakout,2016-04-06,1.88,,,,,,22
2016-04-29,US.AVGO,SELL,197,11.116970955,-2.19,ATR_TRAIL,atr_breakout,2016-03-04,4.38,,,,,,56
2016-04-29,US.STM,SELL,247,5.520595608,-81.31,STOP_LOSS,atr_breakout,2016-04-27,2.81,,,,,,2
2016-05-02,US.CAT,SELL,22,61.548709066,-10.64,STRAT_EXIT,atr_breakout,2016-04-13,2.72,,,,,,19
2016-05-03,US.WDAY,SELL,31,71.74,-2.22,ATR_TRAIL,atr_breakout,2016-03-01,4.45,,,,,,63
2016-05-03,US.URA,SELL,99,10.620705133,-81.99,STOP_LOSS,atr_breakout,2016-04-12,2.18,,,,,,21
2016-05-05,US.AMZN,SELL,82,32.9545,-4.75,ATR_TRAIL,atr_breakout,2016-04-29,5.41,,,,,,6
2016-05-06,US.FN,SELL,69,34.2095,-126.59,STOP_LOSS,atr_breakout,2016-05-03,4.85,,,,,,3
2016-05-11,US.QQQ,SELL,125,98.305791956,-125.19,MA200_BREAK,core_etf,2016-05-10,24.69,,,,,,1
2016-05-13,US.MNST,SELL,71,24.65475345,-1.75,ATR_TRAIL,atr_breakout,2016-05-02,3.5,,,,,,11
2016-05-17,US.SBUX,SELL,9,44.184942914699995,-21.33,STOP_LOSS,boll_mr,2016-04-25,0.82,,,,,,22
2016-05-18,US.SLV,SELL,155,15.931499999999998,-132.44,STOP_LOSS,atr_breakout,2016-04-28,5.07,,,,,,20
2016-05-18,US.EQIX,SELL,6,279.698569614,-1.68,ATR_TRAIL,atr_breakout,2016-05-09,3.36,,,,,,9
2016-05-23,US.EA,SELL,7,70.63859690145,-26.52,STOP_LOSS,atr_breakout,2016-05-16,1.01,,,,,,7
2016-05-24,US.QCOM,SELL,60,40.661761615,-2.44,ATR_TRAIL,atr_breakout,2016-05-20,4.88,,,,,,4
2016-05-24,US.CDNS,SELL,90,24.55,-2.21,ATR_TRAIL,atr_breakout,2016-05-20,4.42,,,,,,4
2016-06-14,US.SNPS,SELL,46,52.17,43.14,STRAT_EXIT,atr_breakout,2016-05-24,4.75,,,,,,21
2016-06-15,US.ANET,SELL,344,4.5675,30.46,STRAT_EXIT,atr_breakout,2016-05-23,3.11,,,,,,23
2016-06-17,US.AMZN,SELL,68,35.1535,-2.39,ATR_TRAIL,atr_breakout,2016-05-10,4.78,,,,,,38
2016-06-17,US.QQQ,SELL,124,98.690626526,-206.99,MA200_BREAK,core_etf,2016-05-24,24.67,,,,,,24
2016-06-22,US.AMD,SELL,457,4.997,-122.47,STOP_LOSS,atr_breakout,2016-06-17,4.69,,,,,,5
2016-06-23,US.XEL,SELL,6,31.411333918,-0.59,ACTIVE_REPLACEMENT,atr_breakout,2016-06-14,0.38,,US.MU,48.71,OBSERVATION_EVICT,,9
2016-06-24,US.CDNS,SELL,84,23.78,-122.12,STOP_LOSS,atr_breakout,2016-05-24,4.12,,,,,,31
2016-06-24,US.QQQ,SELL,125,96.636645665,-347.02,MA200_BREAK,core_etf,2016-06-20,24.49,,,,,,4
2016-06-24,US.LRCX,SELL,118,6.964965421,-36.05,ATR_TRAIL,atr_breakout,2016-06-22,1.68,,,,,,2
2016-06-24,US.MU,SELL,79,12.883544017,-65.74,STOP_LOSS,atr_breakout,2016-06-23,2.1,,,,,,1
2016-06-27,US.AMAT,SELL,135,19.987104437,-35.51,ATR_TRAIL,atr_breakout,2016-05-20,5.43,,,,,,38
2016-06-29,US.XEL,SELL,18,32.257306611,6.7,ACTIVE_REPLACEMENT,atr_breakout,2016-06-24,1.15,,US.SLV,45.95,OBSERVATION_EVICT,,5
2016-06-30,US.GLD,SELL,4,126.47,1.33,ACTIVE_REPLACEMENT,atr_breakout,2016-06-24,1.01,,US.INTU,54.21,OBSERVATION_EVICT,,6
2016-06-30,US.ORLY,SELL,31,18.073333423,-1.24,ACTIVE_REPLACEMENT,atr_breakout,2016-06-28,1.12,,US.ADP,43.25,OBSERVATION_EVICT,,2
2016-07-06,US.TEAM,SELL,40,25.99,-1.04,ATR_TRAIL,atr_breakout,2016-06-15,2.08,,,,,,21
2016-07-20,US.GDX,SELL,28,25.383309101,-66.22,STOP_LOSS,atr_breakout,2016-07-06,1.49,,,,,,14
2016-07-27,US.AEP,SELL,44,46.260572916,-2.04,ATR_TRAIL,atr_breakout,2016-06-27,4.07,,,,,,30
2016-07-28,US.ADP,SELL,29,73.714806724,-5.4,ATR_TRAIL,atr_breakout,2016-06-30,4.28,,,,,,28
2016-07-29,US.INTU,SELL,22,102.992089346,-8.94,ATR_TRAIL,atr_breakout,2016-06-30,4.54,,,,,,29
2016-08-24,US.GLW,SELL,60,17.549944283,16.14,STRAT_EXIT,atr_breakout,2016-07-28,2.09,,,,,,27
2016-08-24,US.GOOGL,SELL,29,39.219232975,-1.14,ATR_TRAIL,atr_breakout,2016-07-29,2.27,,,,,,26
2016-08-25,US.ON,SELL,26,10.71,-0.28,ATR_TRAIL,atr_breakout,2016-08-24,0.56,,,,,,1
2016-08-29,US.CMCSA,SELL,4,23.709429413,-0.14,ACTIVE_REPLACEMENT,boll_mr,2016-08-24,0.19,,US.TTWO,49.53,OBSERVATION_EVICT,,5
2016-09-09,US.ON,SELL,85,10.26,-64.62,STOP_LOSS,atr_breakout,2016-08-25,1.81,,,,,,15
2016-09-15,US.TTWO,SELL,26,44.17,-1.15,ATR_TRAIL,atr_breakout,2016-08-29,2.3,,,,,,17
2016-09-21,US.LSCC,SELL,142,6.137,-46.74,STOP_LOSS,atr_breakout,2016-09-15,1.79,,,,,,6
2016-09-26,US.SLV,SELL,145,18.41,148.13,STRAT_EXIT,atr_breakout,2016-06-29,5.19,,,,,,89
2016-09-27,US.ADBE,SELL,11,107.78,-1.19,ATR_TRAIL,atr_breakout,2016-09-21,2.37,,,,,,6
2016-09-29,US.DLR,SELL,30,70.204206786,350.25,STRAT_EXIT,atr_breakout,2016-03-08,3.86,,,,,,205
2016-09-29,US.MSFT,SELL,15,51.065277681,23.74,STRAT_EXIT,atr_breakout,2016-07-20,1.51,,,,,,71
2016-10-03,US.AAPL,SELL,39,25.753910434,89.37,STRAT_EXIT,atr_breakout,2016-07-27,1.92,,,,,,68
2016-10-06,US.TSLA,SELL,69,13.399866,-59.34,STOP_LOSS,atr_breakout,2016-10-03,1.91,,,,,,3
2016-10-07,US.LMT,SELL,9,174.418674269,-1.57,ATR_TRAIL,atr_breakout,2016-05-04,3.14,,,,,,156
2016-10-11,US.STX,SELL,57,23.559963242,-128.37,STOP_LOSS,atr_breakout,2016-09-27,2.81,,,,,,14
2016-10-11,US.LRCX,SELL,153,8.527528128,-9.46,ATR_TRAIL,atr_breakout,2016-10-06,2.62,,,,,,5
2016-10-12,US.STM,SELL,132,7.19676363,-52.79,STOP_LOSS,atr_breakout,2016-10-07,1.95,,,,,,5
2016-10-13,US.FAST,SELL,43,7.428563287,-20.06,STOP_LOSS,boll_mr,2016-09-12,0.66,,,,,,31
2016-10-17,US.AMZN,SELL,32,40.6475,-6.36,ATR_TRAIL,atr_breakout,2016-09-27,2.61,,,,,,20
2016-10-24,US.GOOGL,SELL,9,41.419720685,5.98,ACTIVE_REPLACEMENT,atr_breakout,2016-10-18,0.74,,US.COHR,56.42,OBSERVATION_EVICT,,6
2016-10-24,US.GOOG,SELL,10,40.300183126,8.44,ACTIVE_REPLACEMENT,atr_breakout,2016-10-18,0.8,,US.TMUS,46.87,OBSERVATION_EVICT,,6
2016-10-25,US.COHR,SELL,46,25.8875,-63.87,STOP_LOSS,atr_breakout,2016-10-24,2.44,,,,,,1
2016-10-26,US.META,SELL,10,129.89928553,-11.51,STRAT_EXIT,atr_breakout,2016-10-21,2.61,,,,,,5
2016-10-27,US.AMD,SELL,158,7.11,-62.74,STOP_LOSS,atr_breakout,2016-10-25,2.31,,,,,,2
2016-10-28,US.MSFT,SELL,28,53.075861785,-1.49,ATR_TRAIL,atr_breakout,2016-10-21,2.97,,,,,,7
2016-10-28,US.MDLZ,SELL,7,34.990253266,-0.24,ATR_TRAIL,atr_breakout,2016-10-26,0.49,,,,,,2
2016-11-01,US.SMCI,SELL,546,2.28,-88.6,STOP_LOSS,atr_breakout,2016-10-28,2.58,,,,,,4
2016-11-02,US.QCOM,SELL,26,50.945772489,-8.43,ATR_TRAIL,atr_breakout,2016-09-29,2.66,,,,,,34
2016-11-02,US.SCCO,SELL,96,17.109839447,-38.4,ATR_TRAIL,atr_breakout,2016-10-19,3.32,,,,,,14
2016-11-02,US.HWM,SELL,49,17.642162685,-48.09,STOP_LOSS,atr_breakout,2016-11-01,1.78,,,,,,1
2016-11-03,US.MDLZ,SELL,25,34.176158937,-38.94,STRAT_EXIT,atr_breakout,2016-10-28,1.75,,,,,,6
2016-11-03,US.GLD,SELL,2,124.3,1.07,ACTIVE_REPLACEMENT,atr_breakout,2016-11-02,0.5,,US.TTWO,40.89,OBSERVATION_EVICT,,1
2016-11-09,US.TMUS,SELL,24,48.9526873,-1.17,ATR_TRAIL,atr_breakout,2016-10-24,2.35,,,,,,16
2016-11-10,US.NXPI,SELL,17,84.689795714,-1.44,ATR_TRAIL,atr_breakout,2016-09-29,2.88,,,,,,42
2016-11-10,US.TTWO,SELL,25,45.875499999999995,-61.51,STOP_LOSS,atr_breakout,2016-11-03,2.35,,,,,,7
2016-11-17,US.LSCC,SELL,177,7.5,-10.18,ATR_TRAIL,atr_breakout,2016-11-03,2.66,,,,,,14
2016-11-17,US.GILD,SELL,22,53.361571903,-46.06,STRAT_EXIT,atr_breakout,2016-11-09,2.39,,,,,,8
2016-12-01,US.PCAR,SELL,49,27.649636813,-1.35,ATR_TRAIL,atr_breakout,2016-11-10,2.71,,,,,,21
2016-12-01,US.AMD,SELL,120,8.39,-9.41,ATR_TRAIL,atr_breakout,2016-11-17,2.02,,,,,,14
2016-12-01,US.MU,SELL,67,17.770708216550002,-63.86,STOP_LOSS,atr_breakout,2016-11-17,2.44,,,,,,14
2016-12-06,US.FANG,SELL,3,80.54177526080001,-12.96,STOP_LOSS,atr_breakout,2016-12-01,0.5,,,,,,5
2016-12-07,US.PCAR,SELL,10,31.27346482,21.75,ACTIVE_REPLACEMENT,atr_breakout,2016-12-01,0.6,,US.WDC,47.21,OBSERVATION_EVICT,,6
2016-12-12,US.WDC,SELL,26,43.95651324395,-61.29,STOP_LOSS,atr_breakout,2016-12-07,2.35,,,,,,5
2016-12-13,US.NFLX,SELL,405,12.378,2261.85,STRAT_EXIT,atr_breakout,2015-04-13,7.76,,,,,,610
2016-12-15,US.EMR,SELL,27,44.237426084,-1.19,ATR_TRAIL,atr_breakout,2016-11-10,2.39,,,,,,35
2016-12-15,US.EQIX,SELL,3,291.306329485,-19.39,STRAT_EXIT,atr_breakout,2016-12-12,1.77,,,,,,3
2017-01-03,US.ON,SELL,120,12.378499999999999,-79.67,STOP_LOSS,atr_breakout,2016-12-15,3.05,,,,,,19
2017-01-04,US.DLR,SELL,4,71.83373712,-0.29,ATR_TRAIL,atr_breakout,2017-01-03,0.57,,,,,,1
2017-01-12,US.ANET,SELL,245,6.04021875,-79.37,STOP_LOSS,atr_breakout,2017-01-04,3.04,,,,,,8
2017-01-17,US.IDXX,SELL,28,120.01,995.12,STRAT_EXIT,atr_breakout,2016-04-29,5.72,,,,,,263
2017-01-18,US.AMD,SELL,104,9.45,-0.98,ATR_TRAIL,atr_breakout,2016-12-06,1.97,,,,,,43
2017-02-02,US.MSFT,SELL,21,56.407975153,-1.18,ATR_TRAIL,atr_breakout,2016-12-13,2.37,,,,,,51
2017-02-17,US.MDLZ,SELL,49,33.5393761959,-88.14,STOP_LOSS,atr_breakout,2016-12-15,3.37,,,,,,64
2017-02-21,US.ANET,SELL,219,7.44125,-1.63,ATR_TRAIL,atr_breakout,2017-02-17,3.26,,,,,,4
2017-02-24,US.ASML,SELL,15,104.655258033,-7.75,ATR_TRAIL,atr_breakout,2017-01-18,3.15,,,,,,37
2017-03-07,US.GLD,SELL,14,115.78,-2.6,ATR_TRAIL,atr_breakout,2017-01-17,3.24,,,,,,49
2017-03-13,US.TXN,SELL,5,62.811103467,7.05,ACTIVE_REPLACEMENT,atr_breakout,2017-03-07,0.62,,US.ALGN,42.35,OBSERVATION_EVICT,,6
2017-03-15,US.ALGN,SELL,15,107.99,-1.62,ATR_TRAIL,atr_breakout,2017-03-13,3.24,,,,,,2
2017-03-21,US.INTU,SELL,13,113.009572837,-85.94,STOP_LOSS,atr_breakout,2017-02-24,3.02,,,,,,25
2017-03-22,US.ALGN,SELL,14,110.31,-1.54,ATR_TRAIL,atr_breakout,2017-03-15,3.09,,,,,,7
2017-03-24,US.PEP,SELL,4,84.325744633,0.72,ACTIVE_REPLACEMENT,atr_breakout,2017-03-21,0.67,,US.MU,49.39,OBSERVATION_EVICT,,3
2017-03-24,US.AEP,SELL,8,47.199118447,1.71,ACTIVE_REPLACEMENT,atr_breakout,2017-03-22,0.75,,US.ASML,48.63,OBSERVATION_EVICT,,2
2017-03-27,US.NVDA,SELL,6861,2.665992907,14168.34,STRAT_EXIT,atr_breakout,2015-09-30,22.4,,,,,,544
2017-03-30,US.STM,SELL,162,14.215590784,1016.38,STRAT_EXIT,atr_breakout,2016-10-27,3.59,,,,,,154
2017-03-30,US.COHR,SELL,166,37.35,-346.5,STOP_LOSS,atr_breakout,2017-03-27,12.74,,,,,,3
2017-03-31,US.CCJ,SELL,133,10.480487175,356.94,STRAT_EXIT,atr_breakout,2016-11-02,2.43,,,,,,149
2017-04-05,US.ROK,SELL,12,131.042599989,187.66,STRAT_EXIT,atr_breakout,2016-12-01,2.96,,,,,,125
2017-04-07,US.SNPS,SELL,25,71.46,180.21,STRAT_EXIT,atr_breakout,2017-02-02,3.39,,,,,,64
2017-04-11,US.MU,SELL,62,26.341044556849997,-87.59,STOP_LOSS,atr_breakout,2017-03-24,3.35,,,,,,18
2017-04-12,US.WDC,SELL,122,56.79391412,-6.93,ATR_TRAIL,atr_breakout,2017-03-30,13.86,,,,,,13
2017-04-13,US.AMZN,SELL,112,44.2335,-15.43,ATR_TRAIL,atr_breakout,2017-03-31,9.92,,,,,,13
2017-04-19,US.ASML,SELL,14,108.06266254689999,-81.14,STOP_LOSS,atr_breakout,2017-03-24,3.11,,,,,,26
2017-04-19,US.DLR,SELL,12,82.447409845,36.83,ACTIVE_REPLACEMENT,atr_breakout,2017-04-07,1.94,,US.ISRG,51.95,OBSERVATION_EVICT,,12
2017-04-20,US.GLD,SELL,9,121.96,-6.86,ACTIVE_REPLACEMENT,atr_breakout,2017-04-13,2.2,,US.TTWO,41.06,OBSERVATION_EVICT,,7
2017-04-24,US.VRTX,SELL,8,117.66,27.46,ACTIVE_REPLACEMENT,atr_breakout,2017-04-05,1.85,,US.MSFT,40.68,OBSERVATION_EVICT,,19
2017-04-26,US.STX,SELL,102,29.050383663,-502.34,STOP_LOSS,atr_breakout,2017-04-11,6.43,,,,,,15
2017-05-01,US.ADP,SELL,20,85.013383624,243.82,STRAT_EXIT,atr_breakout,2016-11-02,3.16,,,,,,180
2017-05-04,US.TSLA,SELL,134,19.69713636,-247.14,STOP_LOSS,atr_breakout,2017-05-01,5.52,,,,,,3
2017-05-17,US.COST,SELL,21,150.199289391,-8.56,ATR_TRAIL,atr_breakout,2017-04-26,6.31,,,,,,21
2017-05-18,US.MSFT,SELL,53,60.849856833,-3.23,ATR_TRAIL,atr_breakout,2017-04-24,6.45,,,,,,24
2017-05-19,US.XLI,SELL,5,56.606873905,3.4,ACTIVE_REPLACEMENT,boll_mr,2017-05-18,0.56,,US.QCOM,53.1,OBSERVATION_EVICT,,1
2017-05-24,US.ROST,SELL,4,56.471600775,1.35,ACTIVE_REPLACEMENT,boll_mr,2017-05-17,0.45,,US.INTU,40.84,OBSERVATION_EVICT,,7
2017-05-31,US.QCOM,SELL,79,44.547714105,-3.52,ATR_TRAIL,atr_breakout,2017-05-19,7.04,,,,,,12
2017-06-26,US.INTU,SELL,22,129.051474983,-2.84,ATR_TRAIL,atr_breakout,2017-05-24,5.68,,,,,,33
2017-06-27,US.FN,SELL,64,43.47,-179.42,STOP_LOSS,atr_breakout,2017-06-26,5.74,,,,,,1
2017-07-05,US.SBUX,SELL,87,47.583801569,-4.14,ATR_TRAIL,atr_breakout,2017-03-30,8.28,,,,,,97
2017-07-11,US.PEP,SELL,62,85.446377522,-5.3,ATR_TRAIL,atr_breakout,2017-04-12,10.6,,,,,,90
2017-07-14,US.GLW,SELL,27,24.614219691,11.53,ACTIVE_REPLACEMENT,atr_breakout,2017-06-28,1.32,,US.ASML,49.14,OBSERVATION_EVICT,,16
2017-07-18,US.TEAM,SELL,57,35.43,489.32,STRAT_EXIT,atr_breakout,2017-01-12,3.55,,,,,,187
2017-07-25,US.ISRG,SELL,49,104.989010448,741.93,STRAT_EXIT,atr_breakout,2017-04-19,9.54,,,,,,97
2017-07-27,US.NFLX,SELL,174,18.268,-19.19,ATR_TRAIL,atr_breakout,2017-07-18,6.37,,,,,,9
2017-08-02,US.ADP,SELL,36,94.770503614,-14.66,ATR_TRAIL,atr_breakout,2017-07-27,6.83,,,,,,6
2017-08-10,US.AAPL,SELL,96,36.177179442,-30.42,ATR_TRAIL,atr_breakout,2017-08-02,6.97,,,,,,8
2017-08-21,US.LRCX,SELL,449,13.909845998,906.25,STRAT_EXIT,atr_breakout,2017-04-19,11.58,,,,,,124
2017-08-23,US.AMAT,SELL,49,40.029667028,336.95,STRAT_EXIT,atr_breakout,2017-02-21,3.58,,,,,,183
2017-09-08,US.XAR,SELL,40,70.246526641,119.1,STRAT_EXIT,atr_breakout,2017-07-05,5.5,,,,,,65
2017-09-13,US.REGN,SELL,6,430.752233239,-2.58,ATR_TRAIL,atr_breakout,2017-05-04,5.17,,,,,,132
2017-09-13,US.EQIX,SELL,7,387.717114419,-20.04,ATR_TRAIL,atr_breakout,2017-08-23,5.45,,,,,,21
2017-09-14,US.OKTA,SELL,120,28.785,-185.25,STOP_LOSS,atr_breakout,2017-09-08,7.09,,,,,,6
2017-09-18,US.COST,SELL,27,143.339301086,-53.9,STRAT_EXIT,atr_breakout,2017-09-13,7.79,,,,,,5
2017-09-18,US.AMZN,SELL,48,48.7095,-63.32,STRAT_EXIT,atr_breakout,2017-09-13,4.74,,,,,,5
2017-09-20,US.NXPI,SELL,31,99.166006113,69.31,STRAT_EXIT,atr_breakout,2017-05-31,6.08,,,,,,112
2017-09-20,US.MNST,SELL,146,27.69,-4.04,ATR_TRAIL,atr_breakout,2017-08-22,8.09,,,,,,29
2017-09-21,US.TSLA,SELL,135,24.43175568,-103.74,STRAT_EXIT,atr_breakout,2017-09-14,6.7,,,,,,7
2017-09-21,US.NVDA,SELL,858,4.3965409575,-202.31,STOP_LOSS,atr_breakout,2017-09-18,7.74,,,,,,3
2017-09-27,US.GLD,SELL,28,121.98,-9.86,ATR_TRAIL,atr_breakout,2017-08-10,6.84,,,,,,48
2017-09-27,US.KLAC,SELL,360,8.811615001,-3.17,ATR_TRAIL,atr_breakout,2017-09-18,6.34,,,,,,9
2017-09-27,US.HON,SELL,27,115.312203455,-33.81,STRAT_EXIT,atr_breakout,2017-09-21,6.26,,,,,,6
2017-09-28,US.HWM,SELL,150,25.58801968,-117.42,STRAT_EXIT,atr_breakout,2017-09-21,7.79,,,,,,7
2017-09-29,US.MU,SELL,82,37.021902415,-3.04,ATR_TRAIL,atr_breakout,2017-09-28,6.07,,,,,,1
2017-10-02,US.XAR,SELL,47,75.577104452,-3.55,ATR_TRAIL,atr_breakout,2017-09-27,7.1,,,,,,5
2017-10-23,US.COPX,SELL,228,22.068022393,856.15,STRAT_EXIT,atr_breakout,2017-07-11,9.2,,,,,,104
2017-10-25,US.STM,SELL,184,19.183752153,-3.53,ATR_TRAIL,atr_breakout,2017-10-23,7.06,,,,,,2
2017-11-08,US.ROST,SELL,48,58.536980757,-45.68,STRAT_EXIT,atr_breakout,2017-09-27,5.66,,,,,,42
2017-11-09,US.SNPS,SELL,30,85.69,-2.57,ATR_TRAIL,atr_breakout,2017-10-25,5.14,,,,,,15
2017-11-10,US.PPA,SELL,64,48.786215113,-3.12,ATR_TRAIL,atr_breakout,2017-10-02,6.24,,,,,,39
2017-11-14,US.URA,SELL,306,10.50247755825,-172.36,STOP_LOSS,atr_breakout,2017-11-09,6.6,,,,,,5
2017-11-15,US.XLI,SELL,52,60.649189478,-8.99,ATR_TRAIL,atr_breakout,2017-09-20,6.31,,,,,,56
2017-11-20,US.MNST,SELL,108,30.58,-3.3,ATR_TRAIL,atr_breakout,2017-11-10,6.61,,,,,,10
2017-11-24,US.CTAS,SELL,136,34.008988508,160.06,STRAT_EXIT,atr_breakout,2017-09-27,9.09,,,,,,58
2017-11-27,US.LSCC,SELL,560,6.08,-182.6,STOP_LOSS,atr_breakout,2017-11-08,6.99,,,,,,19
2017-11-29,US.AMAT,SELL,64,47.368136199,-3.03,ATR_TRAIL,atr_breakout,2017-09-29,6.06,,,,,,61
2017-11-29,US.OKTA,SELL,113,29.41,-214.63,STOP_LOSS,atr_breakout,2017-11-24,6.86,,,,,,5
2017-12-04,US.ISRG,SELL,19,123.3154335,-216.09,STOP_LOSS,atr_breakout,2017-11-27,4.9,,,,,,7
2017-12-04,US.ORLY,SELL,218,15.754666745,-3.43,ATR_TRAIL,atr_breakout,2017-11-29,6.87,,,,,,5
2017-12-07,US.CMCSA,SELL,105,27.930466638,-191.02,STOP_LOSS,atr_breakout,2017-12-04,6.05,,,,,,3
2017-12-11,US.DXCM,SELL,45,14.6125,-35.31,STOP_LOSS,atr_breakout,2017-12-08,1.35,,,,,,3
2017-12-14,US.MRVL,SELL,160,20.468235955,-3.27,ATR_TRAIL,atr_breakout,2017-11-20,6.55,,,,,,24
2017-12-19,US.TXN,SELL,9,82.222374397,26.63,ACTIVE_REPLACEMENT,atr_breakout,2017-12-14,1.45,,US.AA,46.76,OBSERVATION_EVICT,,5
2017-12-29,US.TTWO,SELL,61,109.78,2906.05,STRAT_EXIT,atr_breakout,2017-04-20,10.48,,,,,,253
2017-12-29,US.ASML,SELL,28,154.068390143,892.25,STRAT_EXIT,atr_breakout,2017-07-14,7.73,,,,,,168
2018-01-02,US.SLV,SELL,54,16.21,11.0,ACTIVE_REPLACEMENT,atr_breakout,2017-12-29,1.74,,US.ON,44.46,OBSERVATION_EVICT,,4
2018-01-03,US.ON,SELL,178,21.81,-3.88,ATR_TRAIL,atr_breakout,2018-01-02,7.76,,,,,,1
2018-01-31,US.CDNS,SELL,97,44.86,792.99,STRAT_EXIT,atr_breakout,2017-07-25,7.91,,,,,,190
2018-02-01,US.TTWO,SELL,31,120.3365,-200.07,STOP_LOSS,atr_breakout,2018-01-31,7.66,,,,,,1
2018-02-05,US.PEP,SELL,37,87.889016035,-17.53,ATR_TRAIL,atr_breakout,2017-11-14,6.52,,,,,,83
2018-02-05,US.ORLY,SELL,233,16.432666748,-64.41,ATR_TRAIL,atr_breakout,2017-12-04,7.72,,,,,,63
2018-02-05,US.NVDA,SELL,743,5.24650025,-3.9,ATR_TRAIL,atr_breakout,2018-01-03,7.8,,,,,,33
2018-02-05,US.IDXX,SELL,20,180.39,-274.81,STOP_LOSS,atr_breakout,2018-02-01,7.49,,,,,,4
2018-02-06,US.COST,SELL,27,158.613738048,-4.28,ATR_TRAIL,atr_breakout,2017-11-29,8.57,,,,,,69
2018-02-08,US.AA,SELL,75,43.777198528,-41.84,ATR_TRAIL,atr_breakout,2017-12-19,6.61,,,,,,51
2018-03-01,US.GLD,SELL,39,123.65,-4.82,ATR_TRAIL,atr_breakout,2017-12-29,9.64,,,,,,62
2018-03-01,US.OKTA,SELL,35,36.4,-77.92,STOP_LOSS,atr_breakout,2018-02-28,2.62,,,,,,1
2018-03-05,US.NFLX,SELL,52,30.105,-1.57,ATR_TRAIL,atr_breakout,2018-03-02,3.13,,,,,,3
2018-03-06,US.PANW,SELL,26,30.536361116,11.99,ACTIVE_REPLACEMENT,atr_breakout,2018-03-05,1.58,,US.LRCX,51.61,OBSERVATION_EVICT,,1
2018-03-13,US.NFLX,SELL,171,31.5,-5.39,ATR_TRAIL,atr_breakout,2018-03-05,10.77,,,,,,8
2018-03-14,US.TEAM,SELL,25,59.98,43.75,ACTIVE_REPLACEMENT,atr_breakout,2018-03-02,2.95,,US.COHR,47.16,OBSERVATION_EVICT,,12
2018-03-19,US.WDAY,SELL,6,131.6,-8.71,ATR_TRAIL,atr_breakout,2018-03-05,1.59,,,,,,14
2018-03-21,US.DXCM,SELL,54,16.2275,-0.88,ATR_TRAIL,atr_breakout,2018-03-13,1.75,,,,,,8
2018-03-22,US.COHR,SELL,90,44.8,-4.03,ATR_TRAIL,atr_breakout,2018-03-14,8.06,,,,,,8
2018-03-23,US.VRTX,SELL,18,160.93,-223.04,STOP_LOSS,atr_breakout,2018-03-05,6.01,,,,,,18
2018-03-23,US.LRCX,SELL,191,18.029517741,-95.31,ATR_TRAIL,atr_breakout,2018-03-06,6.98,,,,,,17
2018-03-27,US.MU,SELL,132,50.744193432,-6.7,ATR_TRAIL,atr_breakout,2018-03-05,13.4,,,,,,22
2018-03-28,US.BKNG,SELL,95,79.669262447,-7.57,ATR_TRAIL,atr_breakout,2018-02-28,15.14,,,,,,28
2018-03-28,US.FANG,SELL,9,96.126579203,-60.45,STOP_LOSS,atr_breakout,2018-03-26,1.79,,,,,,2
2018-04-02,US.GLD,SELL,29,127.26,-13.84,STRAT_EXIT,atr_breakout,2018-03-23,7.39,,,,,,10
2018-04-03,US.GDX,SELL,45,20.087752245,-22.77,STRAT_EXIT,atr_breakout,2018-03-26,1.83,,,,,,8
2018-04-06,US.ROST,SELL,55,71.400605053,-122.0,STRAT_EXIT,atr_breakout,2018-04-05,7.97,,,,,,1
2018-04-10,US.PANW,SELL,205,31.096355512849996,-341.89,STOP_LOSS,atr_breakout,2018-04-05,13.09,,,,,,5
2018-04-13,US.VRSK,SELL,12,100.227221534,-13.18,STRAT_EXIT,atr_breakout,2018-04-10,2.42,,,,,,3
2018-04-17,US.BKR,SELL,37,26.84144195,19.59,ACTIVE_REPLACEMENT,atr_breakout,2018-04-12,1.97,,US.NFLX,45.81,OBSERVATION_EVICT,,5
2018-04-18,US.AA,SELL,25,56.55427561,207.57,ACTIVE_REPLACEMENT,atr_breakout,2018-04-09,2.62,,US.ISRG,41.07,OBSERVATION_EVICT,,9
2018-04-20,US.GDX,SELL,186,20.821216499,-10.69,STRAT_EXIT,atr_breakout,2018-04-11,7.75,,,,,,9
2018-04-23,US.COST,SELL,25,173.210341878,-31.88,STRAT_EXIT,atr_breakout,2018-04-16,8.69,,,,,,7
2018-04-23,US.NFLX,SELL,112,31.869,-198.11,STOP_LOSS,atr_breakout,2018-04-17,7.33,,,,,,6
2018-04-23,US.ISRG,SELL,21,149.158008405,-167.99,STOP_LOSS,atr_breakout,2018-04-18,6.43,,,,,,5
2018-04-24,US.CSCO,SELL,117,34.600815509,774.3,STRAT_EXIT,atr_breakout,2017-11-16,7.32,,,,,,159
2018-04-24,US.FTNT,SELL,427,11.214,-18.45,ATR_TRAIL,atr_breakout,2018-04-10,9.59,,,,,,14
2018-04-24,US.LMT,SELL,13,265.756005224,-234.17,STOP_LOSS,atr_breakout,2018-04-23,7.14,,,,,,1
2018-04-25,US.OKTA,SELL,72,41.153999999999996,-158.92,STOP_LOSS,atr_breakout,2018-04-23,6.08,,,,,,2
2018-04-26,US.CIEN,SELL,39,25.5075,-53.35,STOP_LOSS,atr_breakout,2018-04-24,2.04,,,,,,2
2018-05-02,US.PEP,SELL,13,75.210583351,-54.78,STOP_LOSS,boll_mr,2018-04-23,2.01,,,,,,9
2018-05-04,US.GE,SELL,50,65.16297181925,-174.74,STOP_LOSS,atr_breakout,2018-04-20,6.69,,,,,,14
2018-05-15,US.MELI,SELL,7,288.664200464,-2.02,ATR_TRAIL,atr_breakout,2017-12-11,4.04,,,,,,155
2018-06-04,US.TTD,SELL,404,8.022,-3.24,ATR_TRAIL,atr_breakout,2018-05-15,6.48,,,,,,20
2018-06-06,US.GILD,SELL,62,51.706650042,-3.21,ATR_TRAIL,atr_breakout,2018-06-04,6.41,,,,,,2
2018-06-14,US.URA,SELL,275,11.1759888353,-164.83,STOP_LOSS,atr_breakout,2018-06-06,6.31,,,,,,8
2018-06-18,US.CMCSA,SELL,127,24.248486113,-120.29,STRAT_EXIT,atr_breakout,2018-06-14,6.28,,,,,,4
2018-06-25,US.AAPL,SELL,82,42.922108061,-21.95,ATR_TRAIL,atr_breakout,2018-05-04,7.06,,,,,,52
2018-06-25,US.GOOG,SELL,54,55.25220480195,-160.02,STOP_LOSS,atr_breakout,2018-06-18,6.12,,,,,,7
2018-07-05,US.EQIX,SELL,8,368.280334422,-2.95,ATR_TRAIL,atr_breakout,2018-06-26,5.89,,,,,,9
2018-07-09,US.AEP,SELL,57,50.327508637,-9.99,ATR_TRAIL,atr_breakout,2018-06-25,5.74,,,,,,14
2018-07-16,US.CPRT,SELL,468,14.6075,2867.85,STRAT_EXIT,atr_breakout,2017-09-20,10.8,,,,,,299
2018-07-17,US.MELI,SELL,11,343.25,-3.78,ATR_TRAIL,atr_breakout,2018-07-16,7.55,,,,,,1
2018-07-23,US.MELI,SELL,10,359.8,-3.6,ATR_TRAIL,atr_breakout,2018-07-17,7.2,,,,,,6
2018-07-24,US.PEP,SELL,8,89.570981721,35.19,ACTIVE_REPLACEMENT,atr_breakout,2018-06-25,1.4,,US.GOOGL,52.64,OBSERVATION_EVICT,,29
2018-07-26,US.META,SELL,24,172.643922222,-4.14,ATR_TRAIL,atr_breakout,2018-04-26,8.29,,,,,,91
2018-07-27,US.GOOGL,SELL,61,62.093897443,-19.69,ATR_TRAIL,atr_breakout,2018-07-24,7.59,,,,,,3
2018-07-27,US.CTAS,SELL,18,47.206437708,-1.22,ATR_TRAIL,atr_breakout,2018-07-23,1.7,,,,,,4
2018-08-08,US.EQIX,SELL,8,384.161887305,47.4,STRAT_EXIT,atr_breakout,2018-07-05,6.1,,,,,,34
2018-08-09,US.AMGN,SELL,20,152.150979659,-6.18,ATR_TRAIL,atr_breakout,2018-07-09,6.09,,,,,,31
2018-08-10,US.LRCX,SELL,238,15.894882462,-262.13,STOP_LOSS,atr_breakout,2018-07-27,7.82,,,,,,14
2018-08-16,US.CDNS,SELL,145,45.37,759.02,STRAT_EXIT,atr_breakout,2018-04-24,12.39,,,,,,114
2018-08-24,US.ROST,SELL,34,84.930585186,-2.89,ATR_TRAIL,atr_breakout,2018-08-08,5.78,,,,,,16
2018-09-05,US.CCJ,SELL,630,9.42371603,-5.94,ATR_TRAIL,atr_breakout,2018-04-03,11.87,,,,,,155
2018-09-07,US.TEAM,SELL,49,86.11,-4.22,ATR_TRAIL,atr_breakout,2018-08-24,8.44,,,,,,14
2018-09-07,US.XEL,SELL,118,38.215805772,-61.03,STRAT_EXIT,atr_breakout,2018-09-05,9.08,,,,,,2
2018-09-10,US.AVGO,SELL,288,18.769254422,-5.41,ATR_TRAIL,atr_breakout,2018-09-07,10.81,,,,,,3
2018-09-12,US.AVGO,SELL,233,18.455550342149998,-230.62,STOP_LOSS,atr_breakout,2018-09-10,8.83,,,,,,2
2018-09-18,US.OKTA,SELL,60,68.324,-219.86,STOP_LOSS,atr_breakout,2018-09-07,8.41,,,,,,11
2018-09-19,US.EXC,SELL,125,23.183916092,-2.9,ATR_TRAIL,atr_breakout,2018-08-09,5.8,,,,,,41
2018-09-27,US.CAT,SELL,31,129.495431448,-11.7,ATR_TRAIL,atr_breakout,2018-09-19,8.04,,,,,,8
2018-10-10,US.TTD,SELL,317,11.865,-297.94,STOP_LOSS,atr_breakout,2018-08-10,7.82,,,,,,61
2018-10-10,US.TMUS,SELL,69,63.717865888,-89.52,ATR_TRAIL,atr_breakout,2018-09-12,8.88,,,,,,28
2018-10-10,US.XAR,SELL,46,88.780049292,-305.78,STOP_LOSS,atr_breakout,2018-09-18,8.47,,,,,,22
2018-10-11,US.QQQ,SELL,125,160.825461412,7624.21,MA200_BREAK,core_etf,2016-06-30,32.56,,,,,,833
2018-10-11,US.CSCO,SELL,126,35.411244793,-78.97,ATR_TRAIL,atr_breakout,2018-08-16,9.0,,,,,,56
2018-10-11,US.CCJ,SELL,373,11.005658062,-4.11,ATR_TRAIL,atr_breakout,2018-09-27,8.21,,,,,,14
2018-10-22,US.GLD,SELL,81,115.71,-15.04,STRAT_EXIT,atr_breakout,2018-10-11,18.75,,,,,,11
2018-10-24,US.QCOM,SELL,75,51.219915031,-27.54,ATR_TRAIL,atr_breakout,2018-07-26,7.71,,,,,,90
2018-10-24,US.XLI,SELL,35,60.948544595,-143.73,STOP_LOSS,boll_mr,2018-10-12,4.41,,,,,,12
2018-10-24,US.PAYX,SELL,11,50.665662653,-36.17,STOP_LOSS,boll_mr,2018-10-12,1.15,,,,,,12
2018-10-24,US.QQQ,SELL,55,156.767488777,-479.1,MA200_BREAK,core_etf,2018-10-12,17.71,,,,,,12
2018-10-29,US.GDX,SELL,548,17.306547478099997,-508.64,STOP_LOSS,atr_breakout,2018-10-11,19.47,,,,,,18
2018-10-29,US.SPY,SELL,2,233.1531123277,-25.01,STOP_LOSS,boll_mr,2018-10-12,0.96,,,,,,17
2018-10-29,US.VOO,SELL,2,213.30502948954998,-22.88,STOP_LOSS,boll_mr,2018-10-12,0.88,,,,,,17
2018-10-29,US.CDNS,SELL,146,44.2,-393.35,STOP_LOSS,atr_breakout,2018-10-23,13.29,,,,,,6
2018-11-02,US.QQQ,SELL,76,160.61589475,-206.23,MA200_BREAK,core_etf,2018-11-01,24.61,,,,,,1
2018-11-08,US.KDP,SELL,275,22.856581988,-6.29,ATR_TRAIL,atr_breakout,2018-11-07,12.57,,,,,,1
2018-11-09,US.COHR,SELL,25,38.01,-207.2,STOP_LOSS,atr_breakout,2018-11-07,2.11,,,,,,2
2018-11-09,US.QQQ,SELL,3,162.654406825,-12.09,MA200_BREAK,core_etf,2018-11-07,0.99,,,,,,2
2018-11-12,US.WDAY,SELL,31,133.1,-349.47,STOP_LOSS,atr_breakout,2018-11-07,8.6,,,,,,5
2018-11-13,US.CSCO,SELL,29,36.213856869,-65.76,STOP_LOSS,atr_breakout,2018-11-07,2.17,,,,,,6
2018-11-14,US.CIEN,SELL,213,32.94,-388.29,STOP_LOSS,atr_breakout,2018-11-07,14.41,,,,,,7
2018-11-14,US.COST,SELL,24,210.63733106,-145.68,STRAT_EXIT,atr_breakout,2018-11-07,10.25,,,,,,7
2018-11-20,US.KDP,SELL,250,21.764628017,-452.15,STOP_LOSS,atr_breakout,2018-11-08,11.33,,,,,,12
2018-11-20,US.FAST,SELL,461,11.439171573,-50.98,ATR_TRAIL,atr_breakout,2018-11-14,10.59,,,,,,6
2018-11-21,US.XEL,SELL,104,40.163124258,-33.81,STRAT_EXIT,atr_breakout,2018-11-12,8.38,,,,,,9
2018-11-26,US.ORLY,SELL,306,23.39933345,1902.08,STRAT_EXIT,atr_breakout,2018-04-26,12.41,,,,,,214
2018-11-26,US.PDD,SELL,76,21.22,-147.53,STOP_LOSS,atr_breakout,2018-11-20,3.37,,,,,,6
2018-11-28,US.CTAS,SELL,31,42.662388193,-1.32,ATR_TRAIL,atr_breakout,2018-11-16,2.65,,,,,,12
2018-11-29,US.GLD,SELL,13,115.74,25.02,STRAT_EXIT,boll_mr,2018-11-13,2.98,,,,,,16
2018-12-03,US.AMGN,SELL,25,160.180874618,-4.0,ATR_TRAIL,atr_breakout,2018-11-28,8.01,,,,,,5
2018-12-04,US.PAYX,SELL,119,55.202918463,-153.5,STRAT_EXIT,atr_breakout,2018-11-28,13.29,,,,,,6
2018-12-06,US.VRSK,SELL,9,111.4374204442,-53.79,STOP_LOSS,atr_breakout,2018-11-09,2.06,,,,,,27
2018-12-06,US.CTAS,SELL,191,41.411858583,-470.93,STOP_LOSS,atr_breakout,2018-11-28,16.28,,,,,,8
2018-12-06,US.TEAM,SELL,43,83.9,-3.61,ATR_TRAIL,atr_breakout,2018-11-29,7.22,,,,,,7
2018-12-07,US.LSCC,SELL,1000,6.6405,-356.14,STOP_LOSS,atr_breakout,2018-12-06,13.63,,,,,,1
2018-12-07,US.ZS,SELL,29,40.39,-76.28,STOP_LOSS,atr_breakout,2018-12-06,2.42,,,,,,1
2018-12-07,US.OKTA,SELL,17,62.38,-78.75,STOP_LOSS,atr_breakout,2018-12-06,2.2,,,,,,1
2018-12-14,US.SBUX,SELL,173,54.6702861637,-507.25,STOP_LOSS,atr_breakout,2018-11-07,19.41,,,,,,37
2018-12-14,US.GDX,SELL,269,18.446625978,-24.69,STRAT_EXIT,atr_breakout,2018-12-07,9.94,,,,,,7
2018-12-14,US.GLD,SELL,35,117.06,-40.15,STRAT_EXIT,atr_breakout,2018-12-07,8.23,,,,,,7
2018-12-17,US.SMCI,SELL,756,1.5105,-61.24,STOP_LOSS,atr_breakout,2018-12-06,2.34,,,,,,11
2018-12-18,US.GDX,SELL,47,18.895872833,-0.89,ATR_TRAIL,atr_breakout,2018-12-17,1.78,,,,,,1
2018-12-19,US.REGN,SELL,13,357.745229282,-287.15,STOP_LOSS,atr_breakout,2018-12-03,9.58,,,,,,16
2018-12-19,US.GDX,SELL,207,18.290764824,-220.14,STOP_LOSS,atr_breakout,2018-12-18,7.79,,,,,,1
2018-12-20,US.AVGO,SELL,174,19.72252876525,-184.05,STOP_LOSS,atr_breakout,2018-12-12,7.04,,,,,,8
2018-12-21,US.EQIX,SELL,1,304.080703986,-18.24,STOP_LOSS,boll_mr,2018-12-18,0.63,,,,,,3
2018-12-24,US.EXC,SELL,155,23.807522619,-270.86,STOP_LOSS,atr_breakout,2018-12-04,7.65,,,,,,20
2019-01-08,US.VRT,SELL,999,9.748392504,-268.11,STRAT_EXIT,atr_breakout,2018-11-27,19.74,,,,,,42
2019-01-09,US.NFLX,SELL,33,31.995999999,72.83,ACTIVE_REPLACEMENT,atr_breakout,2019-01-04,2.04,,US.FN,59.1,OBSERVATION_EVICT,,5
2019-01-09,US.GDX,SELL,50,19.650244697,-8.36,ACTIVE_REPLACEMENT,atr_breakout,2019-01-03,1.97,,US.PDD,52.85,OBSERVATION_EVICT,,6
2019-01-14,US.FN,SELL,79,54.18,-10.6,ATR_TRAIL,atr_breakout,2019-01-09,8.57,,,,,,5
2019-01-14,US.PDD,SELL,116,24.262999999999998,-150.95,STOP_LOSS,atr_breakout,2019-01-09,5.78,,,,,,5
2019-01-16,US.EA,SELL,33,85.002331432,-2.81,ATR_TRAIL,atr_breakout,2019-01-07,5.61,,,,,,9
2019-01-17,US.SNPS,SELL,9,89.14,0.91,ACTIVE_REPLACEMENT,atr_breakout,2019-01-16,1.6,,US.FAST,54.22,OBSERVATION_EVICT,,1
2019-01-18,US.NFLX,SELL,123,33.690799999999996,-222.25,STOP_LOSS,atr_breakout,2019-01-15,8.51,,,,,,3
2019-01-23,US.CDNS,SELL,65,45.27,-2.94,ATR_TRAIL,atr_breakout,2019-01-15,5.89,,,,,,8
2019-01-24,US.GE,SELL,26,42.225121296,90.29,ACTIVE_REPLACEMENT,atr_breakout,2019-01-02,2.1,,US.ADI,52.35,OBSERVATION_EVICT,,22
2019-01-24,US.GLD,SELL,8,121.09,13.83,ACTIVE_REPLACEMENT,atr_breakout,2018-12-20,1.92,,US.LRCX,46.97,OBSERVATION_EVICT,,35
2019-02-06,US.QQQ,SELL,62,162.166128231,-40.26,MA200_BREAK,core_etf,2019-02-05,20.14,,,,,,1
2019-03-05,US.SLV,SELL,359,14.11,-5.07,ATR_TRAIL,atr_breakout,2018-12-26,10.13,,,,,,69
2019-03-07,US.QQQ,SELL,62,163.035449927,2.33,MA200_BREAK,core_etf,2019-02-14,20.2,,,,,,21
2019-03-07,US.VRT,SELL,186,9.917497272,-7.4,STRAT_EXIT,atr_breakout,2019-03-05,3.69,,,,,,2
2019-03-08,US.ROST,SELL,51,82.657179252,-4.22,ATR_TRAIL,atr_breakout,2019-01-07,8.43,,,,,,60
2019-03-13,US.XEL,SELL,17,45.178741582,14.55,ACTIVE_REPLACEMENT,atr_breakout,2019-03-07,1.52,,US.MELI,51.47,OBSERVATION_EVICT,,6
2019-03-15,US.MELI,SELL,4,482.5335,-103.52,STOP_LOSS,atr_breakout,2019-03-13,3.96,,,,,,2
2019-03-20,US.FAST,SELL,332,13.030145132,389.47,STRAT_EXIT,atr_breakout,2019-01-17,8.26,,,,,,62
2019-03-21,US.RTX,SELL,65,64.317251429,321.93,STRAT_EXIT,atr_breakout,2019-01-23,8.04,,,,,,57
2019-03-26,US.AAPL,SELL,57,44.16259177639999,-135.01,STOP_LOSS,atr_breakout,2019-03-21,5.17,,,,,,5
2019-03-27,US.ASML,SELL,13,164.68480677005,-114.82,STOP_LOSS,atr_breakout,2019-03-15,4.39,,,,,,12
2019-03-27,US.GOOG,SELL,40,57.63046129555,-123.63,STOP_LOSS,atr_breakout,2019-03-20,4.73,,,,,,7
2019-03-29,US.LRCX,SELL,227,16.305407922,392.62,STRAT_EXIT,atr_breakout,2019-01-24,7.01,,,,,,64
2019-04-01,US.ADP,SELL,4,138.27700442,17.47,ACTIVE_REPLACEMENT,atr_breakout,2019-03-27,1.09,,US.CDNS,49.06,OBSERVATION_EVICT,,5
2019-04-04,US.SNPS,SELL,18,115.15,-2.07,ATR_TRAIL,atr_breakout,2019-03-29,4.15,,,,,,6
2019-04-09,US.CTAS,SELL,91,47.676150299,415.68,STRAT_EXIT,atr_breakout,2019-01-18,8.26,,,,,,81
2019-04-22,US.ROST,SELL,29,90.890382633,-2.64,ATR_TRAIL,atr_breakout,2019-04-04,5.27,,,,,,18
2019-04-26,US.FANG,SELL,25,82.977323666,-79.55,STRAT_EXIT,atr_breakout,2019-04-22,4.23,,,,,,4
2019-05-02,US.BKR,SELL,179,18.987804561,-3.4,ATR_TRAIL,atr_breakout,2019-01-08,6.8,,,,,,114
2019-05-03,US.IDXX,SELL,2,250.47,15.76,ACTIVE_REPLACEMENT,atr_breakout,2019-05-02,0.99,,US.MELI,48.11,OBSERVATION_EVICT,,1
2019-05-07,US.MELI,SELL,5,539.41,-200.35,STOP_LOSS,atr_breakout,2019-05-03,5.59,,,,,,4
2019-05-20,US.CDNS,SELL,41,64.62,-10.03,ATR_TRAIL,atr_breakout,2019-04-01,5.31,,,,,,49
2019-05-20,US.TEAM,SELL,23,124.55,-16.2,ATR_TRAIL,atr_breakout,2019-05-09,5.74,,,,,,11
2019-05-31,US.TMUS,SELL,31,70.230227688,-145.96,STOP_LOSS,atr_breakout,2019-05-20,4.5,,,,,,11
2019-06-03,US.QQQ,SELL,75,162.079972353,-320.25,MA200_BREAK,core_etf,2019-03-11,24.62,,,,,,84
2019-07-09,US.MNST,SELL,96,32.38,242.17,STRAT_EXIT,atr_breakout,2019-04-26,5.97,,,,,,74
2019-07-18,US.AMZN,SELL,29,98.895,-17.95,ATR_TRAIL,atr_breakout,2019-07-09,5.75,,,,,,9
2019-07-22,US.KLAC,SELL,240,12.238103548,-2.94,ATR_TRAIL,atr_breakout,2019-07-18,5.87,,,,,,4
2019-07-25,US.AMAT,SELL,61,47.436622553,-2.89,ATR_TRAIL,atr_breakout,2019-07-22,5.79,,,,,,3
2019-08-02,US.CIEN,SELL,48,42.81,-136.93,STOP_LOSS,atr_breakout,2019-07-25,4.24,,,,,,8
2019-08-23,US.COST,SELL,18,248.720228417,760.23,STRAT_EXIT,atr_breakout,2019-03-08,8.19,,,,,,168
2019-09-09,US.VRSK,SELL,21,152.866978286,572.21,STRAT_EXIT,atr_breakout,2019-03-26,5.84,,,,,,167
2019-09-13,US.SLV,SELL,145,16.31,-8.16,ATR_TRAIL,atr_breakout,2019-08-23,4.74,,,,,,21
2019-09-19,US.ADI,SELL,43,102.947526403,858.94,STRAT_EXIT,atr_breakout,2019-01-24,7.99,,,,,,238
2019-09-20,US.COPX,SELL,355,15.6266555,-129.51,STRAT_EXIT,atr_breakout,2019-09-13,11.22,,,,,,7
2019-09-23,US.TMUS,SELL,15,76.465264242,-16.07,STRAT_EXIT,atr_breakout,2019-09-19,2.31,,,,,,4
2019-09-24,US.EMR,SELL,118,54.969952137,-6.49,ATR_TRAIL,atr_breakout,2019-09-09,12.97,,,,,,15
2019-09-26,US.ISRG,SELL,6,181.0948557,2.57,ACTIVE_REPLACEMENT,atr_breakout,2019-09-24,2.17,,US.TSM,46.94,OBSERVATION_EVICT,,2
2019-09-30,US.AEP,SELL,67,72.826178843,-53.97,STRAT_EXIT,atr_breakout,2019-09-24,9.81,,,,,,6
2019-10-02,US.CTAS,SELL,41,60.302540517,302.48,STRAT_EXIT,atr_breakout,2019-05-21,4.64,,,,,,134
2019-10-07,US.DLR,SELL,11,102.072391626,-14.69,STRAT_EXIT,atr_breakout,2019-09-30,2.26,,,,,,7
2019-10-11,US.HON,SELL,3,142.410149111,5.11,ACTIVE_REPLACEMENT,boll_mr,2019-10-03,0.85,,US.AAPL,55.17,OBSERVATION_EVICT,,8
2019-10-11,US.WDAY,SELL,7,180.44,16.94,ACTIVE_REPLACEMENT,atr_breakout,2019-10-07,2.51,,US.ASML,55.11,OBSERVATION_EVICT,,4
2019-10-16,US.ASML,SELL,20,234.386007403,-110.95,ATR_TRAIL,atr_breakout,2019-10-11,9.48,,,,,,5
2019-10-24,US.ALGN,SELL,5,249.47,188.3,ACTIVE_REPLACEMENT,atr_breakout,2019-10-16,2.31,,US.AMAT,44.53,OBSERVATION_EVICT,,8
2019-10-30,US.AMAT,SELL,93,51.727328483,-4.81,ATR_TRAIL,atr_breakout,2019-10-24,9.62,,,,,,6
2019-11-04,US.GDX,SELL,148,25.364668577,805.15,STRAT_EXIT,atr_breakout,2019-05-31,6.7,,,,,,157
2019-11-04,US.EQIX,SELL,12,478.796952121,-413.08,STOP_LOSS,atr_breakout,2019-09-23,11.9,,,,,,42
2019-11-05,US.AVGO,SELL,222,25.864593283,-5.74,ATR_TRAIL,atr_breakout,2019-11-04,11.48,,,,,,1
2019-11-07,US.GLD,SELL,15,137.79,-2.07,ATR_TRAIL,atr_breakout,2019-08-05,4.13,,,,,,94
2019-11-14,US.MRVL,SELL,177,26.011272462,-4.6,ATR_TRAIL,atr_breakout,2019-11-04,9.21,,,,,,10
2019-11-15,US.HWM,SELL,174,29.762266454,-5.18,ATR_TRAIL,atr_breakout,2019-11-14,10.36,,,,,,1
2019-11-19,US.SBUX,SELL,43,72.347052154,394.19,STRAT_EXIT,atr_breakout,2019-03-28,5.82,,,,,,236
2019-11-21,US.AMAT,SELL,89,53.197490675,-458.24,STOP_LOSS,atr_breakout,2019-11-15,9.92,,,,,,6
2019-12-02,US.CPRT,SELL,163,21.9625,-3.58,ATR_TRAIL,atr_breakout,2019-11-21,7.16,,,,,,11
2019-12-03,US.VRT,SELL,464,10.295496165,-4.78,ATR_TRAIL,atr_breakout,2019-12-02,9.55,,,,,,1
2019-12-06,US.AVGO,SELL,181,26.811747403,26.33,STRAT_EXIT,atr_breakout,2019-11-05,9.67,,,,,,31
2020-01-03,US.VRTX,SELL,22,215.0,-4.73,ATR_TRAIL,atr_breakout,2019-11-19,9.46,,,,,,45
2020-01-23,US.GE,SELL,99,56.848766347,793.19,STRAT_EXIT,atr_breakout,2019-10-30,10.46,,,,,,85
2020-01-29,US.STX,SELL,99,47.43733965,-303.14,STOP_LOSS,atr_breakout,2020-01-23,9.69,,,,,,6
2020-02-03,US.GE,SELL,79,59.217464945,-264.36,STOP_LOSS,atr_breakout,2020-01-29,9.62,,,,,,5
2020-02-05,US.TSLA,SELL,94,48.9795102,-288.48,STOP_LOSS,atr_breakout,2020-02-03,9.49,,,,,,2
2020-02-14,US.TSM,SELL,140,50.947483941,1546.1,STRAT_EXIT,atr_breakout,2019-09-26,12.71,,,,,,141
2020-02-24,US.CTAS,SELL,53,67.756890327,-43.22,ATR_TRAIL,atr_breakout,2020-02-05,7.22,,,,,,19
2020-02-24,US.NVDA,SELL,769,6.793331973,-320.83,STOP_LOSS,atr_breakout,2020-02-14,10.76,,,,,,10
2020-02-25,US.LMT,SELL,13,331.90339404,-150.4,ATR_TRAIL,atr_breakout,2020-01-03,8.78,,,,,,53
2020-03-06,US.VRT,SELL,463,9.80907127385,-243.57,STOP_LOSS,atr_breakout,2019-12-03,9.32,,,,,,94
2020-03-09,US.QQQ,SELL,74,185.709281728,1395.59,MA200_BREAK,core_etf,2019-06-04,26.08,,,,,,279
2020-03-09,US.STM,SELL,198,22.251123161,-372.96,STOP_LOSS,atr_breakout,2019-12-06,9.18,,,,,,94
2020-03-11,US.QQQ,SELL,63,187.298510934,-551.24,MA200_BREAK,core_etf,2020-03-10,24.14,,,,,,1
2020-03-12,US.AAPL,SELL,100,59.923591549,314.7,ATR_TRAIL,atr_breakout,2019-10-11,11.66,,,,,,153
2020-03-16,US.OKTA,SELL,22,92.65,-2.04,ATR_TRAIL,atr_breakout,2019-04-09,4.08,,,,,,342
2020-04-13,US.EQIX,SELL,2,580.15921459215,-62.23,STOP_LOSS,atr_breakout,2020-04-09,2.38,,,,,,4
2020-04-13,US.DLR,SELL,11,113.913590874,-68.75,STOP_LOSS,atr_breakout,2020-04-09,2.57,,,,,,4
2020-04-15,US.SCCO,SELL,78,20.865845216,-128.47,STOP_LOSS,atr_breakout,2020-04-09,3.38,,,,,,6
2020-04-15,US.EXC,SELL,75,21.093939686,-92.16,STOP_LOSS,atr_breakout,2020-04-09,3.25,,,,,,6
2020-04-15,US.LIN,SELL,9,162.41317461135,-78.39,STOP_LOSS,atr_breakout,2020-04-09,3.0,,,,,,6
2020-04-21,US.COPX,SELL,593,11.110106832149999,-353.34,STOP_LOSS,atr_breakout,2020-04-09,13.52,,,,,,12
2020-04-21,US.ZS,SELL,57,65.18,-276.18,STOP_LOSS,atr_breakout,2020-04-15,7.7,,,,,,6
2020-04-23,US.PDD,SELL,27,49.17,-81.79,STOP_LOSS,atr_breakout,2020-04-22,2.74,,,,,,1
2020-04-28,US.META,SELL,7,181.317752719,3.1,ACTIVE_REPLACEMENT,atr_breakout,2020-04-22,2.53,,US.ROK,58.2,OBSERVATION_EVICT,,6
2020-04-29,US.SBUX,SELL,25,66.776363598,63.06,ACTIVE_REPLACEMENT,atr_breakout,2020-04-09,3.27,,US.LSCC,47.85,OBSERVATION_EVICT,,20
2020-04-30,US.BE,SELL,187,7.5525,-75.74,STOP_LOSS,atr_breakout,2020-04-22,2.9,,,,,,8
2020-05-01,US.ROK,SELL,24,164.669870386,-282.47,STOP_LOSS,atr_breakout,2020-04-28,8.18,,,,,,3
2020-05-01,US.LSCC,SELL,177,20.8,-270.95,STOP_LOSS,atr_breakout,2020-04-29,7.63,,,,,,2
2020-05-04,US.COHR,SELL,42,30.97,-1.3,ATR_TRAIL,atr_breakout,2020-04-24,2.6,,,,,,10
2020-05-13,US.CCJ,SELL,526,10.073001034,-325.47,STOP_LOSS,atr_breakout,2020-05-04,10.92,,,,,,9
2020-05-27,US.TEAM,SELL,20,163.13,-3.26,ATR_TRAIL,atr_breakout,2020-05-04,6.53,,,,,,23
2020-06-11,US.PCAR,SELL,118,39.337134486,-163.25,ATR_TRAIL,atr_breakout,2020-05-27,9.44,,,,,,15
2020-06-26,US.SMCI,SELL,1471,2.812,-470.44,STOP_LOSS,atr_breakout,2020-06-15,8.74,,,,,,11
2020-07-02,US.ASTS,SELL,444,10.15,-4.51,ATR_TRAIL,atr_breakout,2020-06-29,9.01,,,,,,3
2020-07-24,US.ASTS,SELL,440,10.2,-13.29,ATR_TRAIL,atr_breakout,2020-07-02,8.98,,,,,,22
2020-10-15,US.META,SELL,23,264.398179462,1407.73,STRAT_EXIT,atr_breakout,2020-04-30,10.75,,,,,,168
2020-10-16,US.MELI,SELL,1,1271.38,373.68,ACTIVE_REPLACEMENT,atr_breakout,2020-06-12,2.17,,US.TEAM,57.41,OBSERVATION_EVICT,,126
2020-10-21,US.GDX,SELL,252,37.053698092,2556.61,STRAT_EXIT,atr_breakout,2020-04-09,16.11,,,,,,195
2020-10-26,US.COPX,SELL,294,19.20756291,-124.21,STRAT_EXIT,atr_breakout,2020-10-21,11.41,,,,,,5
2020-10-30,US.TEAM,SELL,23,191.62,-368.5,STOP_LOSS,atr_breakout,2020-10-16,9.18,,,,,,14
2020-10-30,US.COHR,SELL,23,44.3365,-54.69,STOP_LOSS,atr_breakout,2020-10-15,2.09,,,,,,15
2020-11-17,US.SLV,SELL,248,22.74,1961.0,STRAT_EXIT,atr_breakout,2020-05-14,9.31,,,,,,187
2020-12-04,US.AMZN,SELL,60,158.129,2971.64,STRAT_EXIT,atr_breakout,2020-04-13,15.99,,,,,,235
2020-12-10,US.MU,SELL,90,67.9511856423,-327.99,STOP_LOSS,atr_breakout,2020-12-04,12.55,,,,,,6
2020-12-21,US.SBUX,SELL,68,88.36738253854999,-322.27,STOP_LOSS,atr_breakout,2020-12-10,12.33,,,,,,11
2020-12-22,US.QUBT,SELL,270,13.6,-921.67,STOP_LOSS,atr_breakout,2020-12-21,8.26,,,,,,1
2020-12-28,US.CRWD,SELL,108,53.1375,-339.19,STOP_LOSS,atr_breakout,2020-12-22,11.81,,,,,,6
2021-01-04,US.ROST,SELL,52,109.71922429165,-305.99,STOP_LOSS,atr_breakout,2020-12-28,11.71,,,,,,7
2021-01-07,US.GLD,SELL,32,179.48,-96.94,STRAT_EXIT,atr_breakout,2021-01-04,11.58,,,,,,3
2021-01-11,US.AMAT,SELL,66,90.329832301,-5.96,ATR_TRAIL,atr_breakout,2021-01-07,11.92,,,,,,4
2021-01-12,US.BKR,SELL,105,20.132324444,772.16,ACTIVE_REPLACEMENT,atr_breakout,2020-10-30,3.45,,US.ANET,56.99,OBSERVATION_EVICT,,74
2021-01-15,US.CRWD,SELL,23,54.8775,-74.46,STOP_LOSS,atr_breakout,2021-01-11,2.6,,,,,,4
2021-02-22,US.ANET,SELL,309,18.26,-471.46,STOP_LOSS,atr_breakout,2021-01-12,11.75,,,,,,41
2021-03-23,US.CAT,SELL,31,198.494897515,-6.15,ATR_TRAIL,atr_breakout,2021-02-22,12.31,,,,,,29
2021-05-10,US.TTD,SELL,53,48.96,1246.24,ATR_TRAIL,atr_breakout,2020-04-23,3.94,,,,,,382
2021-06-01,US.PANW,SELL,116,60.057732389,1281.39,STRAT_EXIT,atr_breakout,2020-11-17,12.65,,,,,,196
2021-06-03,US.TSM,SELL,68,107.370527497,2792.98,STRAT_EXIT,atr_breakout,2020-07-24,11.8,,,,,,314
2021-06-03,US.AI,SELL,72,68.172,-263.24,STOP_LOSS,atr_breakout,2021-06-01,10.08,,,,,,2
2021-06-09,US.AMD,SELL,305,79.96,20996.21,STRAT_EXIT,atr_breakout,2018-04-26,27.75,,,,,,1140
2021-06-14,US.CIEN,SELL,116,58.2,-27.63,ATR_TRAIL,atr_breakout,2021-06-03,13.52,,,,,,11
2021-06-22,US.TSEM,SELL,206,27.24,1304.55,STRAT_EXIT,atr_breakout,2020-10-26,9.91,,,,,,239
2021-06-24,US.EQIX,SELL,11,704.280450826,-7.75,ATR_TRAIL,atr_breakout,2021-06-03,15.49,,,,,,21
2021-07-07,US.TSEM,SELL,344,27.14,-666.38,STOP_LOSS,atr_breakout,2021-06-24,19.33,,,,,,13
2021-07-20,US.XEL,SELL,113,58.115791016,296.98,STRAT_EXIT,atr_breakout,2021-03-23,12.83,,,,,,119
2021-07-23,US.QUBT,SELL,782,8.59,-405.54,STOP_LOSS,atr_breakout,2021-07-20,13.83,,,,,,3
2021-08-02,US.META,SELL,27,348.24239893559997,-504.27,STOP_LOSS,atr_breakout,2021-07-23,19.3,,,,,,10
2021-08-12,US.ON,SELL,229,43.4,-64.9,ATR_TRAIL,atr_breakout,2021-08-02,19.93,,,,,,10
2021-08-16,US.SCCO,SELL,143,49.514034265,1387.75,STRAT_EXIT,atr_breakout,2020-11-02,12.77,,,,,,287
2021-09-10,US.TSLA,SELL,90,245.4208791,18160.13,STRAT_EXIT,atr_breakout,2020-04-13,25.99,,,,,,515
2021-09-17,US.CCJ,SELL,414,22.183482227,-814.72,STOP_LOSS,atr_breakout,2021-09-10,19.17,,,,,,7
2021-09-20,US.FANG,SELL,50,64.21489525195,-172.2,STOP_LOSS,atr_breakout,2021-09-17,6.59,,,,,,3
2021-09-28,US.ORLY,SELL,241,40.870666871,-125.53,STRAT_EXIT,atr_breakout,2021-09-22,19.82,,,,,,6
2021-09-29,US.PLTR,SELL,401,24.52,-158.2,ATR_TRAIL,atr_breakout,2021-08-12,19.81,,,,,,48
2021-09-29,US.ONDS,SELL,809,9.04,-476.53,STOP_LOSS,atr_breakout,2021-09-28,15.1,,,,,,1
2021-10-04,US.ADBE,SELL,17,556.95,-9.47,ATR_TRAIL,atr_breakout,2021-06-14,18.94,,,,,,112
2021-10-04,US.IDXX,SELL,2,598.0724999999999,-64.15,STOP_LOSS,boll_mr,2021-09-29,2.46,,,,,,5
2021-10-13,US.RTX,SELL,41,79.951082614,-3.28,ATR_TRAIL,atr_breakout,2021-10-05,6.56,,,,,,8
2021-10-21,US.NFLX,SELL,157,63.480999999,-9.97,ATR_TRAIL,atr_breakout,2021-10-05,19.93,,,,,,16
2021-10-27,US.DXCM,SELL,157,139.635,19243.15,STRAT_EXIT,atr_breakout,2018-03-21,24.58,,,,,,1316
2021-10-27,US.DDOG,SELL,64,155.89,-9.98,ATR_TRAIL,atr_breakout,2021-10-13,19.95,,,,,,14
2021-10-28,US.ORLY,SELL,226,41.653333541,-588.73,STOP_LOSS,atr_breakout,2021-10-21,19.41,,,,,,7
2021-11-24,US.STM,SELL,215,46.503076539,-10.0,ATR_TRAIL,atr_breakout,2021-10-28,20.0,,,,,,27
2021-12-01,US.TTWO,SELL,21,160.35,-38.44,ATR_TRAIL,atr_breakout,2021-10-05,6.77,,,,,,57
2021-12-02,US.COST,SELL,19,496.5046397987,-505.94,STOP_LOSS,atr_breakout,2021-11-24,19.36,,,,,,8
2021-12-03,US.MSFT,SELL,32,310.738936316,-9.94,ATR_TRAIL,atr_breakout,2021-10-27,19.89,,,,,,37
2021-12-16,US.MRVL,SELL,121,82.149664304,-9.94,ATR_TRAIL,atr_breakout,2021-12-03,19.88,,,,,,13
2021-12-17,US.PAYX,SELL,35,107.764640019,281.07,STRAT_EXIT,atr_breakout,2021-10-01,7.26,,,,,,77
2021-12-20,US.FANG,SELL,46,80.881200482,-3.72,ATR_TRAIL,atr_breakout,2021-10-01,7.44,,,,,,80
2022-01-19,US.TSEM,SELL,116,37.45,-18.26,ATR_TRAIL,atr_breakout,2021-12-02,8.7,,,,,,48
2022-01-20,US.QQQ,SELL,64,351.389325632,10127.18,MA200_BREAK,core_etf,2020-04-08,34.83,,,,,,652
2022-01-20,US.GILD,SELL,162,57.647714022,-629.09,STOP_LOSS,atr_breakout,2021-12-16,19.3,,,,,,35
2022-01-21,US.AA,SELL,184,53.633976642,-111.7,ATR_TRAIL,atr_breakout,2021-12-21,19.84,,,,,,31
2022-01-24,US.ADI,SELL,14,140.360652611,-105.39,STOP_LOSS,boll_mr,2022-01-21,4.03,,,,,,3
2022-01-25,US.SLV,SELL,447,22.02,-166.29,STRAT_EXIT,atr_breakout,2022-01-19,19.84,,,,,,6
2022-01-28,US.MDLZ,SELL,89,57.52575082115,-274.58,STOP_LOSS,atr_breakout,2022-01-21,10.51,,,,,,7
2022-02-02,US.VRTX,SELL,21,245.66,-5.16,ATR_TRAIL,atr_breakout,2022-02-01,10.32,,,,,,1
2022-02-03,US.QQQ,SELL,35,343.452659729,-419.01,MA200_BREAK,core_etf,2022-02-01,24.45,,,,,,2
2022-02-04,US.VRTX,SELL,39,240.89149999999998,-503.86,STOP_LOSS,atr_breakout,2022-02-02,19.28,,,,,,2
2022-02-10,US.LMT,SELL,29,342.068512937,-54.7,ATR_TRAIL,atr_breakout,2022-01-25,19.88,,,,,,16
2022-02-11,US.DDOG,SELL,43,165.86999999999998,-382.52,STOP_LOSS,atr_breakout,2022-02-10,14.64,,,,,,1
2022-02-14,US.PEP,SELL,29,143.991920257,-4.18,ATR_TRAIL,atr_breakout,2021-12-06,8.35,,,,,,70
2022-02-14,US.SYM,SELL,214,9.86,8.59,STRAT_EXIT,boll_mr,2022-01-25,4.21,,,,,,20
2022-02-14,US.EXC,SELL,268,35.4036236242,-508.87,STOP_LOSS,atr_breakout,2022-02-03,19.48,,,,,,11
2022-02-15,US.BKR,SELL,378,25.12233778075,-509.3,STOP_LOSS,atr_breakout,2022-02-11,19.49,,,,,,4
2022-02-16,US.TTWO,SELL,57,166.09,-517.34,STOP_LOSS,atr_breakout,2022-02-04,19.44,,,,,,12
2022-02-16,US.BE,SELL,339,18.9335,-344.23,STOP_LOSS,atr_breakout,2022-02-15,13.17,,,,,,1
2022-02-22,US.AA,SELL,134,70.55906964455,-507.08,STOP_LOSS,atr_breakout,2022-02-16,19.41,,,,,,6
2022-02-22,US.COHR,SELL,135,70.091,-507.48,STOP_LOSS,atr_breakout,2022-02-16,19.42,,,,,,6
2022-02-23,US.VRSK,SELL,56,172.168920708,-225.8,ATR_TRAIL,atr_breakout,2021-07-07,19.5,,,,,,231
2022-02-23,US.TMUS,SELL,86,115.501183281,-9.93,ATR_TRAIL,atr_breakout,2022-02-03,19.87,,,,,,20
2022-02-24,US.SLV,SELL,216,22.31,-4.82,ATR_TRAIL,atr_breakout,2022-02-22,9.64,,,,,,2
2022-03-07,US.PANW,SELL,105,88.917443616,-643.53,STOP_LOSS,atr_breakout,2022-02-25,19.31,,,,,,10
2022-03-07,US.RTX,SELL,111,89.435190098,-9.93,ATR_TRAIL,atr_breakout,2022-02-25,19.85,,,,,,10
2022-03-07,US.PPA,SELL,138,74.521963014,325.01,STRAT_EXIT,atr_breakout,2022-02-25,20.23,,,,,,10
2022-03-09,US.BKR,SELL,316,29.9847257381,-508.17,STOP_LOSS,atr_breakout,2022-03-07,19.45,,,,,,2
2022-03-10,US.ASTS,SELL,584,9.290999999999999,-291.0,STOP_LOSS,atr_breakout,2022-03-09,11.14,,,,,,1
2022-03-14,US.GDX,SELL,274,34.59628820695,-508.39,STOP_LOSS,atr_breakout,2022-03-07,19.46,,,,,,7
2022-03-15,US.BKR,SELL,292,31.644544248,-743.26,STOP_LOSS,atr_breakout,2022-03-11,19.21,,,,,,4
2022-03-17,US.VRSK,SELL,10,189.755478494,-1.9,ATR_TRAIL,atr_breakout,2022-03-16,3.8,,,,,,1
2022-03-18,US.VRSK,SELL,46,196.532806642,-9.04,ATR_TRAIL,atr_breakout,2022-03-17,18.08,,,,,,1
2022-03-21,US.ORLY,SELL,48,45.698000228,-35.38,STRAT_EXIT,atr_breakout,2022-03-15,4.42,,,,,,6
2022-03-21,US.CTAS,SELL,78,93.529801879,-7.3,ATR_TRAIL,atr_breakout,2022-03-16,14.59,,,,,,5
2022-03-28,US.CCJ,SELL,149,27.535696388649995,-220.04,STOP_LOSS,atr_breakout,2022-03-21,8.42,,,,,,7
2022-04-04,US.TSLA,SELL,14,363.9430272,-5.1,ATR_TRAIL,atr_breakout,2022-03-28,10.19,,,,,,7
2022-04-11,US.INTU,SELL,13,460.139852398,-405.52,STOP_LOSS,atr_breakout,2022-04-04,12.36,,,,,,7
2022-04-19,US.GLD,SELL,26,181.82,179.35,STRAT_EXIT,atr_breakout,2022-02-14,9.27,,,,,,64
2022-04-26,US.VRSK,SELL,45,202.193526284,-9.1,ATR_TRAIL,atr_breakout,2022-03-18,18.2,,,,,,39
2022-04-29,US.REGN,SELL,6,651.032841567,-3.91,ATR_TRAIL,atr_breakout,2022-03-14,7.81,,,,,,46
2022-04-29,US.ROST,SELL,71,95.171181356,-6.76,ATR_TRAIL,atr_breakout,2022-04-11,13.51,,,,,,18
2022-05-02,US.AEP,SELL,119,83.358172925,-9.92,ATR_TRAIL,atr_breakout,2022-03-07,19.84,,,,,,56
2022-05-10,US.RSP,SELL,6,132.0650444109,-42.5,STOP_LOSS,boll_mr,2022-04-27,1.63,,,,,,13
2022-05-27,US.AMGN,SELL,11,225.298114948,19.37,ACTIVE_REPLACEMENT,atr_breakout,2022-05-25,4.93,,US.CEG,58.67,OBSERVATION_EVICT,,2
2022-05-27,US.GILD,SELL,46,55.791002124,-10.88,ACTIVE_REPLACEMENT,atr_breakout,2022-05-25,5.14,,US.KLAC,56.77,OBSERVATION_EVICT,,2
2022-05-31,US.LMT,SELL,27,395.745483402,862.06,STRAT_EXIT,atr_breakout,2022-02-25,20.5,,,,,,95
2022-05-31,US.CEG,SELL,85,60.196642971,-377.66,STOP_LOSS,atr_breakout,2022-05-27,10.61,,,,,,4
2022-06-01,US.REGN,SELL,3,650.9594477577999,-104.74,STOP_LOSS,atr_breakout,2022-05-25,4.01,,,,,,7
2022-06-01,US.NXPI,SELL,35,168.90611363074999,-317.05,STOP_LOSS,atr_breakout,2022-05-26,12.13,,,,,,6
2022-06-01,US.KLAC,SELL,154,33.924441594,-280.19,STOP_LOSS,atr_breakout,2022-05-27,10.72,,,,,,5
2022-06-02,US.AMGN,SELL,10,215.27417586085,-115.45,STOP_LOSS,atr_breakout,2022-05-31,4.42,,,,,,2
2022-06-03,US.CMCSA,SELL,61,34.686207994,-61.26,STRAT_EXIT,atr_breakout,2022-05-26,4.29,,,,,,8
2022-06-07,US.TSEM,SELL,208,47.88,158.52,STRAT_EXIT,atr_breakout,2022-02-15,19.75,,,,,,112
2022-06-07,US.AMD,SELL,40,103.1605,-221.31,STOP_LOSS,atr_breakout,2022-06-02,8.47,,,,,,5
2022-06-08,US.LIN,SELL,25,307.986276629,-115.02,STRAT_EXIT,atr_breakout,2022-06-02,15.51,,,,,,6
2022-06-09,US.PCAR,SELL,49,50.403399689,-16.78,STRAT_EXIT,atr_breakout,2022-06-01,4.95,,,,,,8
2022-06-09,US.RTX,SELL,108,89.290977802,-319.6,STRAT_EXIT,atr_breakout,2022-06-07,19.6,,,,,,2
2022-06-09,US.URA,SELL,276,19.4419314785,-287.79,STOP_LOSS,atr_breakout,2022-06-07,11.01,,,,,,2
2022-06-09,US.SYM,SELL,244,11.62,-2064.64,STOP_LOSS,atr_breakout,2022-06-08,7.73,,,,,,1
2022-06-10,US.BKR,SELL,66,31.98485695505,-113.22,STOP_LOSS,atr_breakout,2022-05-26,4.33,,,,,,15
2022-06-10,US.CRDO,SELL,308,12.293,-203.06,STOP_LOSS,atr_breakout,2022-06-02,7.77,,,,,,8
2022-06-13,US.FANG,SELL,44,123.07814955,-5.42,ATR_TRAIL,atr_breakout,2022-05-26,10.83,,,,,,18
2022-06-13,US.EA,SELL,15,126.08532968,-144.84,STOP_LOSS,atr_breakout,2022-05-26,3.93,,,,,,18
2022-06-15,US.QUBT,SELL,873,2.505,-2.19,ATR_TRAIL,atr_breakout,2022-06-03,4.37,,,,,,12
2022-06-24,US.VRTX,SELL,27,283.5,-7.65,ATR_TRAIL,atr_breakout,2022-06-23,15.31,,,,,,1
2022-06-27,US.PLTR,SELL,392,9.62,-227.21,STOP_LOSS,atr_breakout,2022-06-24,7.77,,,,,,3
2022-06-28,US.VRTX,SELL,26,276.17,-433.06,STOP_LOSS,atr_breakout,2022-06-24,14.79,,,,,,4
2022-06-28,US.CRWD,SELL,52,43.5475,-142.66,STOP_LOSS,atr_breakout,2022-06-24,4.67,,,,,,4
2022-06-28,US.TEAM,SELL,11,192.6,-142.04,STOP_LOSS,atr_breakout,2022-06-24,4.38,,,,,,4
2022-07-05,US.SNOW,SELL,19,143.11,-2.72,ATR_TRAIL,atr_breakout,2022-06-23,5.44,,,,,,12
2022-07-11,US.MDLZ,SELL,46,55.792034809,-46.25,STRAT_EXIT,atr_breakout,2022-07-01,5.18,,,,,,10
2022-07-11,US.DXCM,SELL,65,77.824,-271.3,STOP_LOSS,atr_breakout,2022-07-07,10.38,,,,,,4
2022-07-12,US.PEP,SELL,17,148.6481778,-0.89,STRAT_EXIT,atr_breakout,2022-07-01,5.05,,,,,,11
2022-07-12,US.TEAM,SELL,9,192.67,-191.63,STOP_LOSS,atr_breakout,2022-07-07,3.66,,,,,,5
2022-07-13,US.VRSK,SELL,50,169.963008051,-174.37,STRAT_EXIT,atr_breakout,2022-07-06,17.16,,,,,,7
2022-07-13,US.COST,SELL,4,469.432622432,-3.52,STRAT_EXIT,atr_breakout,2022-07-06,3.76,,,,,,7
2022-07-18,US.CTAS,SELL,21,91.314438099,-43.41,STRAT_EXIT,atr_breakout,2022-07-14,3.88,,,,,,4
2022-07-22,US.MNST,SELL,201,47.29,-9.51,ATR_TRAIL,atr_breakout,2022-06-24,19.01,,,,,,28
2022-07-22,US.QBTS,SELL,1002,9.98,-10.0,ATR_TRAIL,atr_breakout,2022-07-14,20.0,,,,,,8
2022-07-26,US.COST,SELL,14,488.230145873,-6.97,ATR_TRAIL,atr_breakout,2022-07-14,13.67,,,,,,12
2022-07-27,US.JEPI,SELL,50,40.187838568,17.28,ACTIVE_REPLACEMENT,atr_breakout,2022-07-22,4.0,,US.SNPS,52.64,OBSERVATION_EVICT,,5
2022-07-28,US.PDD,SELL,46,50.35,-2.32,ATR_TRAIL,atr_breakout,2022-05-31,4.63,,,,,,58
2022-07-28,US.QBTS,SELL,751,8.72,-967.83,STOP_LOSS,atr_breakout,2022-07-22,14.06,,,,,,6
2022-07-28,US.CMCSA,SELL,58,32.056976114,-152.36,STOP_LOSS,atr_breakout,2022-07-22,3.87,,,,,,6
2022-07-29,US.QCOM,SELL,48,129.672566538,-6.22,ATR_TRAIL,atr_breakout,2022-07-14,12.45,,,,,,15
2022-08-17,US.GLD,SELL,5,164.35,9.78,STRAT_EXIT,boll_mr,2022-07-07,1.63,,,,,,41
2022-08-26,US.SNPS,SELL,24,353.54,-8.48,ATR_TRAIL,atr_breakout,2022-07-27,16.97,,,,,,30
2022-08-29,US.ADI,SELL,54,145.809937426,-110.53,ATR_TRAIL,atr_breakout,2022-07-15,15.85,,,,,,45
2022-08-29,US.AAPL,SELL,55,158.423937503,-57.55,ATR_TRAIL,atr_breakout,2022-07-29,17.48,,,,,,31
2022-08-30,US.SCCO,SELL,159,38.938636148,-504.98,STOP_LOSS,atr_breakout,2022-08-26,12.88,,,,,,4
2022-09-01,US.GE,SELL,171,43.614825927,-7.46,ATR_TRAIL,atr_breakout,2022-07-26,14.92,,,,,,37
2022-09-01,US.ANET,SELL,252,28.8325,-7.27,ATR_TRAIL,atr_breakout,2022-07-28,14.53,,,,,,35
2022-09-01,US.URA,SELL,309,19.40427960695,-321.57,STOP_LOSS,atr_breakout,2022-08-29,12.31,,,,,,3
2022-09-07,US.PDD,SELL,32,66.04,-2.11,ATR_TRAIL,atr_breakout,2022-08-29,4.23,,,,,,9
2022-09-13,US.FTNT,SELL,138,51.87,-555.02,STOP_LOSS,atr_breakout,2022-09-12,14.86,,,,,,1
2022-09-16,US.CCJ,SELL,175,27.41339913805,-257.29,STOP_LOSS,atr_breakout,2022-08-29,9.85,,,,,,18
2022-09-19,US.CEG,SELL,97,83.336399394,-8.08,ATR_TRAIL,atr_breakout,2022-09-08,16.17,,,,,,11
2022-09-20,US.SBUX,SELL,105,82.916230713,-191.86,STRAT_EXIT,atr_breakout,2022-09-14,17.6,,,,,,6
2022-09-21,US.GILD,SELL,168,55.982663561,-564.43,STOP_LOSS,atr_breakout,2022-09-12,19.37,,,,,,9
2022-09-23,US.VRT,SELL,197,9.906707181,-131.41,STOP_LOSS,atr_breakout,2022-07-22,4.03,,,,,,63
2022-10-03,US.REGN,SELL,10,703.043265253,-7.03,ATR_TRAIL,atr_breakout,2022-09-08,14.06,,,,,,25
2022-10-07,US.ORLY,SELL,184,47.384666903,641.66,STRAT_EXIT,atr_breakout,2022-07-06,16.79,,,,,,93
2022-10-07,US.SLV,SELL,456,18.5,-282.04,STRAT_EXIT,atr_breakout,2022-10-03,17.15,,,,,,4
2022-10-07,US.VRTX,SELL,8,295.23,-19.96,STRAT_EXIT,atr_breakout,2022-10-03,4.74,,,,,,4
2022-10-07,US.PCAR,SELL,46,50.384778642,-87.7,STRAT_EXIT,atr_breakout,2022-10-05,4.72,,,,,,2
2022-10-11,US.FN,SELL,74,100.56,-509.9,STOP_LOSS,atr_breakout,2022-10-06,15.39,,,,,,5
2022-10-13,US.DXCM,SELL,23,95.21,-2.19,ATR_TRAIL,atr_breakout,2022-10-06,4.38,,,,,,7
2022-10-13,US.AMGN,SELL,45,218.303723834,-9.82,ATR_TRAIL,atr_breakout,2022-10-11,19.65,,,,,,2
2022-10-21,US.NFLX,SELL,168,27.238,-4.58,ATR_TRAIL,atr_breakout,2022-10-19,9.15,,,,,,2
2022-10-24,US.LMT,SELL,2,416.37296014,107.79,TAKE_PROFIT,boll_mr,2022-09-28,1.56,,,,,,26
2022-10-24,US.EMR,SELL,36,77.995499937,73.84,ACTIVE_REPLACEMENT,atr_breakout,2022-10-18,5.54,,US.ORLY,53.89,OBSERVATION_EVICT,,6
2022-10-31,US.TTWO,SELL,18,117.6955,-113.62,STOP_LOSS,atr_breakout,2022-10-20,4.35,,,,,,11
2022-11-02,US.NFLX,SELL,162,27.3,-272.86,STOP_LOSS,atr_breakout,2022-10-21,9.11,,,,,,12
2022-11-04,US.AMGN,SELL,37,232.428003228,-8.6,ATR_TRAIL,atr_breakout,2022-10-24,17.2,,,,,,11
2022-12-06,US.FANG,SELL,17,120.523602979,-34.58,ATR_TRAIL,atr_breakout,2022-10-06,4.13,,,,,,61
2022-12-29,US.PPA,SELL,99,76.735865516,594.48,STRAT_EXIT,atr_breakout,2022-10-21,14.59,,,,,,69
2023-01-03,US.CAT,SELL,44,226.0051016,2015.7,STRAT_EXIT,atr_breakout,2022-10-21,17.86,,,,,,74
2023-01-05,US.ORLY,SELL,158,55.619333611,684.62,STRAT_EXIT,atr_breakout,2022-10-24,16.88,,,,,,73
2023-01-06,US.ALGN,SELL,27,213.39849999999998,-309.01,STOP_LOSS,atr_breakout,2023-01-04,11.83,,,,,,2
2023-01-18,US.PDD,SELL,51,89.55,-304.45,STOP_LOSS,atr_breakout,2023-01-05,9.43,,,,,,13
2023-01-20,US.GLW,SELL,274,32.446367599,-8.89,ATR_TRAIL,atr_breakout,2023-01-06,17.78,,,,,,14
2023-01-25,US.GOOGL,SELL,89,94.383081711,-255.41,STRAT_EXIT,atr_breakout,2023-01-20,17.05,,,,,,5
2023-01-25,US.GOOG,SELL,84,95.884610463,-220.38,STRAT_EXIT,atr_breakout,2023-01-20,16.32,,,,,,5
2023-02-03,US.GDX,SELL,271,29.271739545,-164.91,ATR_TRAIL,atr_breakout,2023-01-04,16.02,,,,,,30
2023-02-03,US.STX,SELL,35,64.667289552,386.62,ACTIVE_REPLACEMENT,atr_breakout,2023-01-18,4.14,,US.REGN,54.03,OBSERVATION_EVICT,,16
2023-02-06,US.CCJ,SELL,232,27.108908692,-22.43,ATR_TRAIL,atr_breakout,2023-01-25,12.59,,,,,,12
2023-02-07,US.AI,SELL,131,24.53,-180.06,STOP_LOSS,atr_breakout,2023-02-03,6.6,,,,,,4
2023-02-08,US.REGN,SELL,10,743.518959201,-339.39,STRAT_EXIT,atr_breakout,2023-02-03,15.2,,,,,,5
2023-02-09,US.MSFT,SELL,24,256.322820983,-98.09,STRAT_EXIT,atr_breakout,2023-02-07,12.4,,,,,,2
2023-02-10,US.APP,SELL,240,15.29,-200.47,STOP_LOSS,atr_breakout,2023-02-09,7.54,,,,,,1
2023-02-10,US.TSLA,SELL,8,196.89,-85.02,STOP_LOSS,atr_breakout,2023-02-09,3.23,,,,,,1
2023-02-15,US.BKR,SELL,241,29.920217299,1523.87,STRAT_EXIT,atr_breakout,2022-10-19,12.89,,,,,,119
2023-02-15,US.GLD,SELL,12,170.89,-4.09,ATR_TRAIL,atr_breakout,2023-01-03,4.1,,,,,,43
2023-02-21,US.FTNT,SELL,111,59.64,-6.62,ATR_TRAIL,atr_breakout,2023-02-08,13.24,,,,,,13
2023-02-21,US.ADI,SELL,47,175.507368341,-461.12,STOP_LOSS,atr_breakout,2023-02-15,16.95,,,,,,6
2023-02-22,US.DXCM,SELL,59,111.65,-374.75,STOP_LOSS,atr_breakout,2023-02-10,13.54,,,,,,12
2023-02-24,US.KDP,SELL,60,32.410176432,-19.33,STRAT_EXIT,atr_breakout,2023-02-23,3.91,,,,,,1
2023-03-02,US.NVDA,SELL,220,22.4309580429,-264.66,STOP_LOSS,atr_breakout,2023-02-23,10.13,,,,,,7
2023-03-02,US.SMCI,SELL,480,9.607349999999999,-247.32,STOP_LOSS,atr_breakout,2023-02-27,9.47,,,,,,3
2023-03-09,US.LIN,SELL,6,329.213755202,-11.91,ATR_TRAIL,atr_breakout,2023-02-24,3.96,,,,,,13
2023-03-10,US.QQQ,SELL,2,282.375009801,-30.0,MA200_BREAK,core_etf,2023-02-06,1.16,,,,,,32
2023-03-13,US.BKNG,SELL,20,95.526424008,-110.75,STOP_LOSS,atr_breakout,2023-03-02,3.93,,,,,,11
2023-04-05,US.SCCO,SELL,132,62.207026664,2397.21,STRAT_EXIT,atr_breakout,2022-11-04,14.02,,,,,,152
2023-04-05,US.COPX,SELL,225,35.693874522,1391.84,STRAT_EXIT,atr_breakout,2022-11-04,14.66,,,,,,152
2023-04-06,US.RTX,SELL,8,91.608868963,15.76,STRAT_EXIT,boll_mr,2023-03-10,1.45,,,,,,27
2023-04-25,US.PANW,SELL,82,91.285,-219.87,ATR_TRAIL,atr_breakout,2023-02-22,15.18,,,,,,62
2023-04-26,US.AMGN,SELL,40,215.746786016,-535.17,STOP_LOSS,atr_breakout,2023-04-05,17.79,,,,,,21
2023-04-27,US.MSFT,SELL,23,287.913293671,-6.62,ATR_TRAIL,atr_breakout,2023-04-26,13.24,,,,,,1
2023-05-08,US.AVGO,SELL,147,60.355777549,2.72,STRAT_EXIT,atr_breakout,2023-03-03,17.73,,,,,,66
2023-05-10,US.ABNB,SELL,61,113.19,-766.96,STOP_LOSS,atr_breakout,2023-05-08,14.57,,,,,,2
2023-05-22,US.PEP,SELL,53,166.927933531,-154.37,ATR_TRAIL,atr_breakout,2023-04-25,17.84,,,,,,27
2023-05-23,US.RKLB,SELL,1160,4.52,-504.04,STOP_LOSS,atr_breakout,2023-05-22,10.99,,,,,,1
2023-05-24,US.PLTR,SELL,155,12.008,-99.82,STOP_LOSS,atr_breakout,2023-05-23,3.82,,,,,,1
2023-05-25,US.SNOW,SELL,37,147.91,-898.28,STOP_LOSS,atr_breakout,2023-05-10,11.84,,,,,,15
2023-05-25,US.FN,SELL,19,98.34,-1.87,ATR_TRAIL,atr_breakout,2023-05-23,3.74,,,,,,2
2023-05-26,US.GE,SELL,65,80.553319911,2424.4,STRAT_EXIT,atr_breakout,2022-10-18,8.04,,,,,,220
2023-05-31,US.NVDA,SELL,172,37.756530723,-31.55,ATR_TRAIL,atr_breakout,2023-05-25,13.01,,,,,,6
2023-06-01,US.TEAM,SELL,30,171.7505,-276.34,STOP_LOSS,atr_breakout,2023-05-31,10.58,,,,,,1
2023-06-22,US.GLD,SELL,47,177.71,-15.4,ATR_TRAIL,atr_breakout,2023-03-13,16.71,,,,,,101
2023-06-26,US.ASTS,SELL,681,6.4885,-236.98,STOP_LOSS,atr_breakout,2023-06-22,9.07,,,,,,4
2023-07-20,US.AMZN,SELL,49,129.96,-15.68,ATR_TRAIL,atr_breakout,2023-06-22,12.75,,,,,,28
2023-07-26,US.UFO,SELL,456,18.753732858499998,-458.64,STOP_LOSS,atr_breakout,2023-07-20,17.55,,,,,,6
2023-08-08,US.DDOG,SELL,60,86.0,-5.16,ATR_TRAIL,atr_breakout,2023-05-10,10.32,,,,,,90
2023-08-16,US.TTD,SELL,101,72.74,-59.87,ATR_TRAIL,atr_breakout,2023-06-01,14.75,,,,,,76
2023-08-18,US.PANW,SELL,61,102.155,-6.23,ATR_TRAIL,atr_breakout,2023-05-24,12.46,,,,,,86
2023-08-23,US.ROST,SELL,54,115.182745672,-6.22,ATR_TRAIL,atr_breakout,2023-08-18,12.44,,,,,,5
2023-08-25,US.FN,SELL,40,154.8405,-332.17,STOP_LOSS,atr_breakout,2023-08-23,12.71,,,,,,2
2023-08-29,US.INTU,SELL,12,509.173012083,-6.11,ATR_TRAIL,atr_breakout,2023-08-25,12.22,,,,,,4
2023-08-30,US.CPRT,SELL,207,45.07,2496.41,STRAT_EXIT,atr_breakout,2023-01-25,16.15,,,,,,217
2023-09-11,US.ISRG,SELL,28,302.35,2545.41,STRAT_EXIT,atr_breakout,2022-10-19,14.38,,,,,,327
2023-09-15,US.META,SELL,34,297.695775623,2071.1,STRAT_EXIT,atr_breakout,2023-04-27,18.16,,,,,,141
2023-09-18,US.INTU,SELL,15,524.82930969,-29.65,ATR_TRAIL,atr_breakout,2023-08-29,15.77,,,,,,20
2023-09-19,US.APP,SELL,52,39.73,-224.63,STOP_LOSS,atr_breakout,2023-09-18,4.35,,,,,,1
2023-09-21,US.ADP,SELL,37,223.591574045,-475.01,STOP_LOSS,atr_breakout,2023-07-26,17.01,,,,,,57
2023-09-21,US.CSCO,SELL,123,49.46455979,-164.63,ATR_TRAIL,atr_breakout,2023-08-17,12.33,,,,,,35
2023-09-21,US.TSLA,SELL,21,255.7,-380.85,STOP_LOSS,atr_breakout,2023-09-11,11.11,,,,,,10
2023-09-21,US.CCJ,SELL,54,38.0588400911,-110.22,STOP_LOSS,atr_breakout,2023-09-15,4.22,,,,,,6
2023-09-22,US.VRTX,SELL,21,349.53,-190.67,STRAT_EXIT,atr_breakout,2023-09-19,14.86,,,,,,3
2023-09-27,US.PAYX,SELL,8,100.8104107575,-43.25,STOP_LOSS,boll_mr,2023-09-18,1.66,,,,,,9
2023-09-27,US.XEL,SELL,173,51.90180197675,-481.56,STOP_LOSS,atr_breakout,2023-09-20,18.43,,,,,,7
2023-09-27,US.URA,SELL,399,23.29542974715,-498.5,STOP_LOSS,atr_breakout,2023-09-25,19.08,,,,,,2
2023-10-03,US.MNST,SELL,19,50.501999999999995,-51.46,STOP_LOSS,boll_mr,2023-09-28,1.97,,,,,,5
2023-10-03,US.GDX,SELL,38,24.809054319,-50.56,STOP_LOSS,boll_mr,2023-09-28,1.94,,,,,,5
2023-10-06,US.KDP,SELL,35,27.583462971,-51.78,STOP_LOSS,boll_mr,2023-09-28,1.98,,,,,,8
2023-10-10,US.FAST,SELL,79,26.128655735,-12.04,ACTIVE_REPLACEMENT,atr_breakout,2023-10-06,4.14,,US.SMCI,54.32,OBSERVATION_EVICT,,4
2023-10-10,US.PCAR,SELL,27,77.945069991,-19.32,ACTIVE_REPLACEMENT,atr_breakout,2023-10-06,4.23,,US.EA,52.88,OBSERVATION_EVICT,,4
2023-10-12,US.PDD,SELL,68,105.64,-7.18,ATR_TRAIL,atr_breakout,2023-10-06,14.37,,,,,,6
2023-10-12,US.SMCI,SELL,157,29.320999999,-273.07,STOP_LOSS,atr_breakout,2023-10-10,9.48,,,,,,2
2023-10-13,US.META,SELL,6,311.950596486,-6.27,ATR_TRAIL,atr_breakout,2023-10-06,3.75,,,,,,7
2023-10-18,US.FN,SELL,51,167.67,-20.28,ATR_TRAIL,atr_breakout,2023-09-28,17.11,,,,,,20
2023-10-18,US.VRTX,SELL,6,367.55,39.37,STRAT_EXIT,atr_breakout,2023-10-06,4.37,,,,,,12
2023-10-19,US.EA,SELL,71,126.393668749,-8.97,ATR_TRAIL,atr_breakout,2023-10-10,17.95,,,,,,9
2023-10-19,US.AVGO,SELL,106,84.164305618,-397.2,STRAT_EXIT,atr_breakout,2023-10-12,18.23,,,,,,7
2023-10-19,US.GLD,SELL,12,180.87,-2.17,ATR_TRAIL,atr_breakout,2023-10-18,4.34,,,,,,1
2023-10-20,US.CRWD,SELL,170,44.1725,-7.51,ATR_TRAIL,atr_breakout,2023-10-06,15.02,,,,,,14
2023-10-26,US.MSFT,SELL,21,320.989172302,-269.47,STRAT_EXIT,atr_breakout,2023-10-25,13.74,,,,,,1
2023-10-31,US.AMGN,SELL,36,235.084381064,-107.89,ATR_TRAIL,atr_breakout,2023-08-08,17.03,,,,,,84
2023-11-01,US.GLD,SELL,46,183.09,-8.42,ATR_TRAIL,atr_breakout,2023-10-19,16.84,,,,,,13
2023-11-01,US.ANET,SELL,43,50.0925,-2.15,ATR_TRAIL,atr_breakout,2023-10-31,4.31,,,,,,1
2023-11-06,US.CCJ,SELL,158,40.568924229,-22.12,ATR_TRAIL,atr_breakout,2023-10-31,12.84,,,,,,6
2023-11-08,US.QCOM,SELL,8,114.60795404279999,118.67,TAKE_PROFIT,boll_mr,2023-10-26,1.71,,,,,,13
2023-12-04,US.ANET,SELL,119,52.71,-6.27,ATR_TRAIL,atr_breakout,2023-11-01,12.54,,,,,,33
2023-12-04,US.CEG,SELL,73,116.4150993632,-455.78,STOP_LOSS,atr_breakout,2023-11-06,17.44,,,,,,28
2023-12-05,US.AMZN,SELL,53,146.88,515.86,STRAT_EXIT,atr_breakout,2023-11-01,15.05,,,,,,34
2023-12-05,US.LMT,SELL,5,417.456684192,-26.33,STRAT_EXIT,atr_breakout,2023-10-31,4.2,,,,,,35
2023-12-11,US.RTX,SELL,134,77.962145331,510.5,STRAT_EXIT,atr_breakout,2023-10-24,20.37,,,,,,48
2023-12-12,US.LIN,SELL,2,414.10168536669994,107.2,TAKE_PROFIT,boll_mr,2023-09-22,1.55,,,,,,81
2023-12-12,US.AVGO,SELL,90,99.818247715,-8.98,ATR_TRAIL,atr_breakout,2023-12-11,17.97,,,,,,1
2024-01-03,US.AVGO,SELL,85,103.135783195,-81.58,ATR_TRAIL,atr_breakout,2023-12-12,17.61,,,,,,22
2024-01-08,US.PPA,SELL,99,88.391686607,-8.75,ATR_TRAIL,atr_breakout,2023-12-04,17.5,,,,,,35
2024-01-17,US.IDXX,SELL,17,515.48,-27.97,ATR_TRAIL,atr_breakout,2023-12-04,17.55,,,,,,44
2024-01-24,US.DDOG,SELL,16,122.58,-57.16,ATR_TRAIL,atr_breakout,2024-01-17,3.98,,,,,,7
2024-01-31,US.TSM,SELL,84,109.375284209,-14.88,ATR_TRAIL,atr_breakout,2024-01-18,18.38,,,,,,13
2024-02-06,US.VRTX,SELL,4,416.13,-1.74,ATR_TRAIL,atr_breakout,2024-01-04,3.33,,,,,,33
2024-03-04,US.ADP,SELL,40,231.599638597,-9.26,ATR_TRAIL,atr_breakout,2024-01-31,18.53,,,,,,33
2024-03-07,US.COHR,SELL,92,63.5455,-313.54,STOP_LOSS,atr_breakout,2024-03-04,12.0,,,,,,3
2024-03-15,US.GLW,SELL,279,31.157078762,-241.32,STRAT_EXIT,atr_breakout,2024-03-04,17.62,,,,,,11
2024-04-11,US.REGN,SELL,7,910.043561353,-6.37,ATR_TRAIL,atr_breakout,2024-01-03,12.74,,,,,,99
2024-04-30,US.COST,SELL,11,715.155878086,1437.56,STRAT_EXIT,atr_breakout,2023-12-05,14.29,,,,,,147
2024-07-01,US.COPX,SELL,217,43.439820291,824.84,STRAT_EXIT,atr_breakout,2024-03-15,18.02,,,,,,108
2024-07-05,US.MELI,SELL,5,1658.96,1786.46,STRAT_EXIT,atr_breakout,2023-11-01,14.79,,,,,,247
2024-07-11,US.SCCO,SELL,96,101.853846895,1069.64,STRAT_EXIT,atr_breakout,2024-03-15,18.48,,,,,,118
2024-07-11,US.META,SELL,17,509.281285125,-468.14,STOP_LOSS,atr_breakout,2024-07-05,17.78,,,,,,6
2024-07-24,US.EMR,SELL,86,110.278445765,-15.3,ATR_TRAIL,atr_breakout,2024-07-11,18.97,,,,,,13
2024-07-31,US.EQIX,SELL,13,757.040894668,-103.99,STRAT_EXIT,atr_breakout,2024-07-11,19.78,,,,,,20
2024-08-02,US.TSLA,SELL,31,207.67,-74.33,ATR_TRAIL,atr_breakout,2024-07-01,12.94,,,,,,32
2024-09-03,US.GLW,SELL,215,39.539448873,1614.44,STRAT_EXIT,atr_breakout,2024-04-30,15.38,,,,,,126
2024-09-16,US.PEP,SELL,56,165.724444676,17.72,STRAT_EXIT,atr_breakout,2024-08-02,18.53,,,,,,45
2024-09-18,US.NFLX,SELL,172,69.047,4953.76,STRAT_EXIT,atr_breakout,2023-10-19,18.79,,,,,,335
2024-10-02,US.KDP,SELL,285,34.97794794,-9.97,ATR_TRAIL,atr_breakout,2024-09-03,19.94,,,,,,29
2024-10-07,US.MNST,SELL,191,49.24,-603.41,STOP_LOSS,atr_breakout,2024-09-18,19.4,,,,,,19
2024-10-15,US.CIEN,SELL,151,65.87,-32.6,ATR_TRAIL,atr_breakout,2024-10-02,19.92,,,,,,13
2024-10-15,US.FANG,SELL,52,171.964327096,-990.35,STOP_LOSS,atr_breakout,2024-10-07,18.87,,,,,,8
2024-10-23,US.TMUS,SELL,21,210.765630887,-4.43,ATR_TRAIL,atr_breakout,2024-10-15,8.85,,,,,,8
2024-10-23,US.AAPL,SELL,18,229.043017528,-59.33,STRAT_EXIT,atr_breakout,2024-10-15,8.3,,,,,,8
2024-10-31,US.MRVL,SELL,126,79.065878432,-9.96,ATR_TRAIL,atr_breakout,2024-10-15,19.92,,,,,,16
2024-11-19,US.TMUS,SELL,44,226.468898876,-25.35,ATR_TRAIL,atr_breakout,2024-10-24,19.94,,,,,,26
2024-11-25,US.VRT,SELL,71,131.747102487,-640.61,STOP_LOSS,atr_breakout,2024-11-19,19.34,,,,,,6
2024-12-09,US.LMT,SELL,19,488.778332246,-9.29,ATR_TRAIL,atr_breakout,2024-07-24,18.57,,,,,,138
2024-12-19,US.EQIX,SELL,10,891.615264759,-519.56,STOP_LOSS,atr_breakout,2024-11-25,18.34,,,,,,24
2024-12-20,US.AAPL,SELL,40,245.183499235,-9.81,ATR_TRAIL,atr_breakout,2024-12-09,19.61,,,,,,11
2024-12-24,US.ONDS,SELL,1894,1.8524999999999998,-188.17,STOP_LOSS,atr_breakout,2024-12-23,7.2,,,,,,1
2025-01-02,US.TSM,SELL,21,193.41507875489998,-217.84,STOP_LOSS,atr_breakout,2024-12-23,8.34,,,,,,10
2025-01-02,US.AAPL,SELL,38,242.301909984,-551.05,STOP_LOSS,atr_breakout,2024-12-24,18.96,,,,,,9
2025-01-03,US.RGTI,SELL,206,19.0,-209.91,STOP_LOSS,atr_breakout,2025-01-02,8.03,,,,,,1
2025-01-10,US.UFO,SELL,183,22.696732916,-247.73,STOP_LOSS,atr_breakout,2025-01-03,8.55,,,,,,7
2025-01-13,US.BKNG,SELL,54,184.477534083,-9.96,ATR_TRAIL,atr_breakout,2024-10-31,19.92,,,,,,74
2025-01-27,US.GEHC,SELL,74,88.80221988829999,850.56,TAKE_PROFIT,boll_mr,2024-12-19,12.29,,,,,,39
2025-01-27,US.KLAC,SELL,146,68.269019492,-9.97,ATR_TRAIL,atr_breakout,2025-01-06,19.93,,,,,,21
2025-01-27,US.BKR,SELL,229,42.336682846,-294.65,ATR_TRAIL,atr_breakout,2025-01-13,19.68,,,,,,14
2025-01-29,US.AEP,SELL,102,92.80205565624999,-507.67,STOP_LOSS,atr_breakout,2025-01-27,19.43,,,,,,2
2025-01-31,US.TTWO,SELL,28,185.51,680.81,STRAT_EXIT,atr_breakout,2024-10-23,9.7,,,,,,100
2025-03-06,US.QQQ,SELL,3,484.59229671,384.87,MA200_BREAK,core_etf,2023-08-16,2.52,,,,,,568
2025-03-06,US.SBUX,SELL,95,102.039921429,-241.66,ATR_TRAIL,atr_breakout,2025-01-29,19.62,,,,,,36
2025-03-12,US.EA,SELL,73,135.410755723,-58.54,ATR_TRAIL,atr_breakout,2025-03-06,19.82,,,,,,6
2025-04-07,US.GLD,SELL,36,273.71,-60.97,ATR_TRAIL,atr_breakout,2025-03-13,19.76,,,,,,25
2025-04-08,US.AMGN,SELL,37,269.698352854,-25.02,ATR_TRAIL,atr_breakout,2025-01-27,19.97,,,,,,71
2025-04-22,US.ORLY,SELL,116,92.902667131,847.7,STRAT_EXIT,atr_breakout,2025-01-27,20.69,,,,,,85
2025-04-24,US.CMCSA,SELL,60,28.1535175067,-90.6,STOP_LOSS,boll_mr,2025-04-07,3.47,,,,,,17
2025-05-06,US.PLTR,SELL,48,107.14099999999999,-275.81,STOP_LOSS,atr_breakout,2025-04-25,10.56,,,,,,11
2025-05-28,US.CDNS,SELL,34,288.61,-44.49,ATR_TRAIL,atr_breakout,2025-04-25,19.66,,,,,,33
2025-06-09,US.APP,SELL,11,383.6,-77.48,ATR_TRAIL,atr_breakout,2025-05-28,8.51,,,,,,12
2025-08-07,US.CRWD,SELL,90,106.22,-9.56,ATR_TRAIL,atr_breakout,2025-04-25,19.12,,,,,,104
2025-08-14,US.APP,SELL,22,433.34,-97.53,ATR_TRAIL,atr_breakout,2025-08-07,19.15,,,,,,7
2025-08-15,US.KLAC,SELL,44,86.933702423,-355.63,STOP_LOSS,atr_breakout,2025-08-14,8.0,,,,,,1
2025-08-25,US.LIN,SELL,9,471.503099296,-2.29,STRAT_EXIT,atr_breakout,2025-08-14,8.49,,,,,,11
2025-08-26,US.TSEM,SELL,173,57.57,-9.96,ATR_TRAIL,atr_breakout,2025-08-25,19.92,,,,,,1
2025-09-03,US.UFO,SELL,304,32.851623765,-19.29,ATR_TRAIL,atr_breakout,2025-08-26,19.98,,,,,,8
2025-09-08,US.PEP,SELL,29,137.43985385814997,-213.76,STOP_LOSS,atr_breakout,2025-08-15,8.18,,,,,,24
2025-09-29,US.NVDA,SELL,181,181.618355833,23399.04,STRAT_EXIT,atr_breakout,2024-01-08,42.31,,,,,,630
2025-09-29,US.DLR,SELL,64,166.507681065,769.36,STRAT_EXIT,atr_breakout,2025-04-25,20.53,,,,,,157
2025-10-02,US.APP,SELL,14,676.742,-508.13,STOP_LOSS,atr_breakout,2025-09-29,19.45,,,,,,3
2025-10-08,US.ASML,SELL,9,973.5047387812,-469.9,STOP_LOSS,atr_breakout,2025-10-02,17.98,,,,,,6
2025-10-21,US.COPX,SELL,173,57.676645214,-9.98,ATR_TRAIL,atr_breakout,2025-09-29,19.96,,,,,,22
2025-10-22,US.GLD,SELL,26,372.3,-9.68,ATR_TRAIL,atr_breakout,2025-10-08,19.36,,,,,,14
2025-10-23,US.ISRG,SELL,18,527.03,-9.49,ATR_TRAIL,atr_breakout,2025-10-22,18.97,,,,,,1
2025-10-31,US.ADP,SELL,38,253.84037527916115,123.66,ATR_TRAIL,atr_breakout,2024-07-31,19.16,,,,,,457
2025-11-03,US.HON,SELL,44,212.1789083711,-500.7,STOP_LOSS,atr_breakout,2025-10-23,19.16,,,,,,11
2025-11-06,US.AMZN,SELL,40,243.04,-56.92,ATR_TRAIL,atr_breakout,2025-10-31,19.49,,,,,,6
2025-11-07,US.DDOG,SELL,52,181.279,-505.56,STOP_LOSS,atr_breakout,2025-11-06,19.35,,,,,,1
2025-11-13,US.JEPI,SELL,184,53.810059405,-64.18,STRAT_EXIT,atr_breakout,2025-10-21,19.86,,,,,,23
2025-11-13,US.SNDK,SELL,27,239.48,-6.47,ATR_TRAIL,atr_breakout,2025-11-07,12.93,,,,,,6
2025-11-17,US.IDXX,SELL,13,669.0,-709.92,STOP_LOSS,atr_breakout,2025-11-03,18.1,,,,,,14
2025-11-20,US.GILD,SELL,40,122.662546336,-125.81,STRAT_EXIT,atr_breakout,2025-11-19,9.93,,,,,,1
2025-12-04,US.AEP,SELL,45,115.77119274614999,-279.4,STOP_LOSS,atr_breakout,2025-11-17,10.69,,,,,,17
2025-12-09,US.REGN,SELL,7,690.716249212,-15.58,ATR_TRAIL,atr_breakout,2025-11-13,9.68,,,,,,26
2025-12-12,US.SLV,SELL,181,55.17,-9.99,ATR_TRAIL,atr_breakout,2025-12-09,19.97,,,,,,3
2025-12-16,US.CSCO,SELL,130,76.553320829,-9.95,ATR_TRAIL,atr_breakout,2025-11-13,19.9,,,,,,33
2025-12-22,US.ADP,SELL,38,255.671736795,-247.61,STRAT_EXIT,atr_breakout,2025-12-12,19.67,,,,,,10
2025-12-23,US.RKLB,SELL,96,73.6725,-379.31,STOP_LOSS,atr_breakout,2025-12-22,14.52,,,,,,1
2025-12-29,US.SLV,SELL,154,64.84,-9.99,ATR_TRAIL,atr_breakout,2025-12-23,19.97,,,,,,6
2026-03-20,US.QQQ,SELL,5,580.688654416,-106.77,MA200_BREAK,core_etf,2025-11-17,5.91,,,,,,123
2026-04-13,US.ROST,SELL,57,220.517659843,2701.79,STRAT_EXIT,atr_breakout,2025-11-21,22.42,,,,,,143
2026-04-14,US.SNDK,SELL,8,904.875,-388.24,STOP_LOSS,atr_breakout,2026-04-13,14.86,,,,,,1
2026-04-29,US.CMCSA,SELL,372,26.400293257,-176.02,ATR_TRAIL,atr_breakout,2025-12-16,19.81,,,,,,134
2026-05-07,US.NXPI,SELL,34,288.272139177,-9.8,ATR_TRAIL,atr_breakout,2026-04-29,19.6,,,,,,8
2026-05-08,US.PANW,SELL,50,196.53,-9.83,ATR_TRAIL,atr_breakout,2026-05-07,19.65,,,,,,1
2026-05-12,US.AMD,SELL,21,432.4305,-487.03,STOP_LOSS,atr_breakout,2026-05-08,18.64,,,,,,4
2026-05-13,US.QUBT,SELL,515,11.03,-391.93,STOP_LOSS,atr_breakout,2026-05-12,11.75,,,,,,1
2026-05-15,US.COPX,SELL,110,82.768754995,-855.43,STOP_LOSS,atr_breakout,2026-05-12,19.06,,,,,,3
2026-05-18,US.CRWD,SELL,67,148.52,-9.95,ATR_TRAIL,atr_breakout,2026-05-15,19.9,,,,,,3
2026-05-27,US.ZS,SELL,57,126.41,-2759.17,STOP_LOSS,atr_breakout,2026-05-18,17.16,,,,,,9
2026-05-28,US.RKLB,SELL,33,142.71849999999998,-252.59,STOP_LOSS,atr_breakout,2026-05-27,9.67,,,,,,1
2026-06-03,US.APP,SELL,15,567.83,-8.52,ATR_TRAIL,atr_breakout,2026-05-27,17.03,,,,,,7
2026-06-05,US.SNOW,SELL,39,238.26,-45.95,ATR_TRAIL,atr_breakout,2026-05-28,18.62,,,,,,8
2026-06-11,US.ROK,SELL,24,457.59,1214.55,STRAT_EXIT,atr_breakout,2026-04-13,20.74,,,,,,59
2026-06-18,US.LMT,SELL,18,510.95,-688.34,STOP_LOSS,atr_breakout,2026-06-11,19.07,,,,,,7
2026-06-23,US.TMUS,SELL,11,184.57,69.14,STRAT_EXIT,boll_mr,2026-06-05,3.99,,,,,,18
2026-06-23,US.KDP,SELL,319,29.6944876908,-508.03,STOP_LOSS,atr_breakout,2026-06-09,19.44,,,,,,14
2026-06-23,US.TSM,SELL,21,436.39,-549.49,STOP_LOSS,atr_breakout,2026-06-18,18.87,,,,,,5
2026-07-01,US.AEP,SELL,74,135.05,86.95,STRAT_EXIT,atr_breakout,2026-06-23,19.89,,,,,,8
